# Blender 4.4.0
# www.blender.org
mtllib miku_lod2.mtl
o body
v 0.006583 0.013033 -0.000590
v 0.006603 0.013012 -0.000632
v 0.006692 0.013022 -0.000590
v 0.006656 0.013015 -0.000620
v 0.006604 0.013008 -0.000558
v 0.006656 0.013015 -0.000561
v 0.000972 0.013312 -0.000452
v 0.000987 0.013305 -0.000599
v 0.000975 0.013248 -0.000337
v 0.001010 0.013072 -0.000188
v 0.000580 0.013339 -0.000606
v 0.000782 0.013086 -0.000089
v 0.001089 0.012880 -0.000094
v 0.001115 0.012751 -0.000190
v 0.000989 0.012691 -0.000052
v 0.001073 0.012590 -0.000343
v 0.001027 0.012579 -0.000428
v 0.000982 0.012479 -0.000382
v 0.000995 0.012528 -0.000104
v 0.000961 0.012232 -0.000255
v 0.000932 0.012349 0.000022
v 0.000754 0.012565 0.000198
v 0.000850 0.012691 0.000054
v 0.000575 0.012637 0.000285
v 0.000371 0.012641 0.000334
v 0.000496 0.013150 -0.000001
v -0.000014 0.012614 0.000341
v 0.000295 0.013206 -0.000098
v -0.000015 0.013114 0.000062
v -0.000374 0.012639 0.000338
v -0.000001 0.013146 -0.000018
v -0.000612 0.012633 0.000286
v -0.000819 0.013082 -0.000088
v -0.000789 0.012558 0.000197
v -0.000885 0.012685 0.000056
v -0.000535 0.013147 -0.000001
v -0.000338 0.013203 -0.000098
v -0.000015 0.013374 -0.000145
v -0.000221 0.013417 -0.000235
v -0.000473 0.013329 -0.000356
v -0.001012 0.013306 -0.000450
v -0.000695 0.013326 -0.000609
v -0.000506 0.013355 -0.000582
v -0.001027 0.013296 -0.000598
v -0.001019 0.013217 -0.000298
v -0.001067 0.013016 -0.000149
v -0.001135 0.012852 -0.000092
v -0.001150 0.012749 -0.000185
v -0.001025 0.012686 -0.000050
v -0.001110 0.012584 -0.000340
v -0.001062 0.012572 -0.000426
v -0.001017 0.012473 -0.000380
v -0.001029 0.012522 -0.000102
v -0.000992 0.012226 -0.000253
v -0.000966 0.012344 0.000024
v 0.000983 0.012481 -0.000384
v 0.000976 0.012233 -0.000259
v 0.000837 0.012153 -0.000573
v 0.001031 0.012583 -0.000513
v 0.000811 0.012669 -0.000874
v 0.000427 0.012141 -0.000859
v 0.000975 0.012542 -0.000711
v 0.001027 0.012579 -0.000428
v 0.001075 0.012617 -0.000679
v 0.000194 0.012175 -0.000927
v -0.000040 0.012204 -0.000930
v 0.001066 0.012706 -0.000773
v 0.000686 0.012810 -0.000942
v 0.000184 0.012551 -0.000989
v 0.000773 0.013025 -0.000912
v 0.001039 0.013121 -0.000831
v 0.001011 0.013233 -0.000735
v 0.000987 0.013301 -0.000599
v 0.000605 0.013339 -0.000606
v 0.000467 0.013303 -0.000770
v 0.000471 0.013360 -0.000585
v 0.000349 0.013265 -0.000843
v -0.000305 0.012653 -0.001003
v -0.000435 0.012142 -0.000867
v -0.000742 0.012133 -0.000699
v -0.000964 0.012180 -0.000423
v -0.000989 0.012228 -0.000253
v -0.000992 0.012537 -0.000731
v -0.001066 0.012577 -0.000511
v -0.001070 0.012569 -0.000429
v -0.001111 0.012610 -0.000677
v -0.000797 0.012726 -0.000913
v -0.001101 0.012696 -0.000761
v 0.000232 0.012959 -0.000988
v -0.000251 0.013022 -0.000975
v 0.000271 0.013487 -0.000508
v 0.000204 0.013520 -0.000623
v 0.000007 0.013494 -0.000763
v 0.000212 0.013769 -0.000503
v 0.000168 0.013966 -0.000593
v 0.000231 0.013960 -0.000492
v -0.000029 0.013987 -0.000694
v -0.000098 0.013504 -0.000737
v -0.000213 0.013965 -0.000592
v -0.000276 0.013959 -0.000492
v -0.000255 0.013772 -0.000503
v -0.000248 0.013513 -0.000623
v -0.000313 0.013488 -0.000508
v -0.000508 0.013360 -0.000583
v -0.000442 0.013246 -0.000844
v -0.000530 0.013294 -0.000775
v -0.000673 0.013331 -0.000608
v -0.000864 0.012995 -0.000910
v -0.001083 0.013089 -0.000844
v -0.001051 0.013228 -0.000733
v -0.001027 0.013296 -0.000598
v 0.000814 0.010757 -0.000044
v 0.000796 0.011136 -0.000017
v 0.000820 0.010576 0.000092
v 0.000701 0.011091 0.000260
v 0.000584 0.010741 0.000375
v 0.000940 0.010427 -0.000104
v 0.000387 0.011005 0.000573
v 0.000626 0.010221 0.000430
v 0.000328 0.010732 0.000550
v 0.001135 0.010046 -0.000125
v 0.000252 0.010968 0.000602
v 0.001114 0.009964 0.000078
v 0.000256 0.010190 0.000633
v 0.001264 0.009553 -0.000130
v 0.001215 0.009237 0.000098
v 0.001326 0.009056 -0.000087
v 0.001012 0.009943 0.000230
v 0.001050 0.009311 0.000245
v 0.000923 0.008376 0.000285
v 0.000815 0.009862 0.000384
v 0.000551 0.009934 0.000479
v 0.000202 0.009435 0.000448
v 0.000854 0.009216 0.000354
v 0.000674 0.009402 0.000408
v 0.000484 0.009115 0.000371
v 0.000343 0.009173 0.000353
v 0.000515 0.008922 0.000352
v 0.000227 0.008976 0.000216
v 0.000287 0.008720 0.000184
v 0.000703 0.008314 0.000368
v 0.001210 0.007870 -0.000062
v 0.000992 0.006987 0.000108
v 0.000819 0.006988 0.000236
v 0.001120 0.006988 -0.000068
v 0.000644 0.006994 0.000285
v 0.000468 0.006997 0.000258
v 0.000304 0.006998 0.000151
v 0.000202 0.007008 -0.000080
v 0.000155 0.007820 -0.000057
v 0.000156 0.008637 -0.000040
v 0.000145 0.008775 -0.000061
v 0.000127 0.008831 -0.000086
v 0.000027 0.008806 -0.000125
v -0.000022 0.008821 -0.000134
v -0.000053 0.008962 0.000257
v -0.000028 0.009262 0.000426
v -0.000295 0.009701 0.000500
v -0.000224 0.008958 0.000189
v -0.000139 0.008831 -0.000087
v -0.000157 0.008774 -0.000061
v -0.000297 0.008719 0.000184
v -0.000173 0.008633 -0.000042
v -0.000334 0.009071 0.000302
v -0.000481 0.009382 0.000416
v -0.000656 0.009238 0.000408
v -0.000567 0.009951 0.000482
v -0.000835 0.009858 0.000385
v -0.000528 0.008920 0.000353
v -0.000868 0.009211 0.000356
v -0.001067 0.009293 0.000245
v -0.001031 0.009936 0.000232
v -0.001235 0.009262 0.000092
v -0.001129 0.009976 0.000075
v -0.001276 0.009575 -0.000128
v -0.001343 0.009055 -0.000085
v -0.001174 0.009973 -0.000124
v -0.001005 0.010349 -0.000109
v -0.000843 0.010569 0.000095
v -0.000648 0.010217 0.000430
v -0.000840 0.010734 -0.000045
v -0.000606 0.010735 0.000376
v -0.000822 0.011131 -0.000015
v -0.000720 0.011084 0.000271
v -0.000413 0.011002 0.000573
v -0.000283 0.010287 0.000627
v -0.000305 0.010721 0.000571
v -0.000276 0.010966 0.000603
v -0.000184 0.010049 0.000610
v -0.000016 0.010475 0.000585
v 0.000061 0.010653 0.000585
v 0.000144 0.011003 0.000613
v -0.000014 0.011019 0.000598
v -0.000034 0.010666 0.000575
v -0.000168 0.011002 0.000615
v -0.000011 0.010602 0.000553
v 0.001144 0.012651 -0.000448
v 0.001032 0.012570 -0.000429
v 0.001119 0.012767 -0.000169
v 0.001102 0.012851 -0.000094
v 0.001395 0.012713 -0.000339
v 0.001035 0.013013 -0.000139
v 0.000978 0.013217 -0.000305
v 0.001440 0.012955 -0.000210
v 0.001401 0.012825 -0.000235
v 0.002964 0.012725 -0.000470
v 0.000972 0.013317 -0.000457
v 0.001429 0.013185 -0.000331
v 0.000986 0.013295 -0.000594
v 0.001011 0.013226 -0.000735
v 0.001045 0.013077 -0.000842
v 0.003139 0.012717 -0.000443
v 0.003344 0.012726 -0.000353
v 0.003417 0.012893 -0.000212
v 0.003232 0.013121 -0.000300
v 0.003461 0.012790 -0.000257
v 0.003311 0.012697 -0.000468
v 0.004320 0.012744 -0.000469
v 0.005256 0.012830 -0.000266
v 0.005255 0.012807 -0.000442
v 0.005248 0.012943 -0.000231
v 0.005251 0.013041 -0.000311
v 0.003469 0.013015 -0.000228
v 0.005257 0.013076 -0.000468
v 0.003310 0.013185 -0.000410
v 0.003446 0.013192 -0.000520
v 0.005246 0.012949 -0.000679
v 0.003370 0.013132 -0.000658
v 0.005253 0.012846 -0.000617
v 0.003388 0.012797 -0.000663
v 0.005255 0.012814 -0.000441
v 0.004287 0.012742 -0.000469
v 0.003326 0.012689 -0.000475
v 0.003572 0.012705 -0.000466
v 0.003139 0.012717 -0.000443
v 0.002959 0.012712 -0.000472
v 0.003127 0.013001 -0.000751
v 0.001393 0.012718 -0.000593
v 0.001871 0.012704 -0.000459
v 0.001164 0.012656 -0.000450
v 0.001023 0.012589 -0.000512
v 0.001027 0.012579 -0.000428
v 0.001066 0.012693 -0.000759
v 0.001416 0.012830 -0.000738
v 0.002159 0.012815 -0.000630
v 0.001699 0.012975 -0.000736
v 0.002649 0.012977 -0.000703
v 0.003563 0.013044 -0.000700
v 0.002612 0.013176 -0.000536
v 0.002221 0.013101 -0.000668
v 0.005258 0.012815 -0.000255
v 0.005366 0.012823 -0.000233
v 0.005250 0.012964 -0.000254
v 0.005445 0.012972 -0.000159
v 0.005456 0.012800 -0.000183
v 0.005359 0.013061 -0.000331
v 0.005255 0.013077 -0.000410
v 0.005367 0.013057 -0.000527
v 0.005245 0.012957 -0.000682
v 0.005393 0.012954 -0.000695
v 0.005533 0.012996 -0.000726
v 0.005409 0.012871 -0.000663
v 0.005253 0.012838 -0.000620
v 0.005421 0.012848 -0.000411
v 0.005257 0.012813 -0.000268
v 0.005349 0.012821 -0.000247
v 0.005464 0.012787 -0.000173
v 0.005508 0.012768 -0.000274
v 0.005670 0.012740 -0.000122
v 0.005725 0.012737 -0.000148
v 0.005858 0.012698 -0.000091
v 0.005758 0.012788 -0.000191
v 0.005958 0.012666 -0.000059
v 0.006065 0.012677 -0.000065
v 0.005629 0.012881 -0.000469
v 0.005522 0.012852 -0.000730
v 0.005674 0.012847 -0.000678
v 0.005559 0.012938 -0.000759
v 0.005906 0.012882 -0.000700
v 0.005838 0.012860 -0.000227
v 0.005942 0.012784 -0.000128
v 0.005809 0.012823 -0.000168
v 0.005782 0.012859 -0.000171
v 0.005836 0.012910 -0.000178
v 0.006011 0.012762 -0.000085
v 0.006048 0.012645 -0.000024
v 0.006123 0.012682 0.000036
v 0.006124 0.012714 -0.000025
v 0.006592 0.013032 -0.000252
v 0.006612 0.013011 -0.000294
v 0.006701 0.013019 -0.000252
v 0.006665 0.013015 -0.000281
v 0.006613 0.013009 -0.000217
v 0.006665 0.013015 -0.000222
v 0.006038 0.012758 0.000011
v 0.006079 0.012744 0.000016
v 0.006022 0.012674 0.000003
v 0.006119 0.012718 0.000044
v 0.006043 0.012664 0.000001
v 0.006117 0.012675 0.000032
v 0.006636 0.013030 -0.000425
v 0.006656 0.013010 -0.000468
v 0.006744 0.013024 -0.000429
v 0.006709 0.013014 -0.000455
v 0.006657 0.013008 -0.000392
v 0.006721 0.013024 -0.000391
v 0.006394 0.012994 -0.000743
v 0.006412 0.012974 -0.000783
v 0.006502 0.012984 -0.000747
v 0.006465 0.012977 -0.000774
v 0.006417 0.012971 -0.000711
v 0.006468 0.012977 -0.000718
v 0.000649 0.000240 -0.000766
v 0.000795 0.000240 -0.000716
v 0.000649 0.000319 -0.000802
v 0.000896 0.000240 -0.000503
v 0.000645 0.000673 -0.000858
v 0.000761 0.000672 -0.000816
v 0.000882 0.000588 -0.000681
v 0.000645 0.000814 -0.000795
v 0.000875 0.000237 -0.000365
v 0.000761 0.000799 -0.000742
v 0.000946 0.000617 -0.000459
v 0.000875 0.000976 -0.000517
v 0.000902 0.000229 -0.000200
v 0.000954 0.000121 0.000076
v 0.001025 0.000060 0.000371
v 0.000993 -0.000005 0.000313
v 0.000988 -0.000029 0.000569
v 0.000893 -0.000024 0.000839
v 0.000771 -0.000021 0.000971
v 0.000585 -0.000024 0.001001
v 0.000469 -0.000023 0.000927
v 0.000453 0.000110 0.000931
v 0.000325 -0.000032 0.000587
v 0.000326 -0.000008 0.000316
v 0.000374 0.000128 0.000062
v 0.000422 0.000230 -0.000203
v 0.000451 0.000235 -0.000367
v 0.000419 0.000551 -0.000682
v 0.000376 0.000587 -0.000128
v 0.000432 0.000236 -0.000485
v 0.000518 0.000239 -0.000714
v 0.000648 0.000240 -0.000765
v 0.000541 0.000625 -0.000835
v 0.000648 0.000634 -0.000858
v 0.000517 0.000805 -0.000747
v 0.000643 0.000799 -0.000800
v 0.000641 0.001300 -0.000786
v 0.000497 0.001299 -0.000726
v 0.000458 0.001292 -0.000302
v 0.000411 0.000822 -0.000533
v 0.000414 0.001018 -0.000423
v 0.000485 0.000957 -0.000189
v 0.000624 0.001021 -0.000119
v 0.000613 0.001309 -0.000200
v 0.000299 0.000208 0.000366
v 0.000375 0.000443 0.000423
v 0.000343 0.000136 0.000719
v 0.000388 0.000352 0.000704
v 0.000613 0.000284 0.001014
v 0.000809 0.000271 0.000926
v 0.000977 0.000208 0.000678
v 0.000735 0.000245 0.000987
v 0.000975 0.000469 0.000255
v 0.000945 0.000540 -0.000170
v 0.000871 0.000957 -0.000235
v 0.000753 0.001300 -0.000734
v 0.000642 0.001300 -0.000789
v 0.000865 0.001296 -0.000430
v 0.000789 0.001299 -0.000259
v 0.000764 0.001019 -0.000147
v 0.000575 0.000526 0.000444
v 0.000890 0.000505 0.000417
v 0.000505 0.000306 0.000930
v 0.000473 -0.000020 0.000932
v 0.000599 -0.000024 0.001006
v 0.000376 -0.000028 0.000760
v 0.000719 -0.000022 0.000988
v 0.000929 -0.000027 0.000759
v 0.000326 -0.000029 0.000543
v 0.000804 -0.000021 0.000945
v 0.000872 -0.000023 0.000864
v 0.000326 -0.000007 0.000314
v 0.000992 -0.000027 0.000543
v 0.000997 -0.000007 0.000319
v 0.000409 0.000214 -0.000132
v 0.000908 0.000226 -0.000157
v 0.000456 0.000237 -0.000358
v 0.000870 0.000238 -0.000359
v 0.000201 0.007007 -0.000079
v 0.000280 0.007002 0.000115
v 0.000391 0.007001 0.000224
v 0.000229 0.005425 -0.000095
v 0.000608 0.006996 0.000289
v 0.000324 0.005151 0.000112
v 0.000247 0.005172 -0.000121
v 0.000778 0.006993 0.000254
v 0.000986 0.006991 0.000122
v 0.000597 0.005906 0.000252
v 0.001114 0.006991 -0.000075
v 0.000878 0.005913 0.000123
v 0.000943 0.005408 -0.000084
v 0.000775 0.005098 0.000095
v 0.000563 0.005035 0.000173
v 0.000504 0.004810 0.000084
v 0.000289 0.004556 -0.000295
v 0.000351 0.004596 -0.000135
v 0.000295 0.004087 -0.000333
v 0.000458 0.004525 -0.000068
v 0.000635 0.004675 -0.000017
v 0.000456 0.001293 -0.000376
v 0.000742 0.004587 -0.000088
v 0.000893 0.005116 -0.000124
v 0.000912 0.004504 -0.000281
v 0.000972 0.004117 -0.000314
v 0.000994 0.003777 -0.000327
v 0.000671 0.003679 -0.000118
v 0.000967 0.002993 -0.000352
v 0.000863 0.001294 -0.000356
v 0.000674 0.001310 -0.000216
v 0.000526 0.001297 -0.000255
v 0.001117 0.006997 -0.000072
v 0.001169 0.006997 -0.000272
v 0.001130 0.007010 -0.000484
v 0.001011 0.007027 -0.000671
v 0.000944 0.005427 -0.000085
v 0.000840 0.007043 -0.000809
v 0.000935 0.005077 -0.000288
v 0.000640 0.007055 -0.000872
v 0.000906 0.005305 -0.000500
v 0.000443 0.007050 -0.000836
v 0.000903 0.005125 -0.000118
v 0.000284 0.007035 -0.000707
v 0.000190 0.007015 -0.000506
v 0.000639 0.005352 -0.000733
v 0.000166 0.007000 -0.000278
v 0.000200 0.007008 -0.000079
v 0.000418 0.005138 -0.000704
v 0.000299 0.005129 -0.000606
v 0.000220 0.005431 -0.000094
v 0.000250 0.004997 -0.000465
v 0.000253 0.005174 -0.000122
v 0.000267 0.004676 -0.000264
v 0.000284 0.004401 -0.000310
v 0.000238 0.004184 -0.000616
v 0.000294 0.004063 -0.000334
v 0.000294 0.004168 -0.000850
v 0.000844 0.004856 -0.000631
v 0.000931 0.004755 -0.000434
v 0.000636 0.004852 -0.000782
v 0.000458 0.001294 -0.000380
v 0.000475 0.001298 -0.000662
v 0.000393 0.002798 -0.000695
v 0.000603 0.001300 -0.000786
v 0.000756 0.001300 -0.000730
v 0.000418 0.004087 -0.000984
v 0.000608 0.003963 -0.001052
v 0.000781 0.004039 -0.000968
v 0.000868 0.001298 -0.000520
v 0.000922 0.004112 -0.000824
v 0.001049 0.004010 -0.000640
v 0.000858 0.001296 -0.000364
v 0.001084 0.003797 -0.000477
v 0.000967 0.002893 -0.000347
v 0.000986 0.003979 -0.000323
v 0.000908 0.004564 -0.000271
v 0.000456 0.000237 -0.000358
v 0.000484 -0.000023 -0.000357
v 0.000871 0.000238 -0.000358
v 0.000837 -0.000023 -0.000356
v 0.000863 -0.000024 -0.000490
v 0.000872 0.000238 -0.000360
v 0.000906 0.000240 -0.000485
v 0.000804 0.000240 -0.000710
v 0.000739 -0.000023 -0.000753
v 0.000519 0.000239 -0.000739
v 0.000520 -0.000024 -0.000716
v 0.000423 0.000239 -0.000478
v 0.000455 0.000236 -0.000358
v 0.000193 0.007006 -0.000075
v 0.000165 0.006998 -0.000279
v 0.000186 0.007012 -0.000505
v 0.000278 0.007029 -0.000703
v 0.000115 0.008707 -0.000299
v 0.000158 0.007879 -0.000059
v 0.000437 0.007041 -0.000842
v 0.000635 0.007045 -0.000875
v 0.000177 0.008473 -0.000546
v 0.000840 0.007031 -0.000814
v 0.000163 0.008635 -0.000042
v 0.000257 0.008541 -0.000824
v 0.001011 0.007015 -0.000676
v 0.001127 0.007001 -0.000484
v 0.001166 0.006988 -0.000275
v 0.001120 0.006987 -0.000069
v 0.000904 0.007939 -0.000873
v 0.001309 0.008907 -0.000566
v 0.001354 0.009009 -0.000316
v 0.001177 0.008491 -0.000740
v 0.001226 0.008070 -0.000065
v 0.001333 0.009093 -0.000086
v 0.001058 0.009060 -0.000932
v 0.001201 0.009031 -0.000748
v 0.001258 0.009596 -0.000335
v 0.001271 0.009519 -0.000127
v 0.000779 0.008784 -0.001032
v 0.001163 0.009647 -0.000590
v 0.001180 0.009919 -0.000130
v 0.001026 0.010189 -0.000404
v 0.000871 0.009134 -0.001070
v 0.000954 0.010412 -0.000104
v 0.000813 0.010632 -0.000229
v 0.000893 0.009641 -0.000958
v 0.000817 0.010736 -0.000047
v 0.000746 0.009972 -0.000846
v 0.000539 0.010394 -0.000644
v 0.000796 0.011134 -0.000023
v 0.000661 0.010833 -0.000325
v 0.000673 0.011130 -0.000319
v 0.000445 0.010655 -0.000554
v 0.000293 0.011096 -0.000646
v 0.000252 0.010764 -0.000643
v -0.000010 0.010763 -0.000622
v -0.000042 0.011106 -0.000629
v 0.000595 0.009551 -0.001150
v 0.000218 0.009615 -0.001174
v 0.000368 0.009154 -0.001216
v 0.000499 0.008813 -0.001015
v 0.000342 0.008820 -0.000986
v 0.000131 0.008809 -0.000070
v 0.000156 0.008836 -0.000845
v 0.000043 0.008783 -0.000336
v 0.000023 0.008819 -0.000133
v 0.000031 0.009003 -0.000867
v -0.000065 0.008827 -0.000124
v -0.000016 0.009045 -0.000882
v -0.000067 0.008776 -0.000335
v -0.000143 0.008809 -0.000070
v -0.000174 0.008635 -0.000043
v -0.000163 0.008842 -0.000849
v 0.000126 0.009070 -0.001132
v -0.000010 0.009248 -0.001033
v 0.000091 0.009372 -0.001181
v -0.000009 0.009578 -0.001086
v -0.000009 0.009816 -0.001024
v 0.000228 0.010434 -0.000724
v -0.000254 0.010430 -0.000726
v -0.000266 0.010765 -0.000643
v -0.000360 0.011094 -0.000638
v -0.000469 0.010782 -0.000528
v -0.000465 0.010454 -0.000640
v -0.000754 0.011131 -0.000226
v -0.000734 0.010847 -0.000260
v -0.000797 0.011127 -0.000018
v -0.000826 0.010632 -0.000248
v -0.000845 0.010731 -0.000045
v -0.000979 0.010421 -0.000104
v -0.000846 0.009889 -0.000859
v -0.001088 0.010127 -0.000371
v -0.001274 0.009592 -0.000130
v -0.001272 0.009537 -0.000421
v -0.001053 0.009622 -0.000800
v -0.000821 0.009556 -0.001048
v -0.001370 0.009016 -0.000323
v -0.001079 0.009015 -0.000931
v -0.001227 0.008849 -0.000779
v -0.001345 0.009043 -0.000083
v -0.000858 0.009264 -0.001080
v -0.001326 0.008871 -0.000575
v -0.000858 0.009063 -0.001072
v -0.001239 0.008169 -0.000066
v -0.001122 0.006979 -0.000066
v -0.000797 0.008789 -0.001033
v -0.001010 0.008007 -0.000825
v -0.001168 0.006981 -0.000272
v -0.001129 0.006994 -0.000481
v -0.001014 0.007009 -0.000674
v -0.000843 0.007026 -0.000813
v -0.000638 0.007041 -0.000874
v -0.000439 0.007038 -0.000841
v -0.000280 0.007028 -0.000703
v -0.000189 0.007010 -0.000505
v -0.000167 0.006997 -0.000279
v -0.000195 0.007005 -0.000075
v -0.000127 0.008707 -0.000299
v -0.000165 0.007914 -0.000057
v -0.000188 0.008477 -0.000546
v -0.000269 0.008539 -0.000824
v -0.000493 0.008839 -0.001011
v -0.000263 0.008832 -0.000949
v -0.000439 0.009111 -0.001192
v -0.000148 0.009063 -0.001125
v -0.000143 0.009291 -0.001200
v -0.000454 0.009520 -0.001194
v -0.000181 0.009667 -0.001145
v -0.006623 0.012990 -0.000576
v -0.006642 0.012972 -0.000620
v -0.006730 0.012981 -0.000577
v -0.006695 0.012975 -0.000606
v -0.006643 0.012969 -0.000544
v -0.006695 0.012975 -0.000547
v -0.001181 0.012645 -0.000445
v -0.001067 0.012563 -0.000427
v -0.001155 0.012762 -0.000166
v -0.001128 0.012863 -0.000096
v -0.001434 0.012704 -0.000337
v -0.001060 0.013038 -0.000162
v -0.001017 0.013210 -0.000302
v -0.001469 0.012955 -0.000208
v -0.001437 0.012825 -0.000227
v -0.003004 0.012707 -0.000464
v -0.003175 0.012697 -0.000437
v -0.003325 0.012754 -0.000270
v -0.003456 0.012873 -0.000206
v -0.003266 0.013102 -0.000294
v -0.001472 0.013177 -0.000330
v -0.003351 0.012667 -0.000461
v -0.004297 0.012717 -0.000461
v -0.001013 0.013312 -0.000455
v -0.001034 0.013278 -0.000655
v -0.001085 0.013062 -0.000840
v -0.005293 0.012798 -0.000256
v -0.005293 0.012776 -0.000432
v -0.005285 0.012910 -0.000220
v -0.005291 0.013033 -0.000332
v -0.003489 0.012994 -0.000222
v -0.003472 0.013148 -0.000370
v -0.005295 0.013018 -0.000563
v -0.003352 0.013174 -0.000440
v -0.005283 0.012907 -0.000666
v -0.003409 0.013098 -0.000667
v -0.003444 0.013151 -0.000570
v -0.005291 0.012808 -0.000599
v -0.003711 0.012825 -0.000664
v -0.005293 0.012782 -0.000431
v -0.004270 0.012714 -0.000461
v -0.003343 0.012678 -0.000460
v -0.003409 0.012736 -0.000632
v -0.003175 0.012698 -0.000437
v -0.002997 0.012693 -0.000467
v -0.002747 0.012789 -0.000630
v -0.003160 0.012983 -0.000745
v -0.001920 0.012692 -0.000456
v -0.001431 0.012709 -0.000588
v -0.001205 0.012649 -0.000447
v -0.001058 0.012582 -0.000510
v -0.001062 0.012572 -0.000426
v -0.001103 0.012687 -0.000758
v -0.001457 0.012821 -0.000734
v -0.001939 0.012831 -0.000674
v -0.002389 0.012994 -0.000691
v -0.003626 0.013015 -0.000694
v -0.002566 0.013087 -0.000660
v -0.001773 0.013210 -0.000502
v -0.001459 0.013165 -0.000691
v -0.005295 0.012782 -0.000244
v -0.005407 0.012799 -0.000234
v -0.005480 0.012889 -0.000135
v -0.005287 0.012931 -0.000242
v -0.005485 0.012770 -0.000175
v -0.005391 0.013033 -0.000349
v -0.005293 0.013041 -0.000376
v -0.005480 0.012978 -0.000188
v -0.005285 0.012939 -0.000662
v -0.005463 0.013019 -0.000553
v -0.005431 0.012921 -0.000681
v -0.005561 0.012944 -0.000729
v -0.005437 0.012834 -0.000645
v -0.005291 0.012809 -0.000609
v -0.005294 0.012778 -0.000258
v -0.005461 0.012814 -0.000396
v -0.005393 0.012788 -0.000233
v -0.005498 0.012755 -0.000163
v -0.005703 0.012705 -0.000112
v -0.005762 0.012706 -0.000143
v -0.005886 0.012666 -0.000080
v -0.005790 0.012761 -0.000184
v -0.005545 0.012735 -0.000262
v -0.006056 0.012639 -0.000065
v -0.005999 0.012632 -0.000045
v -0.005683 0.012850 -0.000458
v -0.005708 0.012813 -0.000663
v -0.005558 0.012824 -0.000727
v -0.005876 0.012854 -0.000746
v -0.005941 0.012756 -0.000129
v -0.005834 0.012793 -0.000148
v -0.005864 0.012865 -0.000161
v -0.006008 0.012737 -0.000094
v -0.006052 0.012725 -0.000068
v -0.006092 0.012609 -0.000008
v -0.006160 0.012678 -0.000014
v -0.006162 0.012644 0.000048
v -0.006631 0.012990 -0.000241
v -0.006650 0.012971 -0.000281
v -0.006703 0.012975 -0.000268
v -0.006738 0.012984 -0.000240
v -0.006718 0.012983 -0.000209
v -0.006651 0.012970 -0.000203
v -0.006064 0.012704 0.000031
v -0.006083 0.012719 0.000018
v -0.006056 0.012638 0.000015
v -0.006153 0.012685 0.000053
v -0.006080 0.012627 0.000013
v -0.006152 0.012637 0.000044
v -0.006674 0.012993 -0.000414
v -0.006699 0.012976 -0.000468
v -0.006783 0.012978 -0.000412
v -0.006695 0.012969 -0.000377
v -0.006747 0.012974 -0.000383
v -0.006434 0.012954 -0.000729
v -0.006451 0.012935 -0.000770
v -0.006541 0.012944 -0.000734
v -0.006504 0.012939 -0.000761
v -0.006455 0.012932 -0.000699
v -0.006507 0.012938 -0.000705
v -0.000613 0.000234 -0.000776
v -0.000757 0.000235 -0.000714
v -0.000857 0.000235 -0.000503
v -0.000610 0.000667 -0.000858
v -0.000838 0.000558 -0.000691
v -0.000837 0.000232 -0.000368
v -0.000862 0.000225 -0.000198
v -0.000914 0.000116 0.000077
v -0.000970 0.000021 0.000348
v -0.000955 -0.000012 0.000317
v -0.000945 -0.000035 0.000576
v -0.000922 -0.000032 0.000718
v -0.000789 -0.000027 0.000932
v -0.000635 -0.000026 0.001003
v -0.000456 -0.000026 0.000966
v -0.000307 -0.000032 0.000668
v -0.000285 -0.000010 0.000319
v -0.000328 0.000117 0.000078
v -0.000336 0.000255 -0.000091
v -0.000383 0.000228 -0.000203
v -0.000408 0.000230 -0.000342
v -0.000391 0.000235 -0.000470
v -0.000468 0.000235 -0.000698
v -0.000364 0.000551 -0.000582
v -0.000606 0.000233 -0.000776
v -0.000507 0.000633 -0.000836
v -0.000613 0.000628 -0.000858
v -0.000423 0.000565 -0.000744
v -0.000609 0.000797 -0.000798
v -0.000436 0.000676 -0.000727
v -0.000456 0.000807 -0.000705
v -0.000527 0.000809 -0.000770
v -0.000611 0.001297 -0.000785
v -0.000466 0.001296 -0.000724
v -0.000409 0.001291 -0.000454
v -0.000378 0.000787 -0.000541
v -0.000459 0.001288 -0.000298
v -0.000541 0.001001 -0.000132
v -0.000581 0.001306 -0.000199
v -0.000426 0.000888 -0.000132
v -0.000684 0.001026 -0.000125
v -0.000340 0.000540 -0.000183
v -0.000788 0.001292 -0.000281
v -0.000810 0.000979 -0.000213
v -0.000835 0.001293 -0.000522
v -0.000822 0.000791 -0.000620
v -0.000724 0.001296 -0.000731
v -0.000856 0.000951 -0.000416
v -0.000611 0.001297 -0.000786
v -0.000613 0.000800 -0.000805
v -0.000911 0.000612 -0.000454
v -0.000728 0.000633 -0.000820
v -0.000413 0.000106 0.000934
v -0.000290 0.000197 0.000675
v -0.000256 0.000186 0.000386
v -0.000351 0.000364 0.000678
v -0.000436 0.000309 0.000904
v -0.000564 0.000230 0.001026
v -0.000641 0.000285 0.000997
v -0.000982 0.000212 0.000384
v -0.000795 0.000282 0.000879
v -0.000939 0.000350 0.000477
v -0.000909 0.000534 -0.000147
v -0.000878 0.000476 0.000416
v -0.000745 0.000518 0.000445
v -0.000404 0.000500 0.000423
v -0.000432 -0.000017 0.000935
v -0.000556 -0.000028 0.001007
v -0.000334 -0.000029 0.000761
v -0.000676 -0.000026 0.000989
v -0.000888 -0.000032 0.000759
v -0.000284 -0.000031 0.000542
v -0.000782 -0.000029 0.000933
v -0.000285 -0.000002 0.000310
v -0.000950 -0.000033 0.000544
v -0.000955 0.000009 0.000303
v -0.000384 0.000227 -0.000200
v -0.000417 0.000234 -0.000357
v -0.000833 0.000241 -0.000356
v -0.000204 0.007006 -0.000080
v -0.000308 0.007000 0.000158
v -0.000505 0.006995 0.000269
v -0.000224 0.005434 -0.000096
v -0.000640 0.006992 0.000288
v -0.000313 0.005140 0.000109
v -0.000238 0.005179 -0.000119
v -0.000776 0.006988 0.000256
v -0.000429 0.005176 0.000169
v -0.000984 0.006985 0.000126
v -0.000638 0.005972 0.000251
v -0.001115 0.006984 -0.000073
v -0.000935 0.005406 -0.000082
v -0.000602 0.005026 0.000165
v -0.000525 0.004804 0.000102
v -0.000275 0.004559 -0.000294
v -0.000338 0.004595 -0.000134
v -0.000472 0.004674 -0.000021
v -0.000279 0.004096 -0.000332
v -0.000778 0.005111 0.000091
v -0.000607 0.004643 -0.000021
v -0.000536 0.003594 -0.000118
v -0.000422 0.001290 -0.000375
v -0.000742 0.004577 -0.000099
v -0.000883 0.005121 -0.000121
v -0.000900 0.004493 -0.000280
v -0.000957 0.004111 -0.000313
v -0.000977 0.003771 -0.000325
v -0.000948 0.003037 -0.000349
v -0.000831 0.001288 -0.000354
v -0.000643 0.001306 -0.000215
v -0.000493 0.001294 -0.000254
v -0.001118 0.006990 -0.000070
v -0.001171 0.006990 -0.000269
v -0.001131 0.007003 -0.000483
v -0.001015 0.007021 -0.000668
v -0.000936 0.005423 -0.000083
v -0.000843 0.007038 -0.000808
v -0.000925 0.005074 -0.000286
v -0.000643 0.007050 -0.000871
v -0.000899 0.005298 -0.000498
v -0.000447 0.007047 -0.000836
v -0.000894 0.005130 -0.000115
v -0.000287 0.007034 -0.000706
v -0.000193 0.007013 -0.000506
v -0.000631 0.005340 -0.000731
v -0.000168 0.006999 -0.000277
v -0.000203 0.007006 -0.000078
v -0.000409 0.005134 -0.000703
v -0.000291 0.005130 -0.000606
v -0.000205 0.005284 -0.000354
v -0.000223 0.005456 -0.000095
v -0.000243 0.005182 -0.000119
v -0.000238 0.004853 -0.000456
v -0.000267 0.004567 -0.000290
v -0.000224 0.004182 -0.000614
v -0.000279 0.004090 -0.000333
v -0.000280 0.004163 -0.000849
v -0.000831 0.004853 -0.000631
v -0.000896 0.004559 -0.000269
v -0.000920 0.004745 -0.000435
v -0.000968 0.003988 -0.000321
v -0.001068 0.003792 -0.000474
v -0.001034 0.004005 -0.000637
v -0.000627 0.004845 -0.000781
v -0.000949 0.002949 -0.000343
v -0.000908 0.004105 -0.000822
v -0.000829 0.001291 -0.000362
v -0.000767 0.004035 -0.000967
v -0.000593 0.003962 -0.001051
v -0.000404 0.004086 -0.000983
v -0.000723 0.001296 -0.000731
v -0.000836 0.001293 -0.000520
v -0.000574 0.001297 -0.000786
v -0.000370 0.002799 -0.000695
v -0.000444 0.001296 -0.000662
v -0.000424 0.001291 -0.000377
v -0.000417 0.000233 -0.000357
v -0.000797 -0.000028 -0.000356
v -0.000444 -0.000026 -0.000355
v -0.000832 0.000233 -0.000357
v -0.000822 -0.000028 -0.000485
v -0.000833 0.000233 -0.000357
v -0.000867 0.000235 -0.000481
v -0.000765 0.000235 -0.000711
v -0.000724 -0.000028 -0.000742
v -0.000514 0.000236 -0.000753
v -0.000479 -0.000027 -0.000708
v -0.000385 0.000236 -0.000482
v -0.000416 0.000234 -0.000359
v -0.001124 0.006979 -0.000063
v -0.000992 0.006981 0.000108
v -0.000816 0.006983 0.000240
v -0.001091 0.008009 0.000144
v -0.000626 0.006989 0.000283
v -0.001258 0.008352 -0.000069
v -0.000445 0.006996 0.000246
v -0.000924 0.008173 0.000291
v -0.000307 0.006996 0.000155
v -0.000204 0.007007 -0.000079
v -0.000162 0.007865 -0.000057
v -0.000711 0.008304 0.000369
v -0.005953 0.012916 -0.000176
v -0.005892 0.012830 -0.000217
v -0.006092 0.012935 -0.000181
v -0.006364 0.012934 -0.000191
v -0.005977 0.012858 -0.000344
v -0.006064 0.012872 -0.000473
v -0.006116 0.012872 -0.000550
v -0.006117 0.012886 -0.000630
v -0.005974 0.012943 -0.000768
v -0.005623 0.013055 -0.000396
v -0.005519 0.012771 -0.000121
v -0.005735 0.012708 -0.000105
v -0.005993 0.012631 -0.000046
v -0.005879 0.012668 -0.000082
v -0.006085 0.012617 -0.000013
v -0.006113 0.012620 0.000032
v -0.006166 0.012640 0.000056
v -0.006065 0.012633 0.000012
v -0.006056 0.012656 0.000021
v -0.006161 0.012671 0.000051
v -0.006076 0.012718 0.000019
v -0.005850 0.012801 -0.000056
v -0.006113 0.012709 0.000027
v -0.006106 0.012731 -0.000023
v -0.006130 0.012697 -0.000048
v -0.006029 0.012723 -0.000071
v -0.005936 0.012756 -0.000125
v -0.005846 0.012794 -0.000155
v -0.005737 0.012761 -0.000046
v -0.005824 0.012863 -0.000142
v -0.005822 0.012826 -0.000161
v -0.005876 0.012877 -0.000165
v -0.005728 0.012891 -0.000101
v -0.005873 0.013002 -0.000221
v -0.005966 0.012916 -0.000173
v -0.006042 0.013015 -0.000309
v -0.006068 0.013021 -0.000593
v -0.005766 0.013029 -0.000637
v -0.006038 0.013030 -0.000492
v -0.006000 0.012992 -0.000654
v -0.005980 0.012987 -0.000694
v -0.006198 0.012939 -0.000761
v -0.006114 0.012995 -0.000550
v -0.006205 0.012984 -0.000456
v -0.006147 0.012988 -0.000375
v -0.006030 0.013012 -0.000210
v -0.006108 0.012936 -0.000184
v -0.006339 0.012976 -0.000208
v -0.006309 0.012991 -0.000265
v -0.006369 0.012935 -0.000188
v -0.006550 0.012938 -0.000188
v -0.006631 0.012990 -0.000235
v -0.006648 0.012969 -0.000276
v -0.006652 0.012965 -0.000207
v -0.006669 0.012942 -0.000204
v -0.006728 0.012986 -0.000214
v -0.006738 0.012973 -0.000238
v -0.006735 0.012991 -0.000251
v -0.006663 0.012940 -0.000280
v -0.006551 0.012938 -0.000298
v -0.006364 0.012935 -0.000307
v -0.006110 0.012940 -0.000335
v -0.006420 0.012934 -0.000360
v -0.006435 0.012986 -0.000388
v -0.006689 0.012975 -0.000381
v -0.006621 0.012937 -0.000365
v -0.006675 0.012990 -0.000427
v -0.006727 0.012945 -0.000370
v -0.006734 0.012971 -0.000379
v -0.006781 0.012989 -0.000401
v -0.006793 0.012980 -0.000428
v -0.006723 0.012944 -0.000456
v -0.006698 0.012967 -0.000450
v -0.006621 0.012938 -0.000467
v -0.006417 0.012936 -0.000471
v -0.006115 0.012939 -0.000503
v -0.006361 0.012935 -0.000526
v -0.006383 0.012936 -0.000522
v -0.006641 0.012970 -0.000615
v -0.006623 0.012991 -0.000573
v -0.006540 0.012937 -0.000528
v -0.006644 0.012967 -0.000545
v -0.006688 0.012952 -0.000537
v -0.006717 0.012986 -0.000550
v -0.006728 0.012974 -0.000576
v -0.006725 0.012994 -0.000588
v -0.006666 0.012944 -0.000621
v -0.006540 0.012938 -0.000632
v -0.006372 0.012936 -0.000637
v -0.006040 0.012931 -0.000646
v -0.006228 0.012916 -0.000677
v -0.006226 0.012957 -0.000703
v -0.006318 0.012888 -0.000776
v -0.006451 0.012939 -0.000697
v -0.006386 0.012917 -0.000682
v -0.006337 0.012853 -0.000744
v -0.006459 0.012934 -0.000769
v -0.006434 0.012955 -0.000743
v -0.006490 0.012910 -0.000693
v -0.006507 0.012938 -0.000705
v -0.006543 0.012952 -0.000728
v -0.006537 0.012950 -0.000749
v -0.006517 0.012899 -0.000765
v -0.006496 0.012871 -0.000716
v -0.006388 0.012916 -0.000683
v -0.006332 0.012870 -0.000698
v -0.006228 0.012915 -0.000674
v -0.005949 0.012849 -0.000682
v -0.006015 0.012927 -0.000668
v -0.006372 0.012935 -0.000634
v -0.006382 0.012893 -0.000618
v -0.006545 0.012884 -0.000604
v -0.006470 0.012895 -0.000541
v -0.006117 0.012936 -0.000503
v -0.006361 0.012935 -0.000529
v -0.006279 0.012935 -0.000473
v -0.006384 0.012936 -0.000532
v -0.006539 0.012936 -0.000532
v -0.006541 0.012936 -0.000629
v -0.006679 0.012949 -0.000537
v -0.006675 0.012901 -0.000563
v -0.006708 0.012954 -0.000618
v -0.006728 0.012974 -0.000575
v -0.006417 0.012935 -0.000472
v -0.006429 0.012895 -0.000455
v -0.006628 0.012883 -0.000397
v -0.006149 0.012885 -0.000372
v -0.006085 0.012891 -0.000319
v -0.006479 0.012931 -0.000358
v -0.006193 0.012935 -0.000357
v -0.006104 0.012938 -0.000322
v -0.006419 0.012934 -0.000357
v -0.006363 0.012933 -0.000306
v -0.006497 0.012896 -0.000284
v -0.006371 0.012892 -0.000210
v -0.006383 0.012936 -0.000197
v -0.006551 0.012935 -0.000188
v -0.006654 0.012889 -0.000225
v -0.006550 0.012936 -0.000293
v -0.006632 0.012939 -0.000195
v -0.006672 0.012944 -0.000282
v -0.006705 0.012915 -0.000262
v -0.006733 0.012973 -0.000237
v -0.006622 0.012935 -0.000362
v -0.006710 0.012896 -0.000442
v -0.006621 0.012936 -0.000466
v -0.006767 0.012956 -0.000378
v -0.006778 0.012974 -0.000412
v -0.006709 0.012940 -0.000464
v 0.005927 0.012954 -0.000193
v 0.006063 0.012969 -0.000190
v 0.006085 0.012899 -0.000268
v 0.006333 0.012972 -0.000200
v 0.006414 0.012929 -0.000224
v 0.006339 0.012931 -0.000302
v 0.006515 0.012974 -0.000202
v 0.006558 0.012927 -0.000284
v 0.006590 0.012978 -0.000208
v 0.006670 0.012949 -0.000236
v 0.006699 0.013014 -0.000250
v 0.006644 0.012986 -0.000296
v 0.006514 0.012975 -0.000309
v 0.006341 0.012974 -0.000310
v 0.006323 0.012971 -0.000319
v 0.006079 0.012972 -0.000347
v 0.006040 0.012909 -0.000381
v 0.006363 0.012974 -0.000378
v 0.006386 0.012972 -0.000371
v 0.006130 0.012910 -0.000467
v 0.006042 0.012917 -0.000540
v 0.006078 0.012906 -0.000613
v 0.005938 0.012978 -0.000781
v 0.005654 0.013080 -0.000571
v 0.005682 0.013079 -0.000361
v 0.005814 0.013033 -0.000230
v 0.005520 0.012815 -0.000109
v 0.005699 0.012742 -0.000115
v 0.006026 0.012674 -0.000004
v 0.005853 0.012700 -0.000092
v 0.005955 0.012670 -0.000058
v 0.006071 0.012652 -0.000015
v 0.006081 0.012658 0.000021
v 0.006127 0.012678 0.000046
v 0.006030 0.012736 0.000013
v 0.006127 0.012707 0.000037
v 0.006072 0.012769 -0.000025
v 0.006047 0.012749 -0.000002
v 0.006076 0.012736 -0.000063
v 0.006016 0.012762 -0.000080
v 0.005964 0.012771 -0.000104
v 0.005789 0.012862 -0.000115
v 0.005818 0.012822 -0.000166
v 0.005696 0.012899 -0.000097
v 0.005785 0.012862 -0.000173
v 0.005832 0.012908 -0.000177
v 0.005930 0.012952 -0.000185
v 0.005983 0.013052 -0.000228
v 0.005990 0.013057 -0.000335
v 0.005968 0.013073 -0.000480
v 0.006021 0.013062 -0.000606
v 0.005951 0.013032 -0.000665
v 0.006128 0.012900 -0.000776
v 0.006201 0.012939 -0.000791
v 0.005940 0.013025 -0.000705
v 0.006395 0.012987 -0.000749
v 0.006177 0.013017 -0.000631
v 0.006076 0.013026 -0.000548
v 0.006063 0.013033 -0.000495
v 0.006129 0.013037 -0.000414
v 0.006106 0.013020 -0.000310
v 0.006062 0.012972 -0.000196
v 0.006331 0.012974 -0.000198
v 0.006594 0.013028 -0.000247
v 0.006513 0.012977 -0.000200
v 0.006612 0.013009 -0.000290
v 0.006614 0.013005 -0.000220
v 0.006641 0.012985 -0.000210
v 0.006690 0.013026 -0.000226
v 0.006710 0.013021 -0.000265
v 0.006650 0.012988 -0.000293
v 0.006514 0.012977 -0.000311
v 0.006328 0.012973 -0.000317
v 0.006075 0.012977 -0.000348
v 0.006380 0.012974 -0.000369
v 0.006352 0.013015 -0.000466
v 0.006637 0.013030 -0.000422
v 0.006657 0.013007 -0.000393
v 0.006583 0.012977 -0.000377
v 0.006654 0.013007 -0.000464
v 0.006683 0.012984 -0.000382
v 0.006731 0.013026 -0.000400
v 0.006742 0.013013 -0.000425
v 0.006739 0.013033 -0.000437
v 0.006681 0.012983 -0.000471
v 0.006583 0.012978 -0.000481
v 0.006378 0.012973 -0.000482
v 0.006076 0.012976 -0.000516
v 0.006327 0.012973 -0.000539
v 0.006353 0.013025 -0.000566
v 0.006501 0.012977 -0.000540
v 0.006584 0.013032 -0.000588
v 0.006604 0.013009 -0.000558
v 0.006605 0.013012 -0.000631
v 0.006638 0.012988 -0.000548
v 0.006656 0.013015 -0.000561
v 0.006701 0.013020 -0.000586
v 0.006691 0.013029 -0.000604
v 0.006635 0.012987 -0.000634
v 0.006503 0.012977 -0.000645
v 0.006333 0.012974 -0.000648
v 0.006005 0.012968 -0.000659
v 0.006190 0.012954 -0.000687
v 0.006192 0.012986 -0.000706
v 0.006349 0.012955 -0.000695
v 0.006415 0.012976 -0.000709
v 0.006416 0.012972 -0.000782
v 0.006451 0.012949 -0.000705
v 0.006505 0.012986 -0.000737
v 0.006501 0.012990 -0.000761
v 0.006483 0.012934 -0.000773
v 0.006455 0.012901 -0.000738
v 0.006355 0.012913 -0.000786
v 0.006257 0.012899 -0.000716
v 0.006350 0.012953 -0.000695
v 0.006191 0.012953 -0.000688
v 0.005980 0.012962 -0.000678
v 0.006062 0.012972 -0.000660
v 0.006332 0.012973 -0.000649
v 0.006450 0.012933 -0.000627
v 0.006520 0.012924 -0.000569
v 0.006333 0.012971 -0.000534
v 0.006087 0.012972 -0.000506
v 0.006311 0.012974 -0.000545
v 0.006396 0.012931 -0.000388
v 0.006379 0.012973 -0.000485
v 0.006393 0.012932 -0.000468
v 0.006589 0.012924 -0.000454
v 0.006583 0.012975 -0.000378
v 0.006583 0.012976 -0.000476
v 0.006634 0.012939 -0.000392
v 0.006744 0.013011 -0.000421
v 0.006711 0.012949 -0.000443
v 0.006727 0.012998 -0.000460
v 0.006502 0.012975 -0.000541
v 0.006503 0.012975 -0.000643
v 0.006625 0.012985 -0.000549
v 0.006610 0.012983 -0.000636
v 0.006663 0.012946 -0.000601
v 0.006690 0.013014 -0.000590
v -0.000311 0.013497 -0.000506
v -0.000310 0.013481 -0.000372
v -0.000236 0.013673 -0.000278
v -0.000256 0.013778 -0.000503
v -0.000296 0.013943 -0.000390
v -0.000025 0.013790 -0.000135
v -0.000277 0.013958 -0.000493
v -0.000190 0.013835 -0.000193
v -0.000106 0.013803 -0.000144
v 0.000068 0.013805 -0.000146
v 0.000146 0.013836 -0.000192
v 0.000252 0.013944 -0.000390
v 0.000173 0.013457 -0.000254
v 0.000232 0.013542 -0.000371
v 0.000233 0.013959 -0.000493
v 0.000211 0.013799 -0.000503
v 0.000271 0.013491 -0.000507
v 0.000433 0.013333 -0.000358
vn 0.0058 0.9454 -0.3259
vn 0.1105 0.9396 -0.3239
vn 0.0953 0.9953 0.0181
vn 0.1899 0.8803 -0.4348
vn 0.2329 0.7882 0.5697
vn -0.0262 0.7885 0.6144
vn 0.2391 0.9563 -0.1685
vn 0.1901 0.9799 -0.0598
vn 0.0889 0.9670 0.2387
vn 0.1979 0.8057 0.5583
vn 0.3552 0.5426 0.7612
vn 0.3269 0.5847 0.7424
vn 0.5081 0.1921 0.8396
vn 0.3466 0.8531 0.3900
vn 0.7328 -0.1670 0.6596
vn 0.6783 -0.4776 0.5583
vn 0.8459 -0.5227 0.1058
vn 0.8874 -0.4576 -0.0565
vn 0.7052 -0.6463 -0.2916
vn 0.9134 -0.1613 0.3737
vn 0.9926 -0.1125 0.0451
vn 0.9286 0.0210 0.3705
vn 0.6346 0.2756 0.7220
vn 0.5576 0.3260 0.7634
vn 0.3594 0.4675 0.8077
vn 0.1604 0.7229 0.6721
vn 0.0965 0.5105 0.8545
vn 0.0051 0.4906 0.8714
vn -0.0041 0.7387 0.6741
vn 0.1269 0.7931 0.5958
vn -0.0883 0.5089 0.8563
vn -0.1763 0.7225 0.6686
vn -0.0135 0.7982 0.6022
vn -0.3717 0.5218 0.7678
vn -0.6350 0.2691 0.7241
vn -0.3599 0.4640 0.8094
vn -0.5468 0.3492 0.7610
vn -0.5246 0.0400 0.8504
vn -0.1241 0.7982 0.5895
vn 0.0010 0.3702 0.9290
vn -0.4755 0.4210 0.7725
vn -0.2102 0.7874 0.5795
vn -0.3419 0.8652 0.3667
vn -0.0799 0.9722 0.2203
vn -0.0887 0.9848 -0.1493
vn -0.3701 0.9290 -0.0035
vn -0.1098 0.9614 -0.2525
vn -0.3419 0.4869 0.8037
vn -0.7560 -0.2414 0.6085
vn -0.6783 -0.5064 0.5324
vn -0.8362 -0.5479 0.0247
vn -0.8829 -0.4667 -0.0512
vn -0.7014 -0.6532 -0.2852
vn -0.9349 -0.1001 0.3405
vn -0.9854 -0.1368 0.1018
vn -0.9278 0.0141 0.3728
vn 0.9304 -0.2947 -0.2178
vn 0.8524 -0.5225 -0.0201
vn 0.9138 0.0590 0.4019
vn 0.7337 -0.3959 -0.5522
vn 0.3476 -0.2759 -0.8961
vn 0.3795 -0.2672 -0.8858
vn 0.6811 -0.4635 -0.5668
vn 0.6765 -0.7362 -0.0172
vn 0.4515 -0.8320 -0.3223
vn 0.1200 -0.1762 -0.9770
vn 0.3453 -0.4575 -0.8194
vn -0.0457 -0.1892 -0.9809
vn 0.0728 -0.0976 -0.9926
vn 0.2325 -0.0610 -0.9707
vn 0.2005 0.1939 -0.9603
vn 0.2300 0.3165 -0.9203
vn 0.2108 0.9395 -0.2702
vn 0.1112 0.7933 -0.5985
vn 0.1352 0.9816 -0.1346
vn 0.2050 0.8150 -0.5420
vn 0.3519 0.9284 -0.1196
vn 0.1280 0.5502 -0.8252
vn 0.0580 0.1968 -0.9787
vn -0.0971 -0.0750 -0.9924
vn -0.2673 -0.2597 -0.9280
vn -0.5612 -0.3982 -0.7255
vn -0.6543 -0.3967 -0.6439
vn -0.8938 -0.3502 -0.2800
vn -0.8869 -0.4254 -0.1804
vn -0.9592 -0.2492 -0.1337
vn -0.9142 -0.3966 -0.0830
vn -0.4072 -0.8496 -0.3352
vn -0.3407 -0.1788 -0.9230
vn -0.2853 -0.4261 -0.8585
vn -0.2354 0.1437 -0.9612
vn -0.0595 0.2660 -0.9621
vn 0.1124 0.3773 -0.9193
vn 0.7723 0.6082 -0.1836
vn 0.6566 0.4903 -0.5731
vn 0.9685 0.0784 -0.2365
vn 0.7190 0.0708 -0.6914
vn 0.8957 -0.0002 -0.4446
vn -0.0132 0.1641 -0.9864
vn -0.3328 0.3891 -0.8590
vn -0.7263 0.0617 -0.6846
vn -0.9700 0.0737 -0.2315
vn -0.8984 -0.0077 -0.4390
vn -0.6474 0.5152 -0.5616
vn -0.7693 0.6203 -0.1530
vn -0.4112 0.9073 -0.0878
vn -0.1573 0.5659 -0.8094
vn -0.2032 0.8032 -0.5600
vn -0.1446 0.9783 -0.1482
vn -0.2297 0.2798 -0.9322
vn -0.1249 0.7786 -0.6150
vn -0.1026 0.9568 -0.2719
vn 0.9527 0.0974 0.2878
vn 0.8616 0.2195 0.4577
vn 0.9910 0.1254 -0.0467
vn 0.8411 0.0267 0.5402
vn 0.8977 0.4340 0.0761
vn 0.6883 0.0244 0.7250
vn 0.4975 -0.1261 0.8583
vn 0.5555 0.1367 0.8202
vn 0.3573 -0.0336 0.9334
vn 0.9278 0.3638 0.0827
vn 0.1810 -0.1352 0.9741
vn 0.8681 0.2683 0.4176
vn 0.1858 -0.0373 0.9819
vn 0.9671 0.1559 0.2012
vn 0.8019 0.0403 0.5960
vn 0.9418 -0.0128 0.3360
vn 0.5874 0.0342 0.8085
vn 0.7121 0.1800 0.6786
vn 0.5390 -0.0682 0.8395
vn 0.4841 0.0435 0.8739
vn 0.3146 -0.0634 0.9471
vn 0.0733 -0.2332 0.9697
vn 0.1492 -0.1150 0.9821
vn 0.3242 -0.0535 0.9445
vn -0.0611 -0.3522 0.9339
vn -0.1991 -0.1241 0.9721
vn -0.2464 -0.0925 0.9647
vn -0.2941 -0.5693 0.7677
vn -0.7246 -0.1078 0.6807
vn 0.0770 -0.0500 0.9958
vn 0.8889 -0.0816 0.4507
vn 0.7031 -0.0648 0.7081
vn 0.4408 -0.0547 0.8959
vn 0.8614 -0.2305 0.4526
vn 0.0609 -0.0559 0.9966
vn -0.9345 -0.0184 0.3554
vn -0.9697 -0.0733 0.2330
vn -0.7496 -0.0358 0.6609
vn -0.3627 -0.0413 0.9310
vn -0.9394 -0.0323 0.3412
vn -0.9293 -0.1787 0.3233
vn -0.4421 -0.7865 0.4312
vn -0.0706 -0.9373 0.3412
vn -0.0443 -0.7486 0.6615
vn -0.0142 -0.3423 0.9395
vn -0.1207 -0.2011 0.9721
vn 0.3327 -0.6504 0.6829
vn -0.1570 -0.9571 0.2436
vn 0.5446 -0.7319 0.4096
vn 0.9297 -0.1985 0.3104
vn 0.7232 -0.1028 0.6829
vn 0.9429 -0.0424 0.3303
vn 0.2080 -0.2723 0.9395
vn -0.0471 -0.1777 0.9830
vn -0.0607 -0.1302 0.9896
vn -0.3342 -0.0759 0.9394
vn -0.4647 0.0237 0.8851
vn 0.2481 -0.0889 0.9646
vn -0.3658 -0.0544 0.9291
vn -0.6911 0.1923 0.6967
vn -0.5924 0.0030 0.8056
vn -0.8180 0.0551 0.5725
vn -0.8695 0.2887 0.4007
vn -0.9663 0.1640 0.1984
vn -0.9437 -0.0230 0.3301
vn -0.9434 0.3253 0.0646
vn -0.8997 0.4229 0.1083
vn -0.8505 0.2247 0.4755
vn -0.5487 0.1512 0.8223
vn -0.9899 0.1398 -0.0244
vn -0.6811 0.0158 0.7320
vn -0.9497 0.0934 0.2989
vn -0.8389 0.0351 0.5432
vn -0.5150 -0.1083 0.8503
vn -0.2674 -0.0313 0.9631
vn -0.1764 0.0030 0.9843
vn -0.1523 -0.1207 0.9809
vn -0.0688 -0.1800 0.9813
vn -0.0203 0.0943 0.9953
vn -0.0569 -0.0161 0.9982
vn -0.0171 -0.0843 0.9963
vn 0.0073 -0.0738 0.9972
vn -0.0008 -0.0789 0.9969
vn 0.0231 -0.1018 0.9945
vn 0.1921 0.0793 0.9782
vn 0.1244 -0.8341 0.5374
vn 0.3239 -0.6714 0.6665
vn 0.3278 -0.9175 0.2253
vn 0.3736 -0.7536 -0.5408
vn 0.1328 0.1556 0.9788
vn 0.1768 0.5064 0.8440
vn 0.3620 -0.0949 0.9273
vn 0.1444 -0.4970 0.8557
vn 0.0083 -0.9157 -0.4019
vn 0.1113 0.7589 0.6416
vn 0.0971 0.6981 0.7094
vn 0.1036 0.9679 0.2291
vn 0.0082 -0.9866 0.1631
vn -0.0180 -0.8675 0.4971
vn -0.0352 -0.2101 0.9771
vn 0.0101 0.3737 0.9275
vn 0.0171 0.7194 0.6944
vn -0.1028 -0.6309 0.7690
vn -0.0320 -0.9945 0.0996
vn 0.0487 -0.9976 0.0491
vn 0.0366 -0.7620 0.6465
vn 0.1653 -0.9855 0.0384
vn 0.0226 0.1813 0.9832
vn 0.0456 0.8483 0.5276
vn 0.0681 0.9859 -0.1532
vn 0.0118 0.9585 0.2848
vn 0.0508 0.9882 -0.1446
vn 0.0599 0.2222 -0.9732
vn 0.0272 0.7537 -0.6566
vn 0.0504 0.1847 -0.9815
vn 0.0547 -0.8201 -0.5696
vn 0.0296 -0.6184 -0.7853
vn 0.1677 -0.9826 -0.0798
vn 0.0554 -0.9876 -0.1471
vn -0.0240 -0.8916 -0.4522
vn 0.0432 -0.8885 0.4569
vn -0.0507 -0.7455 0.6645
vn -0.0634 -0.8838 -0.4636
vn 0.0329 -0.5980 -0.8009
vn 0.0083 -0.9973 0.0732
vn 0.1462 -0.9008 -0.4090
vn 0.2454 -0.9628 0.1132
vn 0.5112 -0.8205 -0.2558
vn 0.7606 -0.6172 -0.2014
vn 0.2975 -0.6162 -0.7293
vn 0.1587 -0.5016 -0.8504
vn 0.1525 0.2342 -0.9602
vn 0.1361 -0.1602 -0.9777
vn -0.0061 0.0922 -0.9957
vn -0.0872 -0.1091 -0.9902
vn -0.0069 0.9639 -0.2662
vn 0.0484 0.5778 -0.8148
vn 0.0966 0.9533 -0.2860
vn 0.1177 0.7912 -0.6002
vn -0.4375 -0.1351 0.8890
vn -0.3427 0.4160 0.8423
vn -0.1352 0.0405 0.9900
vn -0.2993 0.4925 0.8172
vn -0.1327 0.9304 0.3416
vn -0.1301 0.9852 0.1114
vn -0.1301 0.9481 -0.2903
vn -0.1300 0.3502 -0.9276
vn -0.2861 0.2979 -0.9107
vn -0.1828 0.7000 -0.6903
vn -0.1353 -0.8523 -0.5053
vn 0.0175 -0.8535 -0.5207
vn 0.0432 -0.9820 -0.1838
vn 0.1114 -0.9848 0.1329
vn -0.2165 -0.7789 -0.5886
vn -0.1197 -0.9678 0.2216
vn -0.4075 -0.8719 0.2716
vn -0.2150 -0.9418 -0.2585
vn -0.1801 -0.9785 0.1004
vn 0.0332 -0.9083 -0.4171
vn -0.3993 -0.7470 0.5316
vn 0.0250 -0.7505 -0.6604
vn 0.4641 -0.4714 -0.7499
vn 0.4256 -0.6311 -0.6485
vn 0.1084 -0.9824 -0.1518
vn 0.0758 -0.9941 -0.0781
vn -0.1565 0.0564 -0.9861
vn 0.1545 -0.9858 0.0660
vn 0.3874 -0.9186 0.0776
vn 0.3403 -0.1254 -0.9319
vn 0.4114 0.3223 -0.8526
vn 0.7888 -0.5389 0.2955
vn 0.6084 0.0313 -0.7930
vn 0.3597 -0.7907 -0.4954
vn 0.7700 -0.4655 -0.4363
vn 0.6265 -0.6978 -0.3472
vn -0.0361 0.9436 -0.3290
vn 0.1240 0.9402 -0.3174
vn 0.1257 0.9920 -0.0076
vn 0.1768 0.9255 -0.3350
vn 0.2933 0.7647 0.5738
vn 0.0033 0.8470 0.5316
vn -0.4277 -0.1197 0.8960
vn 0.2416 0.8455 0.4763
vn -0.2658 0.0649 0.9618
vn -0.4947 0.1053 0.8627
vn -0.2798 -0.2139 0.9359
vn -0.2268 -0.6092 0.7599
vn -0.1022 0.8523 -0.5130
vn 0.0710 0.9348 -0.3479
vn -0.0021 0.9998 -0.0182
vn 0.2047 0.8067 -0.5544
vn 0.3685 0.7091 0.6011
vn -0.1394 0.7938 0.5920
vn -0.0313 0.9460 -0.3228
vn 0.0930 0.9324 -0.3492
vn 0.0935 0.9947 0.0423
vn 0.1450 0.8813 -0.4498
vn 0.2465 0.7746 0.5824
vn 0.0223 0.8253 0.5643
vn 0.4606 -0.2029 -0.8641
vn 0.6967 -0.1256 -0.7063
vn 0.0684 -0.5360 -0.8415
vn 0.5841 0.1285 -0.8015
vn 0.0226 0.1326 -0.9909
vn 0.8475 0.0098 -0.5307
vn 0.1474 0.2403 -0.9594
vn 0.9856 -0.1371 -0.0990
vn 0.6557 0.2542 -0.7110
vn 0.9930 0.0382 -0.1119
vn 0.9827 -0.1771 -0.0541
vn 0.9619 0.1202 -0.2455
vn 0.9725 -0.1464 -0.1812
vn 0.9926 -0.1183 -0.0284
vn 0.4985 -0.8123 -0.3028
vn 0.8770 -0.0397 -0.4789
vn 0.9972 0.0246 0.0704
vn -0.7417 -0.1188 0.6601
vn -0.2009 -0.0337 0.9790
vn -0.7437 0.0347 0.6677
vn 0.9882 -0.0467 0.1461
vn -0.9764 -0.0950 -0.1939
vn -0.9583 -0.2562 -0.1263
vn -0.9112 -0.0319 -0.4108
vn -0.9913 0.1312 0.0122
vn -0.9892 -0.0960 -0.1108
vn -0.9995 -0.0312 -0.0106
vn -0.6864 -0.2507 -0.6826
vn -0.0730 -0.4513 -0.8894
vn -0.5095 0.0706 -0.8576
vn 0.0716 0.0929 -0.9931
vn -0.6791 0.1580 -0.7168
vn -0.0923 0.1939 -0.9767
vn -0.9708 0.0870 -0.2237
vn -0.1668 0.2359 -0.9574
vn -0.7867 0.0654 -0.6139
vn -0.8938 0.1370 0.4270
vn -0.9173 0.2789 -0.2842
vn -0.7977 0.3601 0.4838
vn -0.2021 0.5356 0.8200
vn -0.1660 0.1943 0.9668
vn -0.9976 0.0689 -0.0060
vn -0.9820 -0.0824 0.1698
vn -0.7766 0.5658 0.2771
vn -0.9412 0.0485 0.3343
vn -0.7366 0.5765 0.3536
vn -0.0763 0.5028 0.8610
vn 0.4919 -0.0031 0.8707
vn 0.6075 0.5049 0.6132
vn 0.8448 0.0030 0.5351
vn 0.9127 0.2262 0.3402
vn -0.5401 0.5840 0.6060
vn 0.4267 0.2722 0.8625
vn 0.9406 0.3109 0.1366
vn 0.9974 0.0469 -0.0546
vn 0.9206 0.2926 0.2584
vn 0.7202 0.0439 -0.6924
vn 0.1496 -0.0178 -0.9886
vn 0.9908 0.1347 0.0106
vn 0.6677 0.2054 0.7155
vn 0.4700 0.4975 0.7291
vn -0.1508 0.8465 0.5106
vn 0.5424 0.7087 0.4512
vn -0.0051 -0.9996 0.0271
vn -0.5583 -0.6307 0.5390
vn -0.6461 -0.7154 0.2661
vn 0.0046 -0.9999 0.0147
vn -0.0548 -0.9577 -0.2825
vn 0.4446 -0.6832 0.5793
vn 0.2155 -0.6879 0.6930
vn 0.5726 -0.7040 0.4201
vn 0.0008 -0.9988 -0.0488
vn 0.0027 -0.9643 -0.2648
vn 0.6379 -0.7316 -0.2406
vn -0.0886 -0.9806 -0.1747
vn 0.1802 -0.8738 -0.4517
vn 0.4692 -0.8794 -0.0807
vn -0.4570 -0.7310 0.5067
vn -0.9534 0.0573 0.2961
vn -0.9577 -0.0387 0.2852
vn -0.8333 -0.0214 0.5524
vn -0.6888 -0.1569 0.7078
vn -0.9630 -0.1206 0.2412
vn -0.5043 -0.0275 0.8631
vn 0.0356 -0.0671 0.9971
vn -0.0505 -0.0378 0.9980
vn 0.3742 -0.0488 0.9261
vn 0.7071 -0.0728 0.7034
vn 0.6690 -0.0924 0.7375
vn 0.8983 0.0249 0.4387
vn 0.9027 -0.1400 0.4067
vn 0.6406 -0.2202 0.7356
vn 0.0486 -0.2461 0.9680
vn -0.1853 -0.4126 0.8919
vn -0.9601 -0.0775 0.2687
vn -0.8016 -0.1903 0.5668
vn -0.9582 -0.0556 0.2808
vn -0.3931 -0.1841 0.9009
vn 0.2557 -0.3286 0.9092
vn -0.6089 -0.0490 0.7917
vn -0.8953 -0.1666 0.4132
vn 0.6108 -0.1349 0.7803
vn 0.9132 -0.1768 0.3670
vn 0.8553 0.0323 0.5171
vn 0.8477 0.0583 0.5272
vn 0.7646 -0.0311 0.6437
vn 0.0480 -0.0522 0.9975
vn 0.7755 -0.0511 0.6293
vn 0.5878 -0.0383 0.8081
vn 0.1851 -0.0443 0.9817
vn 0.9347 -0.0012 0.3556
vn 0.9402 -0.1258 0.3167
vn 0.9928 -0.1177 0.0239
vn 0.9976 -0.0687 0.0055
vn 0.9209 -0.1144 -0.3726
vn 0.8657 -0.0640 -0.4964
vn 0.7283 -0.1113 -0.6761
vn 0.9299 -0.1460 0.3376
vn 0.4672 -0.1000 -0.8785
vn 0.2933 -0.0226 -0.9558
vn 0.0584 -0.0815 -0.9950
vn -0.3982 -0.0653 -0.9150
vn -0.4207 0.0859 -0.9031
vn -0.7768 -0.0413 -0.6283
vn -0.8336 0.0250 -0.5518
vn -0.9594 -0.0314 -0.2802
vn -0.9994 -0.0255 0.0244
vn -0.9988 -0.0473 -0.0132
vn -0.9694 0.0671 0.2363
vn -0.9909 -0.0137 -0.1342
vn -0.9962 -0.0333 0.0806
vn -0.8162 -0.1639 0.5540
vn -0.9978 -0.0379 -0.0552
vn -0.9486 -0.0943 0.3021
vn -0.9519 -0.0589 0.3008
vn -0.8644 0.0210 -0.5023
vn 0.8002 0.1382 -0.5836
vn 0.9877 0.1176 -0.1027
vn 0.3053 0.2279 -0.9246
vn -0.9962 -0.0579 -0.0658
vn -0.9257 -0.0871 -0.3681
vn -0.9077 -0.0548 -0.4159
vn -0.2188 -0.0800 -0.9725
vn -0.5223 0.0791 -0.8491
vn 0.0483 0.0389 -0.9981
vn 0.6571 -0.0860 -0.7489
vn 0.5460 0.1144 -0.8299
vn 0.7586 0.1411 -0.6361
vn 0.9430 0.0760 -0.3240
vn 0.9734 -0.0794 -0.2150
vn 0.9510 -0.2047 0.2319
vn 0.9899 -0.0019 0.1417
vn 0.8321 -0.0599 0.5515
vn 0.7968 0.0591 0.6014
vn 0.9252 0.0164 0.3791
vn 0.5419 -0.4811 0.6891
vn -0.5525 -0.6276 0.5486
vn -0.2906 -0.2573 0.9216
vn 0.1778 -0.6835 0.7080
vn 0.7068 -0.7023 -0.0848
vn 0.8893 0.0027 0.4572
vn 0.9938 0.0733 -0.0840
vn 0.6743 0.1234 -0.7281
vn 0.3423 -0.6073 -0.7169
vn -0.6154 -0.1212 -0.7789
vn -0.5912 -0.6170 -0.5194
vn -0.9486 -0.2366 -0.2102
vn -0.7345 -0.5998 0.3174
vn -0.9436 -0.3278 0.0462
vn -0.9993 -0.0288 0.0231
vn -0.9607 -0.1412 0.2390
vn -0.9712 -0.0391 0.2351
vn -0.9671 -0.0217 -0.2536
vn -0.9722 -0.0764 -0.2214
vn -0.8117 -0.0376 -0.5829
vn -0.9382 -0.0574 0.3414
vn -0.7569 -0.1845 -0.6269
vn -0.4339 -0.0782 -0.8976
vn 0.4935 -0.1070 -0.8631
vn 0.4622 -0.0902 -0.8822
vn 0.0686 -0.0865 -0.9939
vn 0.7467 -0.1014 -0.6574
vn 0.9956 -0.0919 0.0199
vn 0.9293 -0.1029 -0.3547
vn 0.9414 0.0100 -0.3372
vn 0.9167 -0.2259 0.3297
vn 0.9979 0.0300 -0.0568
vn 0.7868 -0.1295 -0.6035
vn 0.9404 -0.0905 0.3278
vn 0.9584 0.0484 0.2811
vn 0.6745 0.0225 -0.7379
vn 0.8274 0.0660 -0.5578
vn 0.9620 0.2249 -0.1550
vn 0.9706 0.1606 0.1796
vn 0.8543 0.2744 -0.4415
vn 0.9428 0.3325 0.0243
vn 0.7851 0.4710 -0.4022
vn 0.4131 -0.0473 -0.9094
vn 0.1802 -0.1200 -0.9763
vn 0.8975 0.4411 0.0020
vn 0.8001 0.3711 -0.4713
vn 0.6027 0.3150 -0.7332
vn 0.9878 0.1518 0.0348
vn 0.4399 0.5110 -0.7385
vn 0.4241 0.4919 -0.7604
vn 0.9162 0.0857 -0.3914
vn 0.7166 0.1186 -0.6873
vn 0.8075 -0.0141 -0.5897
vn 0.5193 0.3253 -0.7902
vn 0.3339 -0.0466 -0.9415
vn 0.2616 0.1073 -0.9592
vn 0.1437 0.3875 -0.9106
vn -0.0025 0.1261 -0.9920
vn 0.0019 -0.0072 -1.0000
vn 0.2695 0.2614 -0.9268
vn -0.0962 0.2932 -0.9512
vn 0.0309 -0.2503 -0.9677
vn -0.3399 -0.4699 -0.8146
vn -0.1637 -0.0765 -0.9835
vn -0.5114 -0.4451 -0.7351
vn -0.8077 -0.5836 0.0840
vn -0.7204 -0.5380 -0.4377
vn -0.3776 -0.9246 -0.0499
vn -0.1304 -0.9697 0.2066
vn -0.6571 -0.6368 -0.4033
vn 0.2489 -0.9329 0.2602
vn 0.4418 -0.8953 -0.0568
vn 0.2582 -0.7297 -0.6331
vn 0.7675 -0.5863 0.2593
vn 0.9456 -0.3220 0.0473
vn 0.9390 -0.0503 0.3402
vn 0.7746 -0.4709 -0.4222
vn -0.0074 -0.3790 -0.9254
vn -0.4744 -0.0226 -0.8800
vn 0.0024 0.1798 -0.9837
vn 0.0118 0.4276 -0.9039
vn 0.9674 -0.1031 -0.2313
vn 0.7602 -0.1826 -0.6236
vn -0.1343 0.3735 -0.9179
vn -0.1908 0.1091 -0.9755
vn -0.3812 -0.0155 -0.9244
vn -0.6126 0.1132 -0.7822
vn -0.4259 0.4043 -0.8094
vn -0.8543 0.0783 -0.5139
vn -0.5537 0.1196 -0.8241
vn -0.7898 0.3683 -0.4905
vn -0.9668 0.2500 -0.0532
vn -0.9766 0.2124 -0.0343
vn -0.9000 0.4356 -0.0133
vn -0.8599 0.4104 -0.3034
vn -0.5020 0.4653 -0.7290
vn -0.9609 0.2318 0.1513
vn -0.9394 0.2286 -0.2556
vn -0.7626 0.2826 -0.5818
vn -0.4883 0.2880 -0.8238
vn -0.9983 0.0283 -0.0510
vn -0.8105 -0.0370 -0.5846
vn -0.9470 0.0193 0.3207
vn -0.4809 0.0633 -0.8745
vn -0.6547 -0.0013 -0.7559
vn -0.9457 -0.0036 -0.3251
vn -0.3356 -0.1544 -0.9293
vn -0.9262 -0.0906 0.3659
vn -0.9137 -0.2296 0.3352
vn -0.6050 -0.1164 -0.7877
vn -0.9948 -0.0991 0.0252
vn -0.9292 -0.1131 -0.3518
vn -0.7492 -0.1119 -0.6529
vn -0.4507 -0.0877 -0.8884
vn -0.0730 -0.0776 -0.9943
vn 0.9995 -0.0228 0.0222
vn 0.9616 -0.1348 0.2389
vn 0.9667 -0.0154 -0.2553
vn 0.9707 -0.0320 0.2381
vn 0.8103 -0.0345 -0.5849
vn 0.4329 -0.0763 -0.8982
vn 0.0799 -0.3555 -0.9313
vn -0.1760 -0.1126 -0.9779
vn 0.4317 -0.4915 -0.7564
vn 0.4827 -0.4666 -0.7412
vn -0.0473 -0.2999 -0.9528
vn 0.4045 -0.0849 -0.9106
vn -0.1495 0.2346 -0.9605
vn 0.1593 0.3323 -0.9296
vn -0.0938 0.9564 -0.2764
vn 0.1078 0.9560 0.2730
vn -0.0796 0.9965 0.0270
vn -0.2044 0.8882 -0.4116
vn -0.2447 0.7968 0.5524
vn 0.0085 0.8464 0.5324
vn -0.2893 -0.6164 0.7324
vn -0.1181 -0.8319 0.5422
vn -0.3126 -0.9191 0.2399
vn -0.3701 -0.7384 -0.5637
vn -0.2879 0.0078 0.9576
vn -0.1520 0.5320 0.8330
vn -0.1335 0.1849 0.9736
vn -0.2194 -0.4565 0.8623
vn -0.0039 -0.9114 -0.4116
vn 0.0878 -0.9562 0.2792
vn 0.0039 -0.7347 0.6784
vn -0.0054 -0.1884 0.9821
vn -0.0128 0.3771 0.9261
vn -0.0001 0.7392 0.6735
vn -0.1003 0.7386 0.6666
vn 0.0293 -0.9141 0.4044
vn -0.1145 0.7448 0.6574
vn -0.1355 0.8822 -0.4509
vn -0.1533 0.2855 -0.9460
vn -0.1432 0.7589 -0.6352
vn -0.1259 0.9698 0.2089
vn -0.0328 -0.7656 0.6424
vn -0.0561 -0.9982 -0.0231
vn -0.1478 -0.9884 0.0360
vn -0.0200 0.1990 0.9798
vn -0.0525 0.9226 0.3821
vn -0.0163 0.9907 0.1354
vn -0.0350 0.9030 0.4283
vn -0.0715 0.9040 -0.4215
vn -0.0481 0.0746 -0.9961
vn -0.0364 0.7118 -0.7015
vn -0.0406 0.9466 -0.3200
vn -0.0540 0.1714 -0.9837
vn -0.0500 -0.8402 -0.5400
vn -0.0402 -0.2977 -0.9538
vn -0.0369 -0.9800 -0.1955
vn -0.1628 -0.9852 -0.0532
vn 0.0777 -0.9829 -0.1668
vn -0.0060 -0.7484 -0.6632
vn 0.0070 -0.9992 0.0382
vn 0.0447 -0.9155 -0.3999
vn 0.0401 -0.6637 -0.7469
vn 0.0209 0.0840 -0.9962
vn -0.0033 -0.9980 0.0638
vn -0.1517 -0.9019 -0.4045
vn -0.4171 -0.9044 0.0901
vn -0.4842 -0.8234 -0.2958
vn -0.7535 -0.6260 -0.2010
vn -0.3173 -0.6519 -0.6887
vn -0.1776 -0.5187 -0.8363
vn -0.0805 -0.5361 -0.8403
vn -0.0338 0.0084 -0.9994
vn 0.0208 0.6250 -0.7804
vn -0.0630 0.9959 -0.0652
vn 0.3556 0.1735 0.9184
vn 0.0677 -0.9153 0.3971
vn 0.2985 -0.2385 0.9241
vn 0.3744 0.4889 0.7879
vn 0.6262 -0.6667 0.4042
vn 0.1372 0.9718 0.1918
vn -0.0572 0.9971 0.0494
vn 0.1714 0.7587 0.6285
vn 0.2055 0.4039 -0.8914
vn 0.1711 0.9469 -0.2721
vn 0.1884 0.4707 -0.8620
vn 0.2752 -0.4459 -0.8517
vn 0.1467 -0.8524 -0.5019
vn 0.0118 -0.8759 -0.4823
vn 0.0039 -0.9999 0.0168
vn -0.0300 -0.9815 -0.1891
vn 0.2094 -0.6801 -0.7026
vn 0.1360 -0.9654 0.2224
vn 0.4223 -0.8660 0.2676
vn 0.2246 -0.9491 -0.2207
vn 0.1551 -0.9866 0.0507
vn -0.0452 -0.8906 -0.4525
vn 0.1987 -0.9751 -0.0984
vn -0.3013 -0.5632 -0.7694
vn -0.5346 -0.6221 -0.5720
vn -0.0505 -0.9064 -0.4193
vn -0.1134 -0.9848 -0.1318
vn -0.0671 -0.9970 -0.0392
vn -0.0326 -0.6969 -0.7164
vn -0.1315 -0.9913 0.0114
vn -0.3160 -0.9277 0.1987
vn -0.3499 -0.0989 -0.9316
vn -0.6508 0.1251 -0.7489
vn -0.4686 -0.6405 0.6084
vn -0.4661 -0.0333 -0.8841
vn -0.5331 0.2653 -0.8034
vn -0.5811 -0.4942 -0.6466
vn -0.3850 -0.6173 -0.6861
vn -0.5518 -0.6557 -0.5153
vn -0.0851 0.9348 -0.3449
vn -0.2490 0.7810 -0.5727
vn -0.0557 0.9981 -0.0266
vn -0.0426 0.9920 -0.1185
vn -0.0093 0.9868 0.1616
vn -0.0011 0.9498 0.3130
vn 0.0362 0.6769 0.7352
vn 0.2533 -0.0708 0.9648
vn 0.1915 0.1922 0.9625
vn 0.5623 -0.1724 0.8087
vn 0.2617 -0.3369 0.9044
vn 0.2064 -0.6715 0.7116
vn -0.1422 0.8358 -0.5303
vn 0.3133 0.8999 0.3035
vn -0.1197 0.9900 0.0751
vn -0.3035 0.7536 0.5831
vn -0.0454 0.8631 0.5029
vn -0.0984 0.9437 -0.3159
vn 0.1497 0.9553 0.2551
vn -0.0726 0.9972 0.0175
vn -0.1184 0.9212 -0.3707
vn -0.2648 0.7861 0.5585
vn -0.0237 0.8249 0.5648
vn -0.4696 -0.2998 -0.8304
vn -0.5666 0.0876 -0.8193
vn -0.0261 0.1295 -0.9912
vn -0.6925 -0.1840 -0.6976
vn -0.8728 -0.0242 -0.4875
vn -0.9830 -0.1719 -0.0648
vn -0.9779 -0.1408 -0.1547
vn -0.4384 -0.7879 -0.4325
vn -0.5096 -0.8082 -0.2951
vn -0.9758 0.1091 0.1895
vn 0.7149 -0.3471 -0.6070
vn 0.6504 -0.6265 -0.4294
vn 0.9544 -0.1887 -0.2312
vn 0.9948 -0.0914 -0.0449
vn 0.9731 -0.0331 -0.2281
vn 0.9688 -0.2114 -0.1293
vn 0.7581 -0.1980 -0.6214
vn 0.4947 -0.0933 -0.8640
vn -0.1223 0.0562 -0.9909
vn 0.4908 0.0875 -0.8669
vn 0.8345 -0.0766 -0.5456
vn -0.0164 0.2306 -0.9729
vn 0.9741 0.0879 -0.2085
vn 0.8088 0.2028 -0.5520
vn 0.8004 0.1222 -0.5869
vn 0.5065 0.1541 -0.8484
vn 0.1591 0.2514 -0.9547
vn 0.7639 0.0499 -0.6434
vn 0.9937 0.1085 0.0285
vn 0.1874 0.2382 0.9530
vn 0.3300 0.5080 0.7957
vn 0.8164 0.2179 0.5348
vn 0.8307 0.3920 0.3954
vn -0.2896 0.5115 0.8090
vn 0.9943 0.1049 -0.0189
vn -0.8050 0.1690 0.5688
vn -0.8471 0.3575 0.3933
vn -0.9848 0.0471 -0.1670
vn -0.9920 0.1245 -0.0199
vn -0.8639 0.1468 -0.4818
vn -0.6927 0.0301 -0.7206
vn -0.6429 0.1420 -0.7527
vn -0.2284 0.2542 -0.9398
vn -0.9896 0.0306 -0.1403
vn -0.9816 -0.1284 -0.1412
vn -0.9822 -0.1822 -0.0456
vn 0.9898 -0.1275 -0.0631
vn 0.9509 0.1367 0.2776
vn 0.9570 -0.0921 0.2750
vn 0.9986 0.0519 0.0027
vn 0.6130 -0.1069 0.7828
vn 0.4694 0.7596 0.4502
vn 0.7914 -0.0061 0.6113
vn 0.5296 0.6275 0.5707
vn 0.1555 0.2674 0.9510
vn -0.1625 -0.0436 0.9857
vn 0.7625 0.5931 0.2584
vn -0.2453 0.5768 0.7792
vn -0.6698 0.0675 0.7395
vn -0.9258 0.1045 0.3633
vn -0.9962 0.0815 0.0323
vn -0.6657 0.4827 0.5691
vn -0.9035 0.3433 0.2567
vn -0.9988 0.0215 -0.0444
vn -0.6067 0.6720 0.4247
vn -0.1735 0.8349 0.5224
vn 0.6218 -0.5129 0.5918
vn 0.0248 -0.9989 0.0392
vn -0.2176 -0.8637 0.4545
vn -0.0712 -0.9829 0.1701
vn 0.0029 -1.0000 0.0066
vn -0.2379 -0.5989 0.7647
vn -0.4722 -0.7066 0.5270
vn -0.1210 -0.9502 -0.2872
vn -0.0080 -0.9644 -0.2644
vn 0.0933 -0.8786 -0.4684
vn 0.0169 -0.9666 -0.2557
vn 0.0649 -0.9621 -0.2650
vn -0.0214 -0.9992 -0.0343
vn 0.9598 -0.0245 0.2795
vn 0.9416 0.0525 0.3327
vn 0.7419 -0.0228 0.6701
vn 0.7210 -0.1632 0.6734
vn 0.9665 -0.1029 0.2350
vn 0.2748 -0.1279 0.9529
vn 0.3095 -0.0407 0.9500
vn -0.0465 -0.0443 0.9979
vn -0.1476 -0.0595 0.9873
vn -0.3988 -0.0590 0.9151
vn -0.6767 -0.2116 0.7052
vn -0.6997 -0.0927 0.7084
vn -0.8931 0.0082 0.4498
vn -0.8975 -0.1273 0.4223
vn -0.2087 -0.2552 0.9441
vn 0.0395 -0.4507 0.8918
vn 0.9592 -0.0754 0.2725
vn 0.7849 -0.1733 0.5949
vn 0.2731 -0.4381 0.8564
vn 0.9587 -0.0497 0.2800
vn -0.2325 -0.3348 0.9132
vn 0.1210 -0.0510 0.9913
vn 0.6202 -0.0564 0.7824
vn 0.8945 -0.1607 0.4172
vn -0.5972 -0.1398 0.7898
vn -0.9220 -0.1799 0.3429
vn -0.8558 0.0289 0.5164
vn -0.8497 0.0567 0.5242
vn -0.7638 -0.0369 0.6444
vn -0.7711 -0.0557 0.6343
vn -0.5888 -0.0413 0.8072
vn -0.1904 -0.0517 0.9804
vn -0.9387 -0.1300 0.3192
vn -0.9328 -0.0105 0.3602
vn -0.9915 -0.1265 0.0302
vn -0.9967 -0.0791 -0.0156
vn -0.9188 -0.1195 -0.3761
vn -0.8669 -0.0636 -0.4944
vn -0.7284 -0.1158 -0.6753
vn -0.9282 -0.1530 0.3392
vn -0.4692 -0.1021 -0.8772
vn -0.2898 -0.0138 -0.9570
vn -0.0613 -0.0859 -0.9944
vn 0.3948 -0.0655 -0.9164
vn 0.4150 0.0904 -0.9053
vn 0.7738 -0.0368 -0.6324
vn 0.8397 0.0331 -0.5421
vn 0.9586 -0.0219 -0.2838
vn 0.9943 -0.0569 -0.0900
vn 0.9992 -0.0245 0.0321
vn 0.9718 0.0539 0.2298
vn 0.9822 -0.0355 0.1846
vn 0.9776 -0.0984 0.1862
vn 0.9972 -0.0127 -0.0734
vn 0.9702 -0.0513 0.2369
vn 0.9983 -0.0275 -0.0518
vn 0.9517 -0.0539 0.3022
vn 0.8616 0.0266 -0.5069
vn -0.8005 0.1350 -0.5839
vn -0.9244 0.0095 0.3814
vn -0.9880 0.1052 -0.1135
vn -0.7972 0.0570 0.6011
vn -0.9903 -0.0130 0.1385
vn -0.9441 0.0703 -0.3221
vn -0.2943 0.2340 -0.9266
vn -0.8237 -0.0625 0.5636
vn -0.7636 0.1328 -0.6319
vn -0.9530 -0.2113 0.2169
vn -0.5468 0.1100 -0.8300
vn -0.0469 0.0361 -0.9982
vn 0.5208 0.0675 -0.8510
vn -0.6599 -0.0910 -0.7458
vn -0.9720 -0.0873 -0.2181
vn 0.2121 -0.0804 -0.9739
vn 0.9248 -0.0859 -0.3705
vn 0.9048 -0.0513 -0.4227
vn 0.9959 -0.0477 -0.0774
vn 0.5226 -0.6246 0.5803
vn -0.6718 0.0046 0.7408
vn -0.4699 -0.6235 0.6249
vn 0.5440 -0.4699 0.6952
vn -0.7016 -0.7106 -0.0528
vn -0.7073 0.3046 0.6379
vn -0.9852 -0.1585 -0.0647
vn -0.3877 -0.6140 -0.6875
vn -0.5478 -0.0269 -0.8362
vn 0.5029 0.0029 -0.8643
vn 0.5465 -0.6357 -0.5452
vn 0.9928 -0.1165 -0.0288
vn 0.9660 -0.1044 0.2365
vn -0.6952 -0.0913 0.7130
vn -0.7367 -0.0750 0.6721
vn -0.8544 -0.2242 0.4688
vn -0.4142 -0.0711 0.9074
vn -0.9326 -0.0953 0.3480
vn -0.4685 -0.0568 0.8816
vn -0.0108 -0.0572 0.9983
vn 0.9709 -0.0614 0.2314
vn 0.9369 -0.0100 0.3494
vn 0.7534 -0.0298 0.6569
vn -0.0614 -0.0343 0.9975
vn 0.3908 -0.0363 0.9197
vn 0.1060 0.5020 0.8583
vn -0.0235 0.4520 0.8917
vn -0.1686 -0.4342 0.8849
vn -0.1316 -0.9855 -0.1067
vn -0.0356 -0.8104 0.5848
vn -0.4325 -0.8212 -0.3723
vn -0.2089 -0.9772 -0.0385
vn -0.2494 -0.9326 0.2610
vn -0.1684 -0.8022 -0.5729
vn 0.0201 0.4126 -0.9107
vn 0.0195 0.9319 -0.3622
vn 0.0255 0.9961 0.0843
vn 0.5144 -0.5305 0.6737
vn 0.2087 -0.9444 -0.2540
vn 0.3509 -0.7641 0.5414
vn 0.1440 -0.8456 -0.5141
vn -0.3292 -0.9385 0.1043
vn -0.0264 -0.9936 -0.1100
vn -0.6643 -0.7475 -0.0048
vn 0.4020 -0.6463 0.6486
vn 0.4115 -0.2790 0.8677
vn -0.2270 0.7436 0.6289
vn -0.0180 0.7418 0.6703
vn -0.7719 0.3173 -0.5508
vn -0.4104 0.8601 0.3028
vn -0.4704 0.8739 -0.1227
vn -0.6997 0.6779 -0.2257
vn -0.9608 0.1171 -0.2513
vn -0.4453 -0.0710 -0.8926
vn -0.4621 0.2918 -0.8374
vn -0.7458 0.6441 -0.1703
vn 0.2141 -0.0064 0.9768
vn -0.6438 0.3469 0.6820
vn -0.9486 0.0114 -0.3162
vn -0.3987 -0.8636 0.3085
vn -0.0595 0.5698 0.8196
vn -0.0312 0.8318 0.5542
vn -0.1500 0.0838 0.9851
vn -0.0227 0.8307 0.5563
vn -0.1724 0.9847 0.0262
vn -0.2562 0.9658 -0.0393
vn -0.1783 0.9516 -0.2505
vn -0.3548 0.7276 -0.5871
vn -0.2124 0.9174 -0.3366
vn -0.0432 0.6978 -0.7150
vn -0.0491 0.9382 0.3427
vn -0.3090 0.8158 0.4888
vn -0.1438 0.8808 -0.4511
vn -0.2826 0.8169 0.5028
vn -0.0470 0.1046 0.9934
vn -0.0296 0.7717 0.6353
vn -0.1206 0.9515 -0.2830
vn -0.0019 0.1808 0.9835
vn 0.1028 0.5985 0.7945
vn 0.0067 0.9819 0.1893
vn -0.1193 0.4505 -0.8848
vn -0.0545 0.3646 0.9296
vn -0.2080 -0.1636 0.9643
vn -0.6241 -0.6210 0.4741
vn -0.8930 -0.4498 -0.0161
vn -0.7904 -0.4514 -0.4141
vn -0.2892 -0.0303 -0.9568
vn -0.0248 0.5469 -0.8368
vn -0.1501 0.6171 -0.7725
vn -0.6210 0.7838 0.0015
vn -0.0250 0.2465 0.9688
vn -0.0014 0.8522 0.5233
vn 0.0082 0.5672 0.8236
vn -0.0505 0.1180 0.9917
vn -0.0296 0.9627 -0.2691
vn -0.2606 -0.0074 0.9654
vn -0.2243 0.2346 0.9459
vn -0.6271 -0.7509 0.2069
vn -0.7292 -0.5555 0.3997
vn 0.1612 0.2924 -0.9426
vn -0.1053 0.4267 -0.8982
vn -0.2124 0.1657 -0.9630
vn -0.0410 0.1996 -0.9790
vn -0.0273 0.1266 -0.9916
vn -0.5399 0.8415 -0.0203
vn 0.1323 -0.4075 0.9036
vn -0.0179 0.5285 0.8488
vn -0.0628 0.4844 -0.8726
vn 0.0552 0.9808 0.1871
vn 0.0745 0.6122 0.7872
vn 0.0439 0.5328 0.8451
vn -0.2124 0.1227 0.9695
vn -0.7263 -0.3924 0.5643
vn -0.9771 -0.2055 -0.0562
vn -0.7156 -0.2918 -0.6347
vn -0.2817 0.1234 -0.9515
vn -0.0338 0.4442 -0.8953
vn -0.0189 0.4916 -0.8706
vn -0.5027 0.7491 -0.4315
vn -0.0657 0.3471 0.9355
vn -0.0165 -0.2748 -0.9614
vn -0.0535 -0.9665 -0.2511
vn -0.1129 0.5263 0.8428
vn -0.0245 0.2838 0.9586
vn -0.0634 0.1931 -0.9791
vn -0.0169 0.9738 -0.2269
vn -0.2414 -0.1693 0.9556
vn -0.3601 0.0540 0.9314
vn -0.7078 -0.7000 -0.0951
vn -0.4282 -0.7114 -0.5573
vn -0.6427 -0.4823 -0.5953
vn -0.5407 -0.7819 0.3103
vn -0.1690 -0.4062 0.8980
vn -0.0591 -0.7035 0.7082
vn -0.0983 -0.4127 0.9055
vn -0.6535 -0.7541 -0.0649
vn 0.1129 -0.2991 -0.9475
vn -0.0455 -0.4228 -0.9051
vn -0.1063 -0.8969 -0.4293
vn -0.0318 -0.6940 0.7193
vn -0.4905 -0.8689 -0.0670
vn -0.0218 -0.0674 0.9975
vn -0.1031 0.2358 0.9663
vn -0.0465 -0.0740 0.9962
vn -0.0376 -0.4984 -0.8661
vn -0.3974 -0.2361 0.8867
vn -0.4728 -0.8481 0.2390
vn -0.5964 -0.6998 -0.3932
vn -0.8022 -0.5741 0.1637
vn 0.0096 -0.3544 -0.9350
vn 0.0257 0.9575 0.2874
vn -0.0554 -0.6857 -0.7258
vn -0.1158 -0.9206 0.3729
vn -0.2072 -0.8854 0.4161
vn -0.0419 -0.5347 0.8440
vn -0.1608 -0.1126 0.9805
vn -0.9445 -0.2858 -0.1620
vn -0.0278 0.0594 0.9978
vn -0.3279 -0.8728 0.3615
vn 0.0009 -0.1193 -0.9929
vn -0.0701 -0.7563 -0.6504
vn -0.0764 -0.0878 0.9932
vn -0.0372 -0.5383 0.8419
vn -0.0898 -0.1166 -0.9891
vn -0.2192 -0.1844 0.9581
vn -0.9231 -0.3806 0.0542
vn -0.7102 -0.6049 -0.3602
vn -0.2355 -0.0707 -0.9693
vn -0.4445 -0.8217 -0.3567
vn -0.0229 -0.4858 -0.8738
vn -0.1034 -0.5436 0.8330
vn -0.6325 -0.7456 0.2098
vn -0.2647 -0.4418 -0.8572
vn -0.7655 -0.5923 -0.2512
vn -0.1041 0.4816 0.8702
vn 0.0945 0.1386 0.9858
vn 0.1250 -0.6879 0.7150
vn 0.2575 -0.9613 0.0980
vn 0.2377 -0.9710 0.0247
vn -0.1266 -0.6072 0.7844
vn 0.0477 -0.8065 0.5894
vn 0.0428 -0.5733 -0.8183
vn 0.2010 -0.4010 -0.8938
vn 0.0325 -0.6373 0.7700
vn 0.1643 -0.8773 -0.4510
vn 0.6603 -0.6747 0.3298
vn 0.1184 -0.2150 0.9694
vn 0.8489 -0.4817 0.2175
vn 0.5190 -0.6106 -0.5982
vn 0.1426 -0.3415 -0.9290
vn 0.2006 -0.0066 -0.9796
vn 0.5498 -0.8260 0.1238
vn -0.1022 0.7512 0.6521
vn -0.0748 -0.2507 0.9652
vn 0.1482 -0.9859 0.0782
vn 0.1429 -0.8934 -0.4258
vn 0.0984 -0.9461 -0.3085
vn -0.0333 0.4032 -0.9145
vn -0.0461 0.9758 -0.2139
vn -0.0075 0.9842 0.1769
vn 0.0447 0.7869 0.6154
vn -0.3842 -0.3674 0.8470
vn -0.3728 -0.8730 0.3145
vn -0.2860 -0.9282 0.2381
vn -0.3258 -0.7280 0.6032
vn -0.2666 -0.9625 0.0507
vn -0.3333 -0.8999 0.2812
vn 0.0244 -0.9986 -0.0465
vn 0.1342 -0.9892 0.0581
vn 0.3669 -0.9299 0.0262
vn 0.5551 0.2709 0.7864
vn 0.4995 0.8633 0.0729
vn -0.1117 0.3472 0.9311
vn 0.9226 0.0612 -0.3809
vn 0.8654 -0.3416 -0.3666
vn 0.6889 0.3861 -0.6135
vn 0.3751 0.6305 -0.6795
vn 0.4444 0.5500 -0.7071
vn 0.5806 0.7828 0.2241
vn 0.5998 0.6322 -0.4905
vn 0.0182 0.5123 0.8586
vn 0.9638 -0.2608 0.0547
vn 0.3846 0.3330 0.8609
vn 0.1644 0.9861 0.0255
vn 0.2129 0.9724 0.0952
vn 0.0233 0.8452 0.5339
vn -0.0267 0.2547 0.9667
vn 0.1742 0.9531 -0.2475
vn 0.2654 0.8133 -0.5177
vn -0.0080 -0.7434 -0.6688
vn 0.1514 0.9481 -0.2796
vn -0.0312 0.9868 -0.1590
vn 0.0055 0.1133 -0.9935
vn 0.0975 0.6701 -0.7358
vn 0.4807 0.8346 -0.2692
vn 0.4335 0.7835 0.4452
vn 0.1832 0.9313 0.3149
vn 0.1706 0.8016 -0.5730
vn 0.0298 0.1268 0.9915
vn 0.0396 0.5425 0.8391
vn -0.0145 0.9779 0.2085
vn 0.0638 0.7074 0.7039
vn 0.0780 0.5356 -0.8409
vn 0.1957 0.0825 0.9772
vn -0.0057 0.5446 0.8387
vn 0.6015 -0.6857 0.4098
vn 0.6803 -0.6407 0.3559
vn -0.2629 0.2889 -0.9206
vn 0.2503 0.1833 -0.9506
vn -0.0371 0.4426 -0.8960
vn 0.0324 0.0400 -0.9987
vn 0.4401 0.8979 -0.0033
vn 0.0546 0.7349 -0.6760
vn 0.0814 0.6734 0.7348
vn -0.0082 0.9906 0.1363
vn -0.0243 0.5297 0.8478
vn 0.0556 0.1755 0.9829
vn 0.0636 0.4938 -0.8673
vn 0.1782 0.1109 0.9777
vn 0.7545 -0.4568 0.4712
vn 0.9672 -0.2505 -0.0407
vn 0.8005 -0.3257 -0.5031
vn 0.2893 0.1465 -0.9460
vn -0.0580 0.3316 -0.9416
vn 0.0421 0.1527 -0.9874
vn 0.6954 0.7160 -0.0621
vn 0.0366 0.2282 0.9729
vn 0.0374 0.8926 0.4493
vn 0.0182 0.2479 0.9686
vn 0.0221 0.5109 0.8593
vn -0.0282 0.9970 0.0727
vn 0.0734 0.4297 -0.9000
vn 0.1772 0.1759 0.9683
vn 0.2626 0.0213 0.9647
vn -0.2109 -0.1432 0.9669
vn 0.3143 0.0500 -0.9480
vn 0.1417 -0.7803 -0.6091
vn 0.6959 -0.4923 -0.5228
vn 0.0061 0.3569 -0.9341
vn 0.0116 0.1714 -0.9851
vn 0.5428 0.7718 -0.3312
vn 0.0780 0.3311 0.9404
vn 0.0823 0.6710 0.7369
vn 0.0455 0.2169 0.9751
vn 0.1036 0.4837 0.8691
vn 0.2363 -0.1587 0.9586
vn 0.8774 -0.4080 0.2523
vn 0.0282 0.2468 -0.9686
vn -0.0195 -0.6234 -0.7817
vn 0.6901 -0.4897 -0.5329
vn 0.0282 -0.6141 -0.7887
vn 0.4599 -0.8530 0.2468
vn 0.0386 -0.5574 0.8294
vn 0.0508 -0.8725 0.4859
vn -0.0245 -0.3910 0.9200
vn 0.5720 -0.8202 -0.0083
vn 0.0724 -0.4935 -0.8667
vn -0.0166 0.9538 -0.2999
vn 0.0727 -0.7672 -0.6372
vn 0.1215 -0.9031 0.4119
vn 0.0338 -0.2711 0.9620
vn 0.6682 -0.7243 -0.1698
vn -0.1095 0.8957 0.4310
vn 0.0461 -0.7768 0.6281
vn 0.1119 -0.4420 -0.8900
vn 0.0509 -0.4464 -0.8934
vn 0.1204 -0.8725 -0.4736
vn -0.0923 -0.2458 0.9649
vn 0.0838 -0.1571 -0.9840
vn 0.2583 -0.6700 0.6960
vn 0.7471 -0.3983 0.5322
vn 0.5850 -0.7813 -0.2176
vn 0.7418 -0.4722 -0.4761
vn 0.0679 -0.4690 0.8806
vn 0.1020 -0.2588 -0.9605
vn 0.3285 -0.3521 0.8764
vn 0.6865 -0.7078 -0.1664
vn 0.1954 -0.2650 -0.9442
vn 0.9933 -0.0960 0.0639
vn -0.8318 0.5551 0.0042
vn -0.8050 0.4877 0.3379
vn -0.8269 0.0063 0.5623
vn -0.9945 -0.0320 -0.0998
vn -0.9897 -0.1386 0.0371
vn -0.0487 -0.2829 0.9579
vn -0.9720 0.0103 -0.2346
vn -0.6750 -0.2682 0.6873
vn -0.1136 -0.8845 -0.4525
vn 0.0875 -0.8853 -0.4567
vn 0.7132 -0.1478 0.6852
vn 0.5565 0.3322 0.7616
vn 0.9967 -0.0759 0.0302
vn 0.8924 0.2938 0.3424
vn 0.9658 -0.0059 -0.2594
vn 0.9545 -0.0153 -0.2978
vn 0.7964 0.6045 0.0188
vt 0.418899 0.725872
vt 0.421631 0.731414
vt 0.418584 0.732809
vt 0.421387 0.728027
vt 0.416260 0.728027
vt 0.415771 0.731374
vt 0.388662 0.902837
vt 0.361956 0.915319
vt 0.382568 0.893066
vt 0.378932 0.882806
vt 0.358567 0.866020
vt 0.377023 0.865088
vt 0.381358 0.848292
vt 0.342192 0.905916
vt 0.377564 0.834782
vt 0.389139 0.838010
vt 0.398518 0.824747
vt 0.399211 0.814379
vt 0.404541 0.820801
vt 0.379492 0.820408
vt 0.387853 0.797894
vt 0.368408 0.808594
vt 0.349667 0.822536
vt 0.361878 0.833828
vt 0.335286 0.827336
vt 0.335390 0.871711
vt 0.320068 0.828130
vt 0.291591 0.827814
vt 0.291443 0.872321
vt 0.324187 0.885112
vt 0.264216 0.828128
vt 0.246880 0.871673
vt 0.293261 0.880689
vt 0.223828 0.865995
vt 0.232452 0.822447
vt 0.246866 0.827321
vt 0.220540 0.833835
vt 0.200213 0.846673
vt 0.259406 0.885560
vt 0.291242 0.906276
vt 0.267879 0.911860
vt 0.204008 0.879432
vt 0.240164 0.905794
vt 0.199583 0.893065
vt 0.215439 0.913110
vt 0.228057 0.918818
vt 0.193604 0.902832
vt 0.204735 0.860328
vt 0.204518 0.834774
vt 0.193352 0.838270
vt 0.183885 0.824746
vt 0.182994 0.814368
vt 0.177734 0.820801
vt 0.202804 0.820488
vt 0.194439 0.797902
vt 0.213745 0.808594
vt 0.631436 0.752955
vt 0.631836 0.791992
vt 0.627979 0.778034
vt 0.662319 0.761234
vt 0.707211 0.769940
vt 0.672530 0.815051
vt 0.655213 0.796878
vt 0.625977 0.787598
vt 0.640611 0.806650
vt 0.730033 0.776608
vt 0.644780 0.817115
vt 0.750090 0.776522
vt 0.729866 0.812918
vt 0.682853 0.830788
vt 0.673868 0.847587
vt 0.649305 0.854593
vt 0.648944 0.884771
vt 0.649920 0.870120
vt 0.681584 0.893862
vt 0.696942 0.885156
vt 0.692438 0.899518
vt 0.711581 0.876253
vt 0.724501 0.846030
vt 0.772334 0.817479
vt 0.785882 0.770800
vt 0.818155 0.764285
vt 0.838577 0.790844
vt 0.848470 0.757566
vt 0.864258 0.791992
vt 0.864266 0.752981
vt 0.870126 0.787633
vt 0.855483 0.806649
vt 0.820484 0.819118
vt 0.851358 0.816449
vt 0.823878 0.844045
vt 0.771207 0.851827
vt 0.744966 0.904265
vt 0.706262 0.916176
vt 0.719375 0.912907
vt 0.716811 0.938545
vt 0.729616 0.953351
vt 0.718749 0.955053
vt 0.748447 0.953616
vt 0.757401 0.907381
vt 0.766670 0.953367
vt 0.779209 0.938917
vt 0.777344 0.954975
vt 0.777297 0.912657
vt 0.789619 0.916345
vt 0.803378 0.899747
vt 0.789310 0.874671
vt 0.799980 0.882785
vt 0.816705 0.893097
vt 0.846981 0.853451
vt 0.846173 0.870120
vt 0.846680 0.884766
vt 0.349583 0.789547
vt 0.346963 0.755586
vt 0.352829 0.768143
vt 0.333991 0.786494
vt 0.359965 0.747498
vt 0.325401 0.765657
vt 0.310239 0.781238
vt 0.328759 0.733882
vt 0.307555 0.764074
vt 0.369620 0.721691
vt 0.303223 0.778809
vt 0.361380 0.713586
vt 0.303270 0.729651
vt 0.379972 0.688432
vt 0.371180 0.668506
vt 0.385318 0.663109
vt 0.357921 0.669339
vt 0.351399 0.710959
vt 0.364474 0.624423
vt 0.337763 0.704074
vt 0.320386 0.709826
vt 0.302224 0.674094
vt 0.329637 0.669022
vt 0.345063 0.661142
vt 0.311602 0.652192
vt 0.321044 0.649962
vt 0.331229 0.639883
vt 0.307437 0.632223
vt 0.317044 0.621494
vt 0.352050 0.616545
vt 0.395289 0.613546
vt 0.391061 0.578012
vt 0.376254 0.572261
vt 0.403066 0.582524
vt 0.368869 0.568442
vt 0.323148 0.580777
vt 0.336670 0.554712
vt 0.349431 0.560765
vt 0.361370 0.565870
vt 0.307053 0.608520
vt 0.301025 0.612305
vt 0.297551 0.612623
vt 0.291741 0.610870
vt 0.286178 0.636920
vt 0.284924 0.659182
vt 0.272601 0.695463
vt 0.272559 0.630911
vt 0.287848 0.610514
vt 0.280163 0.612597
vt 0.276611 0.612305
vt 0.260619 0.621550
vt 0.270291 0.608438
vt 0.266568 0.643715
vt 0.260364 0.669259
vt 0.247899 0.661032
vt 0.257174 0.712274
vt 0.239719 0.704306
vt 0.246310 0.640001
vt 0.232473 0.661207
vt 0.226090 0.710878
vt 0.219645 0.668782
vt 0.206680 0.670170
vt 0.216531 0.714870
vt 0.198048 0.690170
vt 0.192334 0.663582
vt 0.206438 0.717274
vt 0.215528 0.742640
vt 0.230629 0.755461
vt 0.248724 0.733855
vt 0.224496 0.767072
vt 0.252257 0.765543
vt 0.227934 0.789547
vt 0.244279 0.786302
vt 0.267283 0.781259
vt 0.272429 0.764024
vt 0.273935 0.736841
vt 0.274414 0.778809
vt 0.278944 0.719549
vt 0.288604 0.750837
vt 0.292147 0.760258
vt 0.297363 0.780761
vt 0.288631 0.781660
vt 0.287651 0.761624
vt 0.280273 0.780762
vt 0.288760 0.757052
vt 0.165509 0.901486
vt 0.178827 0.898110
vt 0.177979 0.911586
vt 0.173172 0.910078
vt 0.167345 0.889061
vt 0.183668 0.887320
vt 0.180776 0.893555
vt 0.167223 0.894780
vt 0.105313 0.900397
vt 0.186661 0.877039
vt 0.168230 0.876772
vt 0.187621 0.869629
vt 0.098452 0.899414
vt 0.090239 0.896278
vt 0.087474 0.885777
vt 0.085480 0.880910
vt 0.095325 0.875345
vt 0.084371 0.891195
vt 0.091312 0.900409
vt 0.049339 0.897029
vt 0.011282 0.885637
vt 0.010770 0.892096
vt 0.011946 0.879159
vt 0.012264 0.874250
vt 0.012604 0.865642
vt 0.092526 0.870370
vt 0.087741 0.865680
vt 0.012455 0.856086
vt 0.089967 0.859286
vt 0.082204 0.855615
vt 0.011822 0.851368
vt 0.088530 0.845327
vt 0.010731 0.843750
vt 0.050770 0.839628
vt 0.090879 0.835772
vt 0.080367 0.835952
vt 0.098450 0.833984
vt 0.105340 0.835370
vt 0.137508 0.841829
vt 0.147125 0.831264
vt 0.166800 0.832281
vt 0.172581 0.823596
vt 0.178930 0.823752
vt 0.180911 0.835000
vt 0.169152 0.840629
vt 0.184360 0.850512
vt 0.157329 0.849190
vt 0.098557 0.853118
vt 0.118236 0.851858
vt 0.120637 0.864301
vt 0.137175 0.856475
vt 0.187249 0.863768
vt 0.186242 0.857422
vt 0.535849 0.676740
vt 0.536403 0.687499
vt 0.530842 0.681218
vt 0.545448 0.678464
vt 0.544692 0.690129
vt 0.539117 0.695660
vt 0.547956 0.700383
vt 0.540575 0.709604
vt 0.549171 0.711030
vt 0.559157 0.709171
vt 0.548709 0.716284
vt 0.539020 0.715805
vt 0.542762 0.730662
vt 0.530796 0.730898
vt 0.556902 0.717081
vt 0.533995 0.734596
vt 0.537371 0.743082
vt 0.542301 0.740387
vt 0.542614 0.753323
vt 0.546209 0.754789
vt 0.544237 0.763277
vt 0.543874 0.768998
vt 0.546342 0.773796
vt 0.550705 0.755757
vt 0.557743 0.734293
vt 0.564804 0.722352
vt 0.559805 0.713233
vt 0.582766 0.726224
vt 0.558965 0.756421
vt 0.550734 0.766290
vt 0.552998 0.759207
vt 0.554685 0.758916
vt 0.549891 0.770650
vt 0.543605 0.773778
vt 0.546962 0.777336
vt 0.544881 0.779233
vt 0.418895 0.709081
vt 0.421631 0.714788
vt 0.418618 0.715767
vt 0.421387 0.711426
vt 0.416260 0.710938
vt 0.415771 0.714258
vt 0.419567 0.700668
vt 0.421528 0.704178
vt 0.421376 0.706577
vt 0.416846 0.700694
vt 0.415473 0.707031
vt 0.414815 0.705682
vt 0.419176 0.717249
vt 0.421631 0.723113
vt 0.418535 0.724029
vt 0.421387 0.719238
vt 0.416818 0.718567
vt 0.415771 0.722569
vt 0.418775 0.734491
vt 0.421631 0.740190
vt 0.418687 0.741175
vt 0.421387 0.736816
vt 0.416504 0.736328
vt 0.416016 0.739690
vt 0.406214 0.062470
vt 0.405788 0.057057
vt 0.409667 0.060914
vt 0.398634 0.068601
vt 0.400828 0.071200
vt 0.396090 0.062804
vt 0.397347 0.073960
vt 0.400226 0.050988
vt 0.394695 0.070350
vt 0.390361 0.058076
vt 0.397285 0.047492
vt 0.384439 0.068226
vt 0.393532 0.043808
vt 0.384724 0.028111
vt 0.386993 0.027302
vt 0.389649 0.035094
vt 0.381432 0.021683
vt 0.359832 0.015607
vt 0.364258 0.014753
vt 0.360684 0.018483
vt 0.337359 0.043387
vt 0.341441 0.035129
vt 0.333795 0.047142
vt 0.334213 0.061620
vt 0.347110 0.049882
vt 0.344489 0.026696
vt 0.331296 0.050531
vt 0.325237 0.056754
vt 0.321534 0.059694
vt 0.330982 0.067160
vt 0.328776 0.069687
vt 0.335940 0.069744
vt 0.332791 0.073044
vt 0.342559 0.064711
vt 0.343261 0.083800
vt 0.347062 0.080309
vt 0.358315 0.071738
vt 0.349137 0.066180
vt 0.356558 0.059493
vt 0.363686 0.059382
vt 0.363963 0.070400
vt 0.350563 0.030860
vt 0.350673 0.020904
vt 0.357202 0.034332
vt 0.355851 0.021945
vt 0.359085 0.026270
vt 0.365371 0.020298
vt 0.369582 0.015248
vt 0.370643 0.021926
vt 0.374809 0.017233
vt 0.375601 0.024557
vt 0.362774 0.021560
vt 0.367672 0.020200
vt 0.378893 0.037206
vt 0.385925 0.049890
vt 0.376537 0.060147
vt 0.384001 0.081137
vt 0.387207 0.084045
vt 0.375762 0.074028
vt 0.370345 0.070889
vt 0.370014 0.060144
vt 0.363197 0.035236
vt 0.372098 0.034998
vt 0.213683 0.072000
vt 0.219180 0.074468
vt 0.223880 0.080760
vt 0.200802 0.082252
vt 0.226440 0.089294
vt 0.205078 0.074524
vt 0.208496 0.072632
vt 0.202637 0.077942
vt 0.199341 0.090637
vt 0.226674 0.098710
vt 0.199582 0.099035
vt 0.202955 0.119149
vt 0.223091 0.118499
vt 0.220951 0.127563
vt 0.204220 0.126953
vt 0.328613 0.536143
vt 0.332689 0.463238
vt 0.342529 0.536647
vt 0.348390 0.450040
vt 0.334036 0.447923
vt 0.352701 0.537169
vt 0.366990 0.491000
vt 0.367112 0.537454
vt 0.378396 0.537598
vt 0.395101 0.537599
vt 0.387264 0.492696
vt 0.409635 0.536485
vt 0.397191 0.462525
vt 0.379532 0.447542
vt 0.366337 0.446105
vt 0.361165 0.431540
vt 0.334680 0.407790
vt 0.347527 0.412282
vt 0.336412 0.369484
vt 0.357062 0.408612
vt 0.368345 0.421065
vt 0.354394 0.184661
vt 0.345459 0.184449
vt 0.378067 0.413780
vt 0.395116 0.444629
vt 0.396648 0.404463
vt 0.398682 0.372559
vt 0.398926 0.342529
vt 0.371896 0.332649
vt 0.394930 0.291003
vt 0.384453 0.184444
vt 0.366289 0.185403
vt 0.812012 0.443129
vt 0.824594 0.361030
vt 0.827646 0.444562
vt 0.842167 0.338311
vt 0.843754 0.446526
vt 0.854976 0.355824
vt 0.860352 0.447757
vt 0.827604 0.341311
vt 0.875977 0.448245
vt 0.888062 0.357644
vt 0.891113 0.448006
vt 0.905762 0.447269
vt 0.906154 0.341077
vt 0.920410 0.446288
vt 0.919956 0.341236
vt 0.936523 0.444842
vt 0.953613 0.443129
vt 0.960901 0.362138
vt 0.968754 0.441904
vt 0.935101 0.333296
vt 0.950869 0.311869
vt 0.958975 0.345133
vt 0.930811 0.267038
vt 0.950684 0.291748
vt 0.951072 0.261254
vt 0.915946 0.266827
vt 0.868253 0.321187
vt 0.851990 0.313268
vt 0.888507 0.319228
vt 0.930666 0.078077
vt 0.920581 0.175684
vt 0.910864 0.080530
vt 0.898102 0.081597
vt 0.905180 0.259881
vt 0.894371 0.250483
vt 0.886305 0.081454
vt 0.882859 0.255441
vt 0.870075 0.261202
vt 0.857296 0.254909
vt 0.869663 0.079803
vt 0.858886 0.078010
vt 0.845392 0.240160
vt 0.841197 0.177154
vt 0.833008 0.253009
vt 0.834961 0.303410
vt 0.373537 0.129272
vt 0.371862 0.138668
vt 0.356692 0.129635
vt 0.358884 0.138673
vt 0.359408 0.143134
vt 0.349857 0.141854
vt 0.351811 0.146611
vt 0.358514 0.153880
vt 0.363816 0.148240
vt 0.370601 0.154517
vt 0.367908 0.148059
vt 0.379010 0.147140
vt 0.381102 0.142455
vt 0.734420 0.509932
vt 0.664055 0.483883
vt 0.668451 0.472409
vt 0.698565 0.484039
vt 0.658651 0.496072
vt 0.713087 0.525461
vt 0.652778 0.506308
vt 0.728108 0.490484
vt 0.704685 0.545821
vt 0.645917 0.515070
vt 0.650925 0.556802
vt 0.630311 0.530688
vt 0.638614 0.522888
vt 0.620062 0.540956
vt 0.601564 0.553714
vt 0.611331 0.548829
vt 0.649230 0.608042
vt 0.590774 0.559000
vt 0.641265 0.618543
vt 0.651740 0.584124
vt 0.609785 0.591599
vt 0.633092 0.627640
vt 0.674326 0.599449
vt 0.662263 0.605023
vt 0.657401 0.642744
vt 0.645421 0.644047
vt 0.670977 0.634898
vt 0.660227 0.665959
vt 0.682874 0.671674
vt 0.688382 0.597956
vt 0.681903 0.578748
vt 0.677818 0.694794
vt 0.691254 0.705572
vt 0.693394 0.630061
vt 0.684496 0.714786
vt 0.705172 0.653453
vt 0.715475 0.685181
vt 0.688491 0.736814
vt 0.702555 0.717540
vt 0.705073 0.733455
vt 0.719450 0.703920
vt 0.731468 0.728871
vt 0.732892 0.709493
vt 0.733604 0.687597
vt 0.747831 0.708443
vt 0.749431 0.728516
vt 0.710330 0.620283
vt 0.732216 0.622455
vt 0.716972 0.592608
vt 0.712143 0.566706
vt 0.695571 0.571458
vt 0.731470 0.580606
vt 0.737446 0.492415
vt 0.723476 0.553663
vt 0.745051 0.512728
vt 0.745992 0.496927
vt 0.743338 0.560982
vt 0.751913 0.496436
vt 0.752338 0.512559
vt 0.749822 0.564369
vt 0.758270 0.492430
vt 0.761363 0.509950
vt 0.767935 0.490488
vt 0.765887 0.553321
vt 0.747924 0.588413
vt 0.738272 0.601950
vt 0.747549 0.615228
vt 0.746029 0.636223
vt 0.782711 0.525588
vt 0.791327 0.545810
vt 0.762263 0.685907
vt 0.762654 0.708866
vt 0.766398 0.729113
vt 0.776169 0.712230
vt 0.775009 0.689225
vt 0.795853 0.734759
vt 0.797090 0.717631
vt 0.803547 0.704997
vt 0.807128 0.736824
vt 0.811505 0.714604
vt 0.817897 0.695566
vt 0.818208 0.669080
vt 0.793744 0.651569
vt 0.847545 0.648168
vt 0.836104 0.637579
vt 0.813101 0.633640
vt 0.796289 0.623717
vt 0.854057 0.619006
vt 0.836667 0.598440
vt 0.863940 0.626090
vt 0.802306 0.606589
vt 0.822295 0.597718
vt 0.846981 0.607150
vt 0.807119 0.594095
vt 0.884214 0.594977
vt 0.905325 0.558994
vt 0.848211 0.562002
vt 0.894528 0.553716
vt 0.884276 0.548829
vt 0.875542 0.540958
vt 0.865297 0.530685
vt 0.856988 0.522890
vt 0.832038 0.483884
vt 0.827649 0.472407
vt 0.837439 0.496076
vt 0.796200 0.484459
vt 0.843317 0.506311
vt 0.849687 0.515070
vt 0.794767 0.571823
vt 0.813658 0.579223
vt 0.777389 0.562259
vt 0.764992 0.580933
vt 0.781558 0.589481
vt 0.761752 0.598801
vt 0.777082 0.616018
vt 0.759260 0.626407
vt 0.405029 0.731407
vt 0.408028 0.725815
vt 0.408112 0.732720
vt 0.405518 0.728027
vt 0.410400 0.728027
vt 0.410889 0.731372
vt 0.403521 0.898022
vt 0.416913 0.901444
vt 0.404298 0.911584
vt 0.409120 0.909597
vt 0.401040 0.892889
vt 0.397959 0.885743
vt 0.415137 0.888024
vt 0.414829 0.894293
vt 0.477123 0.900389
vt 0.483888 0.899414
vt 0.490387 0.892516
vt 0.494781 0.885631
vt 0.496070 0.880959
vt 0.486798 0.875395
vt 0.414288 0.876902
vt 0.491272 0.900406
vt 0.395623 0.877077
vt 0.395392 0.861446
vt 0.398116 0.849996
vt 0.412406 0.857563
vt 0.394780 0.869629
vt 0.571137 0.884621
vt 0.530575 0.897293
vt 0.571744 0.892094
vt 0.570312 0.879212
vt 0.569951 0.872223
vt 0.489770 0.868108
vt 0.494986 0.871349
vt 0.568964 0.860157
vt 0.569864 0.855941
vt 0.492349 0.859227
vt 0.493674 0.863281
vt 0.501401 0.854502
vt 0.570581 0.851245
vt 0.505613 0.850452
vt 0.529202 0.839363
vt 0.571777 0.843750
vt 0.490915 0.835436
vt 0.492884 0.842921
vt 0.483887 0.833984
vt 0.477054 0.835375
vt 0.466647 0.843440
vt 0.483772 0.852901
vt 0.435787 0.831211
vt 0.416049 0.833244
vt 0.409959 0.823661
vt 0.403347 0.823753
vt 0.401357 0.835056
vt 0.413490 0.840561
vt 0.433638 0.843566
vt 0.451394 0.852334
vt 0.458906 0.857948
vt 0.425324 0.866544
vt 0.511439 0.676519
vt 0.520013 0.676752
vt 0.524321 0.681227
vt 0.518901 0.687368
vt 0.516175 0.672080
vt 0.510429 0.691311
vt 0.516439 0.694638
vt 0.508521 0.681929
vt 0.514777 0.708862
vt 0.503991 0.701676
vt 0.497653 0.711165
vt 0.506717 0.711229
vt 0.506869 0.716395
vt 0.516096 0.715824
vt 0.524379 0.730896
vt 0.512416 0.730993
vt 0.498421 0.716379
vt 0.520931 0.735178
vt 0.517992 0.742963
vt 0.512931 0.740974
vt 0.512666 0.753215
vt 0.508653 0.754347
vt 0.511229 0.762899
vt 0.509122 0.771354
vt 0.504305 0.755458
vt 0.511438 0.769308
vt 0.496438 0.735372
vt 0.491304 0.722638
vt 0.477797 0.719466
vt 0.471741 0.728053
vt 0.494252 0.756540
vt 0.504197 0.764333
vt 0.502145 0.758923
vt 0.498060 0.760753
vt 0.505022 0.768360
vt 0.505375 0.771007
vt 0.511973 0.774931
vt 0.508382 0.777413
vt 0.510755 0.779271
vt 0.405029 0.714788
vt 0.405518 0.711426
vt 0.408039 0.715759
vt 0.407786 0.709046
vt 0.409823 0.710079
vt 0.410889 0.714256
vt 0.405222 0.706218
vt 0.406923 0.700913
vt 0.406570 0.707032
vt 0.409918 0.700703
vt 0.411364 0.707031
vt 0.412063 0.705551
vt 0.405043 0.722983
vt 0.407951 0.717331
vt 0.408014 0.724057
vt 0.410400 0.719238
vt 0.410889 0.722529
vt 0.405029 0.740183
vt 0.407857 0.734485
vt 0.408081 0.741144
vt 0.405518 0.736816
vt 0.410156 0.736328
vt 0.410877 0.739698
vt 0.168508 0.060823
vt 0.178677 0.067768
vt 0.177010 0.071043
vt 0.172217 0.056982
vt 0.180913 0.062430
vt 0.192617 0.027406
vt 0.184349 0.043697
vt 0.188354 0.034973
vt 0.191043 0.027092
vt 0.196550 0.021421
vt 0.236558 0.034446
vt 0.240663 0.043268
vt 0.237540 0.041388
vt 0.246295 0.049994
vt 0.241998 0.058864
vt 0.244030 0.046990
vt 0.252163 0.055856
vt 0.256334 0.059560
vt 0.249216 0.069501
vt 0.246723 0.067257
vt 0.245408 0.063344
vt 0.245125 0.072970
vt 0.236753 0.063926
vt 0.243164 0.065674
vt 0.240297 0.068499
vt 0.242841 0.071042
vt 0.234864 0.083678
vt 0.230847 0.080161
vt 0.222622 0.073032
vt 0.213897 0.070277
vt 0.216621 0.059377
vt 0.218479 0.070715
vt 0.223002 0.055719
vt 0.210043 0.059741
vt 0.232057 0.048665
vt 0.206575 0.071264
vt 0.203435 0.060532
vt 0.199889 0.075787
vt 0.195965 0.064863
vt 0.186665 0.066523
vt 0.194089 0.080961
vt 0.180266 0.073551
vt 0.190917 0.083922
vt 0.187810 0.057807
vt 0.177773 0.050858
vt 0.180634 0.047420
vt 0.233589 0.026521
vt 0.222423 0.023903
vt 0.225492 0.019271
vt 0.227819 0.029663
vt 0.216514 0.015112
vt 0.218493 0.034348
vt 0.217216 0.018329
vt 0.216050 0.021797
vt 0.212984 0.019568
vt 0.211168 0.014670
vt 0.218799 0.026640
vt 0.211223 0.020591
vt 0.206323 0.015767
vt 0.201411 0.018819
vt 0.197473 0.030683
vt 0.207892 0.022048
vt 0.203029 0.031357
vt 0.192546 0.048798
vt 0.204834 0.034765
vt 0.209074 0.035188
vt 0.358881 0.074524
vt 0.364323 0.072122
vt 0.354253 0.080859
vt 0.351558 0.089481
vt 0.377207 0.082416
vt 0.369385 0.072754
vt 0.373537 0.075409
vt 0.378662 0.090759
vt 0.351374 0.099125
vt 0.378268 0.100124
vt 0.355462 0.121269
vt 0.373789 0.127044
vt 0.356921 0.127675
vt 0.245017 0.463846
vt 0.248900 0.536086
vt 0.231897 0.536866
vt 0.229048 0.449404
vt 0.243614 0.448496
vt 0.220082 0.452421
vt 0.217049 0.537115
vt 0.208740 0.537111
vt 0.208344 0.493954
vt 0.199534 0.537497
vt 0.196833 0.447777
vt 0.182591 0.537608
vt 0.167986 0.536481
vt 0.180407 0.462712
vt 0.210071 0.444941
vt 0.214580 0.431589
vt 0.243160 0.408113
vt 0.230111 0.412395
vt 0.218441 0.420138
vt 0.241300 0.370500
vt 0.208785 0.418306
vt 0.215176 0.333931
vt 0.223368 0.184655
vt 0.232544 0.184328
vt 0.194952 0.410397
vt 0.182536 0.445140
vt 0.181206 0.404112
vt 0.179077 0.372314
vt 0.178955 0.342529
vt 0.182581 0.294083
vt 0.193545 0.184325
vt 0.211410 0.185365
vt 0.671516 0.361165
vt 0.683594 0.443130
vt 0.667969 0.444567
vt 0.653970 0.338512
vt 0.651855 0.446543
vt 0.640895 0.355768
vt 0.635742 0.447741
vt 0.668379 0.341942
vt 0.619629 0.448004
vt 0.607930 0.357022
vt 0.604492 0.448006
vt 0.590332 0.447252
vt 0.589803 0.340847
vt 0.575195 0.446295
vt 0.576106 0.341325
vt 0.559570 0.444840
vt 0.553372 0.353828
vt 0.541986 0.442883
vt 0.527345 0.441635
vt 0.534995 0.363418
vt 0.536563 0.345761
vt 0.558673 0.321222
vt 0.545105 0.303858
vt 0.565078 0.266698
vt 0.544498 0.263736
vt 0.580143 0.266564
vt 0.627653 0.321081
vt 0.661133 0.303335
vt 0.644016 0.313037
vt 0.663086 0.254386
vt 0.650482 0.240108
vt 0.638679 0.255051
vt 0.607616 0.319053
vt 0.655604 0.180957
vt 0.626027 0.261070
vt 0.637696 0.077952
vt 0.613239 0.255449
vt 0.601723 0.250483
vt 0.590914 0.259917
vt 0.609756 0.081403
vt 0.626805 0.079785
vt 0.598198 0.081547
vt 0.575639 0.175567
vt 0.585251 0.080471
vt 0.565426 0.078013
vt 0.206045 0.138683
vt 0.204348 0.129146
vt 0.219114 0.138550
vt 0.221191 0.129513
vt 0.218591 0.142983
vt 0.228022 0.141600
vt 0.226213 0.146438
vt 0.214729 0.147985
vt 0.219441 0.153797
vt 0.208728 0.154913
vt 0.209832 0.147863
vt 0.199098 0.147217
vt 0.196658 0.142341
vt 0.187121 0.577806
vt 0.196616 0.615277
vt 0.174556 0.582476
vt 0.201373 0.572241
vt 0.186626 0.631387
vt 0.211110 0.616328
vt 0.210303 0.567891
vt 0.240967 0.554714
vt 0.255295 0.582289
vt 0.228798 0.560803
vt 0.225410 0.616308
vt 0.219725 0.564479
vt 0.494500 0.764341
vt 0.489318 0.769457
vt 0.481204 0.781572
vt 0.484138 0.753592
vt 0.479223 0.780833
vt 0.477225 0.761473
vt 0.469459 0.747419
vt 0.464812 0.744086
vt 0.462082 0.737393
vt 0.470586 0.713771
vt 0.484660 0.702346
vt 0.494362 0.691079
vt 0.512888 0.670718
vt 0.509230 0.660117
vt 0.504310 0.647124
vt 0.506388 0.652986
vt 0.499367 0.642224
vt 0.501690 0.642748
vt 0.497409 0.641549
vt 0.500488 0.644079
vt 0.499894 0.645111
vt 0.498151 0.658945
vt 0.497135 0.645944
vt 0.496951 0.642311
vt 0.496584 0.644404
vt 0.494902 0.646185
vt 0.493362 0.645057
vt 0.493069 0.650046
vt 0.492920 0.655764
vt 0.492909 0.660819
vt 0.505404 0.662521
vt 0.495210 0.665228
vt 0.493164 0.662973
vt 0.491191 0.665629
vt 0.499755 0.669351
vt 0.488705 0.673715
vt 0.486198 0.665456
vt 0.480349 0.667940
vt 0.473086 0.672799
vt 0.467091 0.685416
vt 0.464292 0.694617
vt 0.466124 0.701089
vt 0.467187 0.705439
vt 0.454439 0.715440
vt 0.452333 0.711880
vt 0.459465 0.688328
vt 0.457977 0.677760
vt 0.464159 0.673201
vt 0.479984 0.661542
vt 0.470945 0.652592
vt 0.468269 0.655772
vt 0.472073 0.649996
vt 0.467193 0.641220
vt 0.461593 0.639427
vt 0.459208 0.639445
vt 0.462821 0.637571
vt 0.463370 0.636019
vt 0.459786 0.634937
vt 0.458754 0.634282
vt 0.458969 0.635282
vt 0.457467 0.639463
vt 0.459178 0.645471
vt 0.463309 0.654608
vt 0.466598 0.668351
vt 0.450281 0.663169
vt 0.448554 0.665711
vt 0.435396 0.657935
vt 0.440047 0.657802
vt 0.434794 0.660553
vt 0.434257 0.655676
vt 0.433349 0.656947
vt 0.430660 0.657227
vt 0.430235 0.657399
vt 0.432986 0.661557
vt 0.431065 0.661612
vt 0.435266 0.665743
vt 0.445034 0.672068
vt 0.457009 0.684110
vt 0.444065 0.687992
vt 0.442918 0.688015
vt 0.429185 0.695167
vt 0.430062 0.693117
vt 0.434369 0.688715
vt 0.428837 0.691364
vt 0.426394 0.690657
vt 0.425559 0.692757
vt 0.424072 0.693359
vt 0.425112 0.693717
vt 0.427887 0.696543
vt 0.434680 0.697499
vt 0.443798 0.697757
vt 0.460031 0.702458
vt 0.451191 0.709592
vt 0.448509 0.718864
vt 0.447728 0.721169
vt 0.441346 0.715052
vt 0.443296 0.712021
vt 0.442170 0.717796
vt 0.442618 0.716216
vt 0.439418 0.719666
vt 0.439214 0.716797
vt 0.439275 0.718304
vt 0.439557 0.718262
vt 0.440798 0.719460
vt 0.440995 0.721250
vt 0.444239 0.725579
vt 0.447585 0.723769
vt 0.452637 0.726784
vt 0.463206 0.730576
vt 0.447184 0.740134
vt 0.447432 0.742214
vt 0.439358 0.744817
vt 0.443839 0.747904
vt 0.462959 0.749636
vt 0.449792 0.749020
vt 0.448481 0.749529
vt 0.440403 0.750623
vt 0.438682 0.742568
vt 0.433158 0.750488
vt 0.434106 0.748358
vt 0.432178 0.746364
vt 0.430206 0.748524
vt 0.454003 0.762515
vt 0.459294 0.757556
vt 0.454865 0.764365
vt 0.449074 0.773104
vt 0.470985 0.759655
vt 0.456359 0.771180
vt 0.469488 0.764245
vt 0.474391 0.764741
vt 0.459283 0.769761
vt 0.471788 0.793294
vt 0.472309 0.777733
vt 0.471826 0.785224
vt 0.480904 0.782811
vt 0.476604 0.791025
vt 0.469087 0.787396
vt 0.474251 0.794278
vt 0.468963 0.797732
vt 0.469406 0.794835
vt 0.467852 0.793614
vt 0.444877 0.773558
vt 0.445926 0.769064
vt 0.450442 0.775527
vt 0.444295 0.777287
vt 0.443031 0.772655
vt 0.441988 0.777363
vt 0.561064 0.764671
vt 0.557404 0.761017
vt 0.566137 0.769825
vt 0.575575 0.765476
vt 0.578741 0.757841
vt 0.574142 0.781904
vt 0.578115 0.784887
vt 0.581176 0.779066
vt 0.583013 0.777632
vt 0.578528 0.791045
vt 0.584690 0.789912
vt 0.584603 0.795194
vt 0.580876 0.794028
vt 0.586370 0.797790
vt 0.587427 0.794112
vt 0.586148 0.787493
vt 0.583515 0.778376
vt 0.581606 0.764316
vt 0.595207 0.769525
vt 0.596412 0.769904
vt 0.588005 0.745791
vt 0.589052 0.753484
vt 0.592371 0.738262
vt 0.584614 0.713791
vt 0.565246 0.697576
vt 0.562638 0.685940
vt 0.564598 0.673484
vt 0.543910 0.669447
vt 0.539237 0.671708
vt 0.546161 0.660091
vt 0.554743 0.644313
vt 0.548974 0.652524
vt 0.550841 0.647202
vt 0.554418 0.642098
vt 0.556000 0.642114
vt 0.557985 0.641553
vt 0.558187 0.645789
vt 0.560268 0.645987
vt 0.557516 0.645926
vt 0.558265 0.642300
vt 0.562409 0.645692
vt 0.562012 0.648926
vt 0.562371 0.651824
vt 0.559079 0.661544
vt 0.562108 0.660302
vt 0.553877 0.667055
vt 0.562012 0.663002
vt 0.563797 0.665680
vt 0.583646 0.684637
vt 0.580838 0.674079
vt 0.574835 0.668564
vt 0.569017 0.665443
vt 0.589632 0.694383
vt 0.588229 0.701832
vt 0.598218 0.719812
vt 0.587905 0.705615
vt 0.612811 0.715823
vt 0.602755 0.718068
vt 0.602350 0.695945
vt 0.592669 0.683677
vt 0.595788 0.688617
vt 0.592717 0.674999
vt 0.584727 0.665899
vt 0.574948 0.661841
vt 0.583170 0.649939
vt 0.593583 0.639439
vt 0.588125 0.640978
vt 0.596090 0.639424
vt 0.592210 0.635778
vt 0.592406 0.637579
vt 0.595479 0.634945
vt 0.596488 0.634795
vt 0.598007 0.638214
vt 0.596086 0.645322
vt 0.592148 0.654577
vt 0.588837 0.668462
vt 0.607057 0.670924
vt 0.604974 0.663208
vt 0.619991 0.659785
vt 0.619962 0.657652
vt 0.615179 0.657848
vt 0.622030 0.661513
vt 0.620785 0.655759
vt 0.623712 0.657025
vt 0.625488 0.656738
vt 0.624515 0.657697
vt 0.623961 0.661846
vt 0.619972 0.665818
vt 0.610283 0.672124
vt 0.598307 0.684378
vt 0.611481 0.687992
vt 0.611447 0.690076
vt 0.621117 0.688721
vt 0.626440 0.691381
vt 0.625073 0.693206
vt 0.626236 0.695132
vt 0.628223 0.690433
vt 0.628906 0.691895
vt 0.630850 0.693368
vt 0.627771 0.696510
vt 0.630297 0.693879
vt 0.620681 0.697497
vt 0.611486 0.697754
vt 0.595396 0.702283
vt 0.604097 0.709643
vt 0.603430 0.711318
vt 0.611983 0.712011
vt 0.613865 0.714973
vt 0.615924 0.720057
vt 0.616052 0.718226
vt 0.613017 0.717667
vt 0.615696 0.718262
vt 0.614531 0.719717
vt 0.610342 0.719648
vt 0.613800 0.721073
vt 0.611056 0.725578
vt 0.605729 0.723970
vt 0.602607 0.726782
vt 0.592001 0.730363
vt 0.608078 0.740132
vt 0.594988 0.734516
vt 0.613306 0.743662
vt 0.615921 0.747986
vt 0.606185 0.749188
vt 0.592562 0.749937
vt 0.604938 0.749019
vt 0.597385 0.768592
vt 0.601218 0.762506
vt 0.600565 0.764297
vt 0.607594 0.771035
vt 0.604777 0.775496
vt 0.609358 0.769025
vt 0.607603 0.774793
vt 0.613176 0.777374
vt 0.611223 0.774869
vt 0.613576 0.775367
vt 0.614795 0.750637
vt 0.616770 0.742595
vt 0.621222 0.750612
vt 0.622001 0.747741
vt 0.621854 0.744765
vt 0.624972 0.748558
vt 0.242985 0.927855
vt 0.252876 0.921317
vt 0.266381 0.937289
vt 0.247793 0.947732
vt 0.255925 0.960598
vt 0.290839 0.948651
vt 0.247682 0.961402
vt 0.274045 0.952909
vt 0.283367 0.950561
vt 0.299341 0.950687
vt 0.308704 0.952337
vt 0.313192 0.915845
vt 0.326297 0.960574
vt 0.327396 0.926949
vt 0.334473 0.961347
vt 0.334341 0.949258
vt 0.339670 0.927471
s 1
usemtl Body
f 3/1/1 2/2/2 1/3/3
f 4/4/4 2/2/2 3/1/1
f 6/5/5 1/3/3 5/6/6
f 6/5/5 3/1/1 1/3/3
f 8/7/7 11/8/8 7/9/9
f 9/10/10 12/11/11 10/12/12
f 10/12/12 12/11/11 13/13/13
f 9/10/10 7/9/9 1204/14/14
f 7/9/9 11/8/8 1204/14/14
f 13/13/13 15/15/15 14/16/16
f 14/16/16 15/15/15 16/17/17
f 16/17/17 18/18/18 17/19/19
f 16/17/17 19/20/20 18/18/18
f 15/15/15 19/20/20 16/17/17
f 18/18/18 19/20/20 20/21/21
f 19/20/20 21/22/22 20/21/21
f 21/22/22 19/20/20 22/23/23
f 19/20/20 15/15/15 22/23/23
f 15/15/15 23/24/24 22/23/23
f 15/15/15 13/13/13 23/24/24
f 13/13/13 12/11/11 23/24/24
f 23/24/24 12/11/11 22/23/23
f 22/23/23 12/11/11 24/25/25
f 12/11/11 26/26/26 24/25/25
f 24/25/25 26/26/26 25/27/27
f 12/11/11 9/10/10 26/26/26
f 9/10/10 1204/14/14 26/26/26
f 27/28/28 25/27/27 29/29/29
f 26/26/26 1204/14/14 28/30/30
f 29/29/29 25/27/27 26/26/26
f 28/30/30 29/29/29 26/26/26
f 30/31/31 27/28/28 29/29/29
f 30/31/31 29/29/29 36/32/32
f 31/33/33 29/29/29 28/30/30
f 33/34/34 34/35/35 32/36/36
f 36/32/32 32/36/36 30/31/31
f 36/32/32 33/34/34 32/36/36
f 33/34/34 35/37/37 34/35/35
f 33/34/34 47/38/38 35/37/37
f 29/29/29 37/39/39 36/32/32
f 31/33/33 37/39/39 29/29/29
f 31/33/33 28/30/30 38/40/40
f 37/39/39 31/33/33 38/40/40
f 39/41/41 37/39/39 38/40/40
f 45/42/42 33/34/34 36/32/32
f 40/43/43 45/42/42 36/32/32
f 40/43/43 36/32/32 37/39/39
f 41/44/44 45/42/42 40/43/43
f 42/45/45 41/44/44 40/43/43
f 43/46/46 42/45/45 40/43/43
f 42/45/45 44/47/47 41/44/44
f 33/34/34 45/42/42 46/48/48
f 47/38/38 33/34/34 46/48/48
f 49/49/49 47/38/38 48/50/50
f 47/38/38 49/49/49 35/37/37
f 49/49/49 48/50/50 50/51/51
f 52/52/52 50/51/51 51/53/53
f 53/54/54 50/51/51 52/52/52
f 53/54/54 49/49/49 50/51/51
f 35/37/37 49/49/49 34/35/35
f 53/54/54 52/52/52 54/55/55
f 49/49/49 53/54/54 34/35/35
f 53/54/54 55/56/56 34/35/35
f 55/56/56 53/54/54 54/55/55
f 57/57/57 59/58/58 56/59/59
f 57/57/57 58/60/60 59/58/58
f 58/60/60 61/61/61 60/62/62
f 58/60/60 60/62/62 62/63/63
f 58/60/60 62/63/63 59/58/58
f 63/64/64 56/59/59 59/58/58
f 59/58/58 62/63/63 64/65/65
f 61/61/61 65/66/66 60/62/62
f 62/63/63 60/62/62 64/65/65
f 60/62/62 67/67/67 64/65/65
f 66/68/68 69/69/69 65/66/66
f 60/62/62 65/66/66 68/70/70
f 65/66/66 69/69/69 68/70/70
f 60/62/62 68/70/70 67/67/67
f 68/70/70 70/71/71 67/67/67
f 70/71/71 71/72/72 67/67/67
f 73/73/73 72/74/74 74/75/75
f 72/74/74 75/76/76 74/75/75
f 72/74/74 71/72/72 75/76/76
f 74/75/75 75/76/76 76/77/77
f 71/72/72 77/78/78 75/76/76
f 71/72/72 70/71/71 77/78/78
f 70/71/71 68/70/70 89/79/79
f 69/69/69 66/68/68 78/80/80
f 66/68/68 79/81/81 78/80/80
f 79/81/81 80/82/82 83/83/83
f 80/82/82 81/84/84 83/83/83
f 84/85/85 81/84/84 82/86/86
f 83/83/83 81/84/84 84/85/85
f 84/85/85 82/86/86 85/87/87
f 86/88/88 83/83/83 84/85/85
f 87/89/89 79/81/81 83/83/83
f 86/88/88 87/89/89 83/83/83
f 86/88/88 88/90/90 87/89/89
f 78/80/80 79/81/81 87/89/89
f 87/89/89 108/91/91 78/80/80
f 69/69/69 89/79/79 68/70/70
f 89/79/79 69/69/69 78/80/80
f 78/80/80 90/92/92 89/79/79
f 70/71/71 89/79/79 77/78/78
f 77/78/78 89/79/79 93/93/93
f 89/79/79 90/92/92 93/93/93
f 76/77/77 75/76/76 91/94/94
f 75/76/76 92/95/95 91/94/94
f 92/95/95 75/76/76 77/78/78
f 93/93/93 92/95/95 77/78/78
f 94/96/96 91/94/94 92/95/95
f 95/97/97 94/96/96 92/95/95
f 96/98/98 94/96/96 95/97/97
f 95/97/97 92/95/95 93/93/93
f 97/99/99 95/97/97 93/93/93
f 98/100/100 97/99/99 93/93/93
f 99/101/101 97/99/99 98/100/100
f 101/102/102 100/103/103 99/101/101
f 101/102/102 99/101/101 102/104/104
f 103/105/105 101/102/102 102/104/104
f 102/104/104 99/101/101 98/100/100
f 102/104/104 104/106/106 103/105/105
f 105/107/107 98/100/100 93/93/93
f 102/104/104 98/100/100 105/107/107
f 102/104/104 106/108/108 104/106/106
f 106/108/108 102/104/104 105/107/107
f 90/92/92 105/107/107 93/93/93
f 106/108/108 107/109/109 104/106/106
f 90/92/92 108/91/91 105/107/107
f 78/80/80 108/91/91 90/92/92
f 108/91/91 109/110/110 105/107/107
f 105/107/107 109/110/110 106/108/108
f 108/91/91 87/89/89 88/90/90
f 109/110/110 108/91/91 88/90/90
f 109/110/110 110/111/111 106/108/108
f 106/108/108 110/111/111 107/109/109
f 107/109/109 110/111/111 111/112/112
f 113/113/113 114/114/114 112/115/115
f 114/114/114 113/113/113 115/116/116
f 112/115/115 114/114/114 117/117/117
f 114/114/114 115/116/116 116/118/118
f 115/116/116 118/119/119 116/118/118
f 114/114/114 116/118/118 119/120/120
f 120/121/121 116/118/118 118/119/119
f 117/117/117 114/114/114 121/122/122
f 122/123/123 120/121/121 118/119/119
f 114/114/114 123/124/124 121/122/122
f 120/121/121 119/120/120 116/118/118
f 124/125/125 119/120/120 120/121/121
f 121/122/122 123/124/124 125/126/126
f 123/124/124 126/127/127 125/126/126
f 125/126/126 126/127/127 127/128/128
f 126/127/127 123/124/124 129/129/129
f 123/124/124 128/130/130 129/129/129
f 126/127/127 129/129/129 130/131/131
f 123/124/124 114/114/114 128/130/130
f 128/130/130 114/114/114 119/120/120
f 128/130/130 119/120/120 131/132/132
f 131/132/132 119/120/120 132/133/133
f 124/125/125 132/133/133 119/120/120
f 124/125/125 133/134/134 132/133/133
f 131/132/132 132/133/133 135/135/135
f 128/130/130 131/132/132 134/136/136
f 129/129/129 128/130/130 134/136/136
f 134/136/136 131/132/132 135/135/135
f 137/137/137 136/138/138 135/135/135
f 134/136/136 135/135/135 138/139/139
f 133/134/134 137/137/137 135/135/135
f 138/139/139 135/135/135 136/138/138
f 130/131/131 129/129/129 134/136/136
f 137/137/137 139/140/140 136/138/138
f 138/139/139 136/138/138 139/140/140
f 138/139/139 139/140/140 140/141/141
f 134/136/136 141/142/142 130/131/131
f 126/127/127 142/143/143 127/128/128
f 138/139/139 141/142/142 134/136/136
f 126/127/127 143/144/144 142/143/143
f 130/131/131 144/145/145 126/127/127
f 144/145/145 143/144/144 126/127/127
f 143/144/144 145/146/146 142/143/143
f 141/142/142 146/147/147 130/131/131
f 146/147/147 144/145/145 130/131/131
f 150/148/148 149/149/149 148/150/150
f 147/151/151 146/147/147 141/142/142
f 138/139/139 147/151/151 141/142/142
f 148/150/150 147/151/151 138/139/139
f 140/141/141 148/150/150 138/139/139
f 150/148/148 148/150/150 140/141/141
f 151/152/152 150/148/148 140/141/141
f 152/153/153 151/152/152 140/141/141
f 139/140/140 152/153/153 140/141/141
f 153/154/154 152/153/153 139/140/140
f 154/155/155 153/154/154 139/140/140
f 156/156/156 139/140/140 137/137/137
f 156/156/156 154/155/155 139/140/140
f 157/157/157 156/156/156 137/137/137
f 157/157/157 137/137/137 133/134/134
f 133/134/134 135/135/135 132/133/133
f 158/158/158 133/134/134 124/125/125
f 157/157/157 133/134/134 158/158/158
f 159/159/159 154/155/155 156/156/156
f 155/160/160 154/155/155 159/159/159
f 160/161/161 155/160/160 159/159/159
f 161/162/162 160/161/161 159/159/159
f 161/162/162 159/159/159 162/163/163
f 163/164/164 161/162/162 162/163/163
f 159/159/159 156/156/156 164/165/165
f 162/163/163 159/159/159 164/165/165
f 164/165/165 156/156/156 165/166/166
f 156/156/156 157/157/157 165/166/166
f 164/165/165 165/166/166 166/167/167
f 165/166/166 157/157/157 158/158/158
f 165/166/166 158/158/158 167/168/168
f 167/168/168 168/169/169 165/166/166
f 165/166/166 168/169/169 166/167/167
f 166/167/167 169/170/170 164/165/165
f 164/165/165 169/170/170 162/163/163
f 168/169/169 170/171/171 166/167/167
f 166/167/167 170/171/171 169/170/170
f 172/172/172 171/173/173 170/171/171
f 168/169/169 172/172/172 170/171/171
f 172/172/172 173/174/174 171/173/173
f 174/175/175 173/174/174 172/172/172
f 173/174/174 174/175/175 175/176/176
f 173/174/174 175/176/176 176/177/177
f 174/175/175 177/178/178 175/176/176
f 174/175/175 178/179/179 177/178/178
f 174/175/175 179/180/180 178/179/179
f 179/180/180 174/175/175 172/172/172
f 180/181/181 172/172/172 168/169/169
f 179/180/180 172/172/172 180/181/181
f 179/180/180 181/182/182 178/179/179
f 180/181/181 168/169/169 167/168/168
f 182/183/183 179/180/180 180/181/181
f 179/180/180 183/184/184 181/182/182
f 183/184/184 179/180/180 184/185/185
f 184/185/185 179/180/180 182/183/183
f 185/186/186 184/185/185 182/183/183
f 180/181/181 187/187/187 182/183/183
f 180/181/181 186/188/188 187/187/187
f 182/183/183 187/187/187 185/186/186
f 167/168/168 186/188/188 180/181/181
f 187/187/187 188/189/189 185/186/186
f 158/158/158 189/190/190 167/168/168
f 167/168/168 189/190/190 186/188/188
f 189/190/190 158/158/158 124/125/125
f 189/190/190 190/191/191 186/188/188
f 190/191/191 189/190/190 124/125/125
f 191/192/192 190/191/191 124/125/125
f 191/192/192 124/125/125 120/121/121
f 186/188/188 190/191/191 187/187/187
f 122/123/123 191/192/192 120/121/121
f 192/193/193 191/192/192 122/123/123
f 193/194/194 191/192/192 192/193/193
f 194/195/195 191/192/192 193/194/194
f 194/195/195 193/194/194 195/196/196
f 194/195/195 195/196/196 188/189/189
f 187/187/187 194/195/195 188/189/189
f 190/191/191 194/195/195 187/187/187
f 196/197/197 194/195/195 190/191/191
f 191/192/192 196/197/197 190/191/191
f 191/192/192 194/195/195 196/197/197
f 201/198/198 199/199/199 198/200/200
f 201/198/198 198/200/200 197/201/201
f 204/202/202 202/203/203 200/204/204
f 204/202/202 200/204/204 199/199/199
f 205/205/205 199/199/199 201/198/198
f 205/205/205 204/202/202 199/199/199
f 206/206/206 201/198/198 197/201/201
f 203/207/207 202/203/203 208/208/208
f 204/202/202 208/208/208 202/203/203
f 208/208/208 207/209/209 203/207/207
f 212/210/210 201/198/198 206/206/206
f 212/210/210 213/211/211 201/198/198
f 214/212/212 205/205/205 201/198/198
f 213/211/211 214/212/212 201/198/198
f 214/212/212 204/202/202 205/205/205
f 214/212/212 223/213/213 204/202/202
f 223/213/213 215/214/214 204/202/202
f 215/214/214 208/208/208 204/202/202
f 214/212/212 213/211/211 216/215/215
f 217/216/216 213/211/211 212/210/210
f 218/217/217 213/211/211 217/216/216
f 219/218/218 216/215/215 213/211/211
f 219/218/218 213/211/211 218/217/217
f 220/219/219 219/218/218 218/217/217
f 221/220/220 214/212/212 219/218/218
f 219/218/218 214/212/212 216/215/215
f 221/220/220 223/213/213 214/212/212
f 221/220/220 222/221/221 223/213/213
f 222/221/221 224/222/222 225/223/223
f 224/222/222 226/224/224 225/223/223
f 224/222/222 227/225/225 228/226/226
f 224/222/222 228/226/226 226/224/224
f 227/225/225 248/227/227 228/226/226
f 227/225/225 229/228/228 230/229/229
f 231/230/230 232/231/231 229/228/228
f 229/228/228 232/231/231 233/232/232
f 232/231/231 234/233/233 233/232/232
f 229/228/228 233/232/232 230/229/229
f 235/234/234 236/235/235 233/232/232
f 233/232/232 236/235/235 230/229/229
f 236/235/235 245/236/236 230/229/229
f 236/235/235 239/237/237 238/238/238
f 239/237/237 240/239/239 238/238/238
f 238/238/238 240/239/239 241/240/240
f 240/239/239 242/53/241 241/240/240
f 241/240/240 243/241/242 238/238/238
f 244/242/243 238/238/238 243/241/242
f 211/243/244 244/242/243 243/241/242
f 211/243/244 246/244/245 244/242/243
f 245/236/236 238/238/238 244/242/243
f 236/235/235 238/238/238 245/236/236
f 246/244/245 245/236/236 244/242/243
f 230/229/229 245/236/236 237/245/246
f 245/236/236 247/246/247 237/245/246
f 230/229/229 237/245/246 248/227/227
f 247/246/247 245/236/236 246/244/245
f 227/225/225 230/229/229 248/227/227
f 248/227/227 237/245/246 228/226/226
f 222/221/221 225/223/223 215/214/214
f 222/221/221 215/214/214 223/213/213
f 249/247/248 225/223/223 226/224/224
f 228/226/226 249/247/248 226/224/224
f 225/223/223 208/208/208 215/214/214
f 228/226/226 250/248/249 249/247/248
f 225/223/223 249/247/248 208/208/208
f 237/245/246 250/248/249 228/226/226
f 247/246/247 250/248/249 237/245/246
f 247/246/247 246/244/245 250/248/249
f 249/247/248 250/248/249 209/249/250
f 250/248/249 246/244/245 211/243/244
f 250/248/249 211/243/244 210/250/251
f 250/248/249 210/250/251 209/249/250
f 249/247/248 209/249/250 207/209/209
f 249/247/248 207/209/209 208/208/208
f 252/251/252 253/252/253 251/253/254
f 253/252/253 252/251/252 254/254/255
f 253/252/253 256/255/256 257/256/257
f 253/252/253 254/254/255 256/255/256
f 256/255/256 258/257/258 257/256/257
f 257/256/257 258/257/258 259/258/259
f 258/257/258 260/259/260 259/258/259
f 260/259/260 258/257/258 261/260/261
f 260/259/260 262/261/262 259/258/259
f 259/258/259 262/261/262 263/262/263
f 262/261/262 264/263/264 263/262/263
f 263/262/263 264/263/264 265/264/265
f 276/265/266 262/261/262 260/259/260
f 264/263/264 266/266/267 265/264/265
f 266/266/267 264/263/264 267/267/268
f 264/263/264 268/268/269 267/267/268
f 267/267/268 268/268/269 269/269/270
f 268/268/269 270/270/271 269/269/270
f 269/269/270 270/270/271 271/271/272
f 273/272/273 271/271/272 270/270/271
f 274/273/274 270/270/271 272/274/275
f 273/272/273 270/270/271 274/273/274
f 268/268/269 275/275/276 270/270/271
f 268/268/269 264/263/264 275/275/276
f 264/263/264 262/261/262 275/275/276
f 262/261/262 276/265/266 275/275/276
f 270/270/271 275/275/276 272/274/275
f 276/265/266 277/276/277 275/275/276
f 260/259/260 261/260/261 278/277/278
f 260/259/260 278/277/278 276/265/266
f 277/276/277 279/278/279 275/275/276
f 275/275/276 280/279/280 272/274/275
f 274/273/274 272/274/275 281/280/281
f 272/274/275 282/281/282 281/280/281
f 283/282/283 282/281/282 272/274/275
f 283/282/283 272/274/275 280/279/280
f 281/280/281 285/283/284 274/273/274
f 286/284/285 273/272/273 274/273/274
f 288/285/286 274/273/274 285/283/284
f 287/286/287 286/284/285 274/273/274
f 288/285/286 287/286/287 274/273/274
f 291/287/288 290/288/289 289/289/290
f 292/290/291 290/288/289 291/287/288
f 294/291/292 289/289/290 293/292/293
f 294/291/292 291/287/288 289/289/290
f 298/293/294 296/294/295 295/295/296
f 295/295/296 300/296/297 298/293/294
f 300/296/297 297/297/298 299/298/299
f 300/296/297 295/295/296 297/297/298
f 303/299/300 302/300/301 301/301/302
f 304/302/303 302/300/301 303/299/300
f 306/303/304 301/301/302 305/304/305
f 306/303/304 303/299/300 301/301/302
f 309/305/306 308/306/307 307/307/308
f 310/308/309 308/306/307 309/305/306
f 312/309/310 307/307/308 311/310/311
f 312/309/310 309/305/306 307/307/308
f 315/311/312 314/312/313 313/313/314
f 318/314/315 315/311/312 317/315/316
f 319/316/317 314/312/313 315/311/312
f 319/316/317 315/311/312 318/314/315
f 317/315/316 320/317/318 318/314/315
f 316/318/319 314/312/313 319/316/317
f 320/317/318 322/319/320 318/314/315
f 318/314/315 322/319/320 319/316/317
f 323/320/321 316/318/319 319/316/317
f 316/318/319 323/320/321 321/321/322
f 322/319/320 324/322/323 319/316/317
f 321/321/322 323/320/321 325/323/324
f 327/324/325 328/325/326 326/326/327
f 325/323/324 327/324/325 326/326/327
f 327/324/325 329/327/328 328/325/326
f 333/328/329 332/329/330 334/330/331
f 338/331/332 337/332/333 339/333/334
f 340/334/335 339/333/334 337/332/333
f 341/335/336 340/334/335 337/332/333
f 337/332/333 336/336/337 341/335/336
f 339/333/334 340/334/335 342/337/338
f 343/338/339 342/337/338 340/334/335
f 344/339/340 343/338/339 345/340/341
f 346/341/342 344/339/340 345/340/341
f 345/340/341 343/338/339 340/334/335
f 340/334/335 347/342/343 345/340/341
f 345/340/341 347/342/343 346/341/342
f 347/342/343 348/343/344 346/341/342
f 340/334/335 341/335/336 352/344/345
f 349/345/346 348/343/344 347/342/343
f 349/345/346 347/342/343 350/346/347
f 347/342/343 352/344/345 350/346/347
f 350/346/347 352/344/345 351/347/348
f 352/344/345 353/348/349 351/347/348
f 353/348/349 354/349/350 351/347/348
f 340/334/335 352/344/345 347/342/343
f 354/349/350 355/350/351 351/347/348
f 355/350/351 356/351/352 351/347/348
f 352/344/345 341/335/336 353/348/349
f 341/335/336 354/349/350 353/348/349
f 336/336/337 357/352/353 341/335/336
f 336/336/337 335/353/354 357/352/353
f 357/352/353 358/354/355 341/335/336
f 335/353/354 359/355/356 357/352/353
f 335/353/354 333/328/329 359/355/356
f 333/328/329 334/330/331 359/355/356
f 359/355/356 360/356/357 357/352/353
f 357/352/353 360/356/357 358/354/355
f 332/329/330 361/357/358 334/330/331
f 359/355/356 334/330/331 360/356/357
f 332/329/330 331/358/359 361/357/358
f 362/359/360 331/358/359 330/360/361
f 363/361/362 330/360/361 329/327/328
f 334/330/331 375/362/363 360/356/357
f 331/358/359 364/363/364 361/357/358
f 331/358/359 362/359/360 364/363/364
f 362/359/360 330/360/361 363/361/362
f 334/330/331 361/357/358 375/362/363
f 363/361/362 329/327/328 327/324/325
f 365/364/365 363/361/362 327/324/325
f 366/365/366 327/324/325 325/323/324
f 323/320/321 366/365/366 325/323/324
f 365/364/365 327/324/325 366/365/366
f 323/320/321 319/316/317 324/322/323
f 367/366/367 366/365/366 323/320/321
f 367/366/367 365/364/365 366/365/366
f 324/322/323 367/366/367 323/320/321
f 368/367/368 322/319/320 320/317/318
f 324/322/323 322/319/320 368/367/368
f 368/367/368 320/317/318 369/368/369
f 370/369/370 324/322/323 368/367/368
f 367/366/367 324/322/323 370/369/370
f 367/366/367 370/369/370 371/370/371
f 372/371/372 367/366/367 371/370/371
f 372/371/372 371/370/371 356/351/352
f 355/350/351 372/371/372 356/351/352
f 341/335/336 358/354/355 354/349/350
f 354/349/350 358/354/355 355/350/351
f 358/354/355 373/372/373 355/350/351
f 355/350/351 373/372/373 372/371/372
f 373/372/373 374/373/374 372/371/372
f 372/371/372 374/373/374 367/366/367
f 358/354/355 360/356/357 373/372/373
f 374/373/374 365/364/365 367/366/367
f 374/373/374 363/361/362 365/364/365
f 373/372/373 361/357/358 374/373/374
f 360/356/357 375/362/363 373/372/373
f 373/372/373 375/362/363 361/357/358
f 374/373/374 362/359/360 363/361/362
f 374/373/374 361/357/358 362/359/360
f 361/357/358 364/363/364 362/359/360
f 377/374/375 376/375/376 378/376/377
f 378/376/377 380/377/378 377/374/375
f 378/376/377 381/378/379 380/377/378
f 382/379/380 379/380/381 377/374/375
f 383/381/382 382/379/380 377/374/375
f 383/381/382 377/374/375 380/377/378
f 380/377/378 381/378/379 385/382/383
f 381/378/379 384/383/384 385/382/383
f 385/382/383 384/383/384 386/384/385
f 384/383/384 388/385/386 386/384/385
f 384/383/384 387/386/387 388/385/386
f 387/386/387 389/387/388 388/385/386
f 389/387/388 390/388/389 388/385/386
f 391/389/390 394/390/391 392/391/392
f 394/390/391 396/392/393 392/391/392
f 394/390/391 397/393/394 396/392/393
f 392/391/392 396/392/393 393/394/395
f 393/394/395 400/395/396 395/396/397
f 393/394/395 396/392/393 400/395/396
f 395/396/397 400/395/396 398/397/398
f 399/398/399 402/399/400 401/400/401
f 402/399/400 403/401/402 401/400/401
f 398/397/398 402/399/400 399/398/399
f 400/395/396 402/399/400 398/397/398
f 400/395/396 404/402/403 402/399/400
f 402/399/400 404/402/403 403/401/402
f 400/395/396 405/403/404 404/402/403
f 396/392/393 405/403/404 400/395/396
f 396/392/393 406/404/405 405/403/404
f 397/393/394 407/405/406 396/392/393
f 407/405/406 408/406/407 396/392/393
f 396/392/393 408/406/407 406/404/405
f 407/405/406 409/407/408 408/406/407
f 408/406/407 410/408/409 406/404/405
f 406/404/405 411/409/410 405/403/404
f 410/408/409 411/409/410 406/404/405
f 405/403/404 411/409/410 404/402/403
f 409/407/408 422/410/411 408/406/407
f 409/407/408 412/411/412 422/410/411
f 411/409/410 413/412/413 404/402/403
f 404/402/403 414/413/414 403/401/402
f 404/402/403 413/412/413 414/413/414
f 413/412/413 415/414/415 414/413/414
f 413/412/413 416/415/416 415/414/415
f 413/412/413 417/416/417 416/415/416
f 411/409/410 418/417/418 413/412/413
f 410/408/409 418/417/418 411/409/410
f 413/412/413 419/418/419 417/416/417
f 408/406/407 422/410/411 410/408/409
f 413/412/413 420/419/420 419/418/419
f 418/417/418 421/420/421 413/412/413
f 421/420/421 420/419/420 413/412/413
f 410/408/409 422/410/411 418/417/418
f 422/410/411 421/420/421 418/417/418
f 423/421/422 427/422/423 424/423/424
f 427/422/423 429/424/425 424/423/424
f 424/423/424 429/424/425 425/425/426
f 429/424/425 431/426/427 425/425/426
f 425/425/426 431/426/427 426/427/428
f 427/422/423 433/428/429 429/424/425
f 426/427/428 431/426/427 428/429/430
f 431/426/427 436/430/431 428/429/430
f 428/429/430 436/430/431 430/431/432
f 430/431/432 436/430/431 432/432/433
f 432/432/433 439/433/434 434/434/435
f 436/430/431 439/433/434 432/432/433
f 434/434/435 440/435/436 435/436/437
f 439/433/434 440/435/436 434/434/435
f 437/437/438 441/438/439 438/439/440
f 435/436/437 442/440/441 437/437/438
f 440/435/436 442/440/441 435/436/437
f 442/440/441 441/438/439 437/437/438
f 441/438/439 444/441/442 443/442/443
f 441/438/439 442/440/441 444/441/442
f 442/440/441 446/443/444 444/441/442
f 444/441/442 446/443/444 445/444/445
f 446/443/444 447/445/446 445/444/445
f 440/435/436 448/446/447 442/440/441
f 448/446/447 446/443/444 442/440/441
f 449/447/448 431/426/427 429/424/425
f 431/426/427 449/447/448 436/430/431
f 450/448/449 449/447/448 429/424/425
f 449/447/448 451/449/450 436/430/431
f 446/443/444 452/450/451 447/445/446
f 436/430/431 451/449/450 439/433/434
f 454/451/452 453/452/453 452/450/451
f 454/451/452 452/450/451 446/443/444
f 455/453/454 453/452/453 454/451/452
f 448/446/447 454/451/452 446/443/444
f 457/454/455 454/451/452 448/446/447
f 457/454/455 455/453/454 454/451/452
f 458/455/456 455/453/454 457/454/455
f 456/456/457 455/453/454 458/455/456
f 459/457/458 456/456/457 458/455/456
f 457/454/455 448/446/447 440/435/436
f 461/458/459 456/456/457 459/457/458
f 462/459/460 460/460/461 456/456/457
f 462/459/460 456/456/457 461/458/459
f 463/461/462 460/460/461 464/462/463
f 464/462/463 460/460/461 462/459/460
f 465/463/464 463/461/462 464/462/463
f 466/464/465 465/463/464 464/462/463
f 466/464/465 464/462/463 450/448/449
f 467/465/466 466/464/465 450/448/449
f 450/448/449 464/462/463 462/459/460
f 458/455/456 457/454/455 439/433/434
f 439/433/434 457/454/455 440/435/436
f 459/457/458 458/455/456 451/449/450
f 451/449/450 458/455/456 439/433/434
f 461/458/459 459/457/458 451/449/450
f 462/459/460 461/458/459 449/447/448
f 449/447/448 461/458/459 451/449/450
f 450/448/449 462/459/460 449/447/448
f 467/465/466 450/448/449 429/424/425
f 433/428/429 467/465/466 429/424/425
f 468/466/467 469/467/468 470/468/469
f 469/467/468 471/469/470 470/468/469
f 471/469/470 469/467/468 472/470/471
f 471/469/470 472/470/471 473/471/472
f 472/470/471 474/472/473 473/471/472
f 474/472/473 472/470/471 475/473/474
f 472/470/471 476/474/475 475/473/474
f 475/473/474 476/474/475 477/475/476
f 476/474/475 478/476/477 477/475/476
f 476/474/475 472/470/471 478/476/477
f 477/475/476 469/467/468 479/477/478
f 477/475/476 478/476/477 469/467/468
f 469/467/468 478/476/477 472/470/471
f 480/478/479 479/477/478 469/467/468
f 485/479/480 482/480/481 481/481/482
f 485/479/480 481/481/482 486/482/483
f 483/483/484 482/480/481 485/479/480
f 489/484/485 483/483/484 485/479/480
f 484/485/486 483/483/484 489/484/485
f 485/479/480 486/482/483 491/486/487
f 492/487/488 484/485/486 489/484/485
f 487/488/489 484/485/486 492/487/488
f 497/489/490 490/490/491 488/491/492
f 493/492/493 490/490/491 497/489/490
f 495/493/494 494/494/495 498/495/496
f 498/495/496 494/494/495 493/492/493
f 496/496/497 495/493/494 499/497/498
f 499/497/498 495/493/494 498/495/496
f 498/495/496 493/492/493 500/498/499
f 500/498/499 493/492/493 497/489/490
f 501/499/500 496/496/497 499/497/498
f 502/500/501 501/499/500 499/497/498
f 500/498/499 497/489/490 503/501/502
f 504/502/503 498/495/496 500/498/499
f 504/502/503 500/498/499 503/501/502
f 505/503/504 502/500/501 499/497/498
f 506/504/505 502/500/501 505/503/504
f 505/503/504 499/497/498 498/495/496
f 508/505/506 505/503/504 498/495/496
f 508/505/506 498/495/496 504/502/503
f 509/506/507 506/504/505 505/503/504
f 510/507/508 509/506/507 505/503/504
f 511/508/509 503/501/502 507/509/510
f 508/505/506 504/502/503 503/501/502
f 510/507/508 505/503/504 508/505/506
f 512/510/511 509/506/507 510/507/508
f 513/511/512 512/510/511 510/507/508
f 514/512/513 508/505/506 503/501/502
f 515/513/514 512/510/511 513/511/512
f 514/512/513 503/501/502 511/508/509
f 510/507/508 508/505/506 514/512/513
f 516/514/515 510/507/508 514/512/513
f 517/515/516 513/511/512 510/507/508
f 518/516/517 515/513/514 513/511/512
f 518/516/517 513/511/512 519/517/518
f 520/518/519 518/516/517 519/517/518
f 517/515/516 510/507/508 516/514/515
f 519/517/518 513/511/512 521/519/520
f 521/519/520 513/511/512 517/515/516
f 522/520/521 520/518/519 519/517/518
f 522/520/521 519/517/518 523/521/522
f 523/521/522 519/517/518 521/519/520
f 521/519/520 547/522/523 523/521/522
f 521/519/520 517/515/516 547/522/523
f 523/521/522 524/523/524 522/520/521
f 522/520/521 524/523/524 525/524/525
f 517/515/516 516/514/515 526/525/526
f 517/515/516 526/525/526 547/522/523
f 516/514/515 514/512/513 526/525/526
f 547/522/523 526/525/526 527/526/527
f 514/512/513 511/508/509 526/525/526
f 526/525/526 511/508/509 528/527/528
f 526/525/526 528/527/528 527/526/527
f 528/527/528 511/508/509 530/528/529
f 511/508/509 529/529/530 530/528/529
f 511/508/509 507/509/510 529/529/530
f 530/528/529 542/530/531 528/527/528
f 530/528/529 529/529/530 492/487/488
f 503/501/502 497/489/490 507/509/510
f 497/489/490 488/491/492 507/509/510
f 507/509/510 488/491/492 529/529/530
f 488/491/492 487/488/489 529/529/530
f 529/529/530 487/488/489 492/487/488
f 531/531/532 485/479/480 491/486/487
f 532/532/533 489/484/485 485/479/480
f 532/532/533 492/487/488 489/484/485
f 530/528/529 492/487/488 532/532/533
f 533/533/534 532/532/533 485/479/480
f 533/533/534 485/479/480 531/531/532
f 534/534/535 533/533/534 531/531/532
f 533/533/534 535/535/536 532/532/533
f 533/533/534 534/534/535 536/536/537
f 538/537/538 533/533/534 536/536/537
f 537/538/539 533/533/534 538/537/538
f 537/538/539 535/535/536 533/533/534
f 538/537/538 536/536/537 539/539/540
f 586/540/541 538/537/538 539/539/540
f 586/540/541 539/539/540 540/541/542
f 541/542/543 538/537/538 586/540/541
f 538/537/538 541/542/543 537/538/539
f 532/532/533 535/535/536 542/530/531
f 530/528/529 532/532/533 542/530/531
f 542/530/531 535/535/536 543/543/544
f 543/543/544 535/535/536 537/538/539
f 528/527/528 542/530/531 544/544/545
f 527/526/527 528/527/528 544/544/545
f 544/544/545 542/530/531 543/543/544
f 544/544/545 543/543/544 545/545/546
f 527/526/527 544/544/545 546/546/547
f 546/546/547 544/544/545 545/545/546
f 588/547/548 541/542/543 586/540/541
f 589/548/549 541/542/543 588/547/548
f 547/522/523 527/526/527 546/546/547
f 523/521/522 547/522/523 524/523/524
f 547/522/523 548/549/550 524/523/524
f 524/523/524 549/550/551 525/524/525
f 549/550/551 550/551/552 525/524/525
f 548/549/550 549/550/551 524/523/524
f 546/546/547 548/549/550 547/522/523
f 549/550/551 551/552/553 550/551/552
f 548/549/550 552/553/554 549/550/551
f 552/553/554 551/552/553 549/550/551
f 553/554/555 550/551/552 551/552/553
f 554/555/556 553/554/555 551/552/553
f 556/556/557 551/552/553 552/553/554
f 554/555/556 551/552/553 556/556/557
f 555/557/558 553/554/555 556/556/557
f 556/556/557 553/554/555 554/555/556
f 557/558/559 555/557/558 556/556/557
f 558/559/560 557/558/559 556/556/557
f 560/560/561 556/556/557 559/561/562
f 558/559/560 556/556/557 560/560/561
f 561/562/563 558/559/560 560/560/561
f 556/556/557 552/553/554 559/561/562
f 561/562/563 560/560/561 562/563/564
f 560/560/561 559/561/562 563/564/565
f 562/563/564 560/560/561 563/564/565
f 563/564/565 559/561/562 564/565/566
f 561/562/563 562/563/564 565/566/567
f 562/563/564 563/564/565 567/567/568
f 568/568/569 561/562/563 565/566/567
f 563/564/565 564/565/566 569/569/570
f 566/570/571 563/564/565 569/569/570
f 567/567/568 563/564/565 566/570/571
f 565/566/567 562/563/564 570/571/572
f 570/571/572 562/563/564 567/567/568
f 566/570/571 569/569/570 571/572/573
f 572/573/574 568/568/569 565/566/567
f 573/574/575 572/573/574 565/566/567
f 575/575/576 570/571/572 567/567/568
f 575/575/576 567/567/568 566/570/571
f 576/576/577 573/574/575 565/566/567
f 576/576/577 565/566/567 570/571/572
f 577/577/578 576/576/577 570/571/572
f 577/577/578 570/571/572 578/578/579
f 578/578/579 570/571/572 575/575/576
f 579/579/580 578/578/579 575/575/576
f 579/579/580 575/575/576 580/580/581
f 584/581/582 586/540/541 585/582/583
f 584/581/582 583/583/584 586/540/541
f 585/582/583 586/540/541 587/584/585
f 583/583/584 582/585/586 588/547/548
f 583/583/584 588/547/548 586/540/541
f 582/585/586 589/548/549 588/547/548
f 582/585/586 581/586/587 589/548/549
f 587/584/585 586/540/541 540/541/542
f 581/586/587 590/587/588 589/548/549
f 581/586/587 580/580/581 590/587/588
f 580/580/581 575/575/576 574/588/589
f 580/580/581 574/588/589 590/587/588
f 575/575/576 566/570/571 574/588/589
f 566/570/571 571/572/573 574/588/589
f 574/588/589 571/572/573 590/587/588
f 590/587/588 591/589/590 589/548/549
f 541/542/543 589/548/549 591/589/590
f 591/589/590 590/587/588 593/590/591
f 571/572/573 592/591/592 590/587/588
f 571/572/573 569/569/570 592/591/592
f 541/542/543 591/589/590 593/590/591
f 541/542/543 593/590/591 537/538/539
f 593/590/591 590/587/588 592/591/592
f 593/590/591 592/591/592 594/592/593
f 569/569/570 595/593/594 592/591/592
f 569/569/570 564/565/566 595/593/594
f 592/591/592 595/593/594 594/592/593
f 564/565/566 559/561/562 595/593/594
f 559/561/562 552/553/554 595/593/594
f 594/592/593 595/593/594 596/594/595
f 595/593/594 552/553/554 548/549/550
f 595/593/594 548/549/550 596/594/595
f 596/594/595 548/549/550 546/546/547
f 545/545/546 596/594/595 546/546/547
f 594/592/593 596/594/595 545/545/546
f 543/543/544 594/592/593 545/545/546
f 593/590/591 594/592/593 543/543/544
f 537/538/539 593/590/591 543/543/544
f 598/595/596 599/596/597 597/597/598
f 598/595/596 600/598/599 599/596/597
f 597/597/598 602/599/600 601/600/601
f 599/596/597 602/599/600 597/597/598
f 605/601/602 607/602/603 604/603/604
f 604/603/604 607/602/603 603/604/605
f 606/605/606 608/606/607 610/607/608
f 606/605/606 611/608/609 605/601/602
f 610/607/608 611/608/609 606/605/606
f 605/601/602 611/608/609 607/602/603
f 607/602/603 612/609/610 603/604/605
f 607/602/603 613/610/611 612/609/610
f 614/611/612 613/610/611 607/602/603
f 611/608/609 615/612/613 607/602/603
f 615/612/613 614/611/612 607/602/603
f 610/607/608 615/612/613 611/608/609
f 627/613/614 615/612/613 610/607/608
f 616/614/615 627/613/614 610/607/608
f 617/615/616 616/614/615 610/607/608
f 614/611/612 618/616/617 613/610/611
f 617/615/616 610/607/608 608/606/607
f 608/606/607 609/617/618 617/615/616
f 621/618/619 622/619/620 656/620/621
f 620/621/622 617/615/616 609/617/618
f 618/616/617 623/622/623 619/623/624
f 623/622/623 624/624/625 619/623/624
f 614/611/612 623/622/623 618/616/617
f 615/612/613 625/625/626 623/622/623
f 615/612/613 623/622/623 614/611/612
f 627/613/614 625/625/626 615/612/613
f 626/626/627 625/625/626 627/613/614
f 630/627/628 626/626/627 628/628/629
f 629/629/630 626/626/627 630/627/628
f 616/614/615 626/626/627 627/613/614
f 628/628/629 626/626/627 616/614/615
f 631/630/631 629/629/630 632/631/632
f 633/632/633 629/629/630 630/627/628
f 632/631/632 629/629/630 633/632/633
f 631/630/631 632/631/632 653/633/634
f 634/634/635 631/630/631 635/635/636
f 635/635/636 631/630/631 653/633/634
f 637/636/637 636/637/638 634/634/635
f 638/638/639 637/636/637 634/634/635
f 638/638/639 634/634/635 639/639/640
f 634/634/635 635/635/636 639/639/640
f 640/640/641 638/638/639 639/639/640
f 641/641/642 640/640/641 639/639/640
f 642/642/643 641/641/642 639/639/640
f 643/643/644 639/639/640 635/635/636
f 644/644/645 641/641/642 645/645/646
f 646/646/647 644/644/645 645/645/646
f 646/646/647 645/645/646 647/647/648
f 648/19/649 646/646/647 647/647/648
f 649/648/650 647/647/648 645/645/646
f 645/645/646 650/649/651 649/648/650
f 650/649/651 622/619/620 649/648/650
f 645/645/646 651/650/652 650/649/651
f 645/645/646 641/641/642 651/650/652
f 641/641/642 642/642/643 651/650/652
f 650/649/651 651/650/652 622/619/620
f 651/650/652 652/651/653 622/619/620
f 642/642/643 639/639/640 643/643/644
f 652/651/653 642/642/643 643/643/644
f 642/642/643 652/651/653 651/650/652
f 643/643/644 635/635/636 653/633/634
f 643/643/644 653/633/634 632/631/632
f 628/628/629 616/614/615 630/627/628
f 654/652/654 632/631/632 633/632/633
f 654/652/654 643/643/644 632/631/632
f 617/615/616 630/627/628 616/614/615
f 655/653/655 633/632/633 630/627/628
f 654/652/654 633/632/633 655/653/655
f 655/653/655 630/627/628 617/615/616
f 620/621/622 655/653/655 617/615/616
f 654/652/654 652/651/653 643/643/644
f 656/620/621 654/652/654 655/653/655
f 652/651/653 654/652/654 656/620/621
f 622/619/620 652/651/653 656/620/621
f 621/618/619 655/653/655 620/621/622
f 656/620/621 655/653/655 621/618/619
f 659/654/656 658/655/657 657/656/658
f 660/657/659 659/654/656 657/656/658
f 661/658/660 658/655/657 659/654/656
f 662/659/661 660/657/659 663/660/662
f 659/654/656 660/657/659 664/661/663
f 660/657/659 662/659/661 664/661/663
f 662/659/661 663/660/662 665/662/664
f 662/659/661 665/662/664 666/663/665
f 666/663/665 665/662/664 668/664/666
f 665/662/664 667/665/667 668/664/666
f 669/666/668 667/665/667 665/662/664
f 669/666/668 665/662/664 670/667/669
f 669/666/668 670/667/669 671/668/670
f 672/669/671 669/666/668 671/668/670
f 667/665/667 669/666/668 684/670/672
f 668/664/666 667/665/667 684/670/672
f 673/671/673 672/669/671 671/668/670
f 672/669/671 673/671/673 674/672/674
f 679/673/675 672/669/671 674/672/674
f 679/673/675 674/672/674 675/674/676
f 676/675/677 679/673/675 675/674/676
f 676/675/677 675/674/676 677/676/678
f 677/676/678 680/677/679 676/675/677
f 676/675/677 680/677/679 678/678/680
f 677/676/678 681/679/681 680/677/679
f 682/680/682 672/669/671 679/673/675
f 682/680/682 679/673/675 676/675/677
f 669/666/668 672/669/671 682/680/682
f 682/680/682 676/675/677 678/678/680
f 683/681/683 669/666/668 682/680/682
f 683/681/683 684/670/672 669/666/668
f 685/682/684 684/670/672 683/681/683
f 683/681/683 682/680/682 1005/683/685
f 685/682/684 683/681/683 1005/683/685
f 682/680/682 678/678/680 899/684/686
f 678/678/680 680/677/679 686/685/687
f 687/686/688 678/678/680 686/685/687
f 687/686/688 688/687/689 678/678/680
f 689/688/690 686/685/687 680/677/679
f 689/688/690 680/677/679 690/689/691
f 681/679/681 691/690/692 680/677/679
f 680/677/679 692/691/693 690/689/691
f 691/690/692 693/692/694 680/677/679
f 693/692/694 692/691/693 680/677/679
f 695/693/695 696/694/696 694/695/697
f 696/694/696 697/696/698 694/695/697
f 697/696/698 698/697/699 694/695/697
f 694/695/697 698/697/699 699/698/700
f 701/699/701 703/700/702 700/701/703
f 705/702/704 700/701/703 703/700/702
f 702/703/705 705/702/704 704/704/706
f 700/701/703 705/702/704 702/703/705
f 707/705/707 708/706/708 706/707/709
f 706/707/709 710/708/710 709/709/711
f 708/706/708 710/708/710 706/707/709
f 712/710/712 713/711/713 711/712/714
f 712/710/712 714/713/715 713/711/713
f 711/712/714 716/714/716 715/715/717
f 713/711/713 716/714/716 711/712/714
f 717/716/718 768/717/719 720/718/720
f 717/716/718 718/719/721 768/717/719
f 718/719/721 721/720/722 768/717/719
f 725/721/723 723/722/724 724/723/725
f 726/724/726 725/721/723 724/723/725
f 727/725/727 725/721/723 726/724/726
f 734/726/728 736/727/729 735/728/730
f 738/729/731 740/730/732 737/731/733
f 735/728/730 736/727/729 737/731/733
f 737/731/733 740/730/732 735/728/730
f 738/729/731 739/732/734 740/730/732
f 741/733/735 743/734/736 742/735/737
f 739/732/734 741/733/735 744/736/738
f 739/732/734 744/736/738 740/730/732
f 741/733/735 742/735/737 744/736/738
f 743/734/736 745/737/739 742/735/737
f 740/730/732 744/736/738 752/738/740
f 742/735/737 746/739/741 744/736/738
f 747/740/742 752/738/740 744/736/738
f 748/741/743 747/740/742 746/739/741
f 742/735/737 748/741/743 746/739/741
f 745/737/739 748/741/743 742/735/737
f 745/737/739 749/742/744 748/741/743
f 748/741/743 749/742/744 750/743/745
f 747/740/742 748/741/743 750/743/745
f 752/738/740 747/740/742 750/743/745
f 752/738/740 750/743/745 751/744/746
f 755/745/747 754/746/748 753/747/749
f 756/748/750 751/744/746 753/747/749
f 757/749/751 754/746/748 755/745/747
f 758/750/752 740/730/732 752/738/740
f 758/750/752 752/738/740 751/744/746
f 756/748/750 758/750/752 751/744/746
f 759/751/753 757/749/751 755/745/747
f 760/752/754 757/749/751 759/751/753
f 761/753/755 764/754/756 759/751/753
f 762/755/757 764/754/756 761/753/755
f 762/755/757 761/753/755 763/756/758
f 759/751/753 764/754/756 760/752/754
f 766/757/759 763/756/758 765/758/760
f 766/757/759 762/755/757 763/756/758
f 767/759/761 764/754/756 762/755/757
f 768/717/719 766/757/759 720/718/720
f 762/755/757 766/757/759 768/717/719
f 721/720/722 762/755/757 768/717/719
f 718/719/721 719/760/762 721/720/722
f 721/720/722 767/759/761 762/755/757
f 719/760/762 767/759/761 721/720/722
f 767/759/761 719/760/762 722/761/763
f 767/759/761 722/761/763 723/722/724
f 733/762/764 734/726/728 735/728/730
f 770/763/765 732/764/766 771/765/767
f 732/764/766 733/762/764 771/765/767
f 733/762/764 735/728/730 771/765/767
f 771/765/767 735/728/730 758/750/752
f 731/766/768 732/764/766 770/763/765
f 740/730/732 758/750/752 735/728/730
f 771/765/767 758/750/752 756/748/750
f 770/763/765 771/765/767 756/748/750
f 782/767/769 770/763/765 756/748/750
f 769/768/770 731/766/768 770/763/765
f 773/769/771 769/768/770 770/763/765
f 774/770/772 731/766/768 769/768/770
f 730/771/773 731/766/768 774/770/772
f 773/769/771 770/763/765 772/772/774
f 775/773/775 730/771/773 774/770/772
f 729/774/776 730/771/773 775/773/775
f 774/770/772 769/768/770 773/769/771
f 728/775/777 776/776/778 727/725/727
f 727/725/727 776/776/778 725/721/723
f 729/774/776 777/777/779 728/775/777
f 777/777/779 729/774/776 775/773/775
f 777/777/779 778/778/780 728/775/777
f 728/775/777 778/778/780 776/776/778
f 725/721/723 776/776/778 723/722/724
f 776/776/778 779/779/781 723/722/724
f 779/779/781 767/759/761 723/722/724
f 779/779/781 764/754/756 767/759/761
f 776/776/778 778/778/780 779/779/781
f 778/778/780 764/754/756 779/779/781
f 778/778/780 760/752/754 764/754/756
f 780/780/782 760/752/754 778/778/780
f 780/780/782 781/781/783 760/752/754
f 781/781/783 757/749/751 760/752/754
f 777/777/779 780/780/782 778/778/780
f 777/777/779 781/781/783 780/780/782
f 775/773/775 781/781/783 777/777/779
f 775/773/775 774/770/772 773/769/771
f 773/769/771 782/767/769 775/773/775
f 773/769/771 772/772/774 782/767/769
f 775/773/775 782/767/769 781/781/783
f 772/772/774 770/763/765 782/767/769
f 781/781/783 782/767/769 757/749/751
f 782/767/769 756/748/750 754/746/748
f 782/767/769 754/746/748 757/749/751
f 754/746/748 756/748/750 753/747/749
f 783/782/784 784/783/785 785/784/786
f 788/785/787 785/784/786 787/786/788
f 786/787/789 789/788/790 784/783/785
f 784/783/785 787/786/788 785/784/786
f 784/783/785 789/788/790 787/786/788
f 791/789/791 788/785/787 787/786/788
f 790/790/792 788/785/787 791/789/791
f 792/791/793 790/790/792 791/789/791
f 792/791/793 793/792/794 790/790/792
f 795/793/795 793/792/794 792/791/793
f 794/794/796 793/792/794 795/793/795
f 799/795/797 796/796/798 797/797/799
f 801/798/800 799/795/797 797/797/799
f 802/799/801 799/795/797 801/798/800
f 804/800/802 797/797/799 798/801/803
f 801/798/800 797/797/799 804/800/802
f 804/800/802 798/801/803 800/802/804
f 806/803/805 804/800/802 800/802/804
f 806/803/805 800/802/804 803/804/806
f 815/805/807 805/806/808 807/807/809
f 808/808/810 815/805/807 807/807/809
f 806/803/805 803/804/806 805/806/808
f 815/805/807 806/803/805 805/806/808
f 815/805/807 809/809/811 806/803/805
f 809/809/811 804/800/802 806/803/805
f 801/798/800 804/800/802 810/810/812
f 811/811/813 802/799/801 801/798/800
f 812/812/814 811/811/813 801/798/800
f 810/810/812 804/800/802 809/809/811
f 812/812/814 801/798/800 810/810/812
f 812/812/814 810/810/812 813/813/815
f 814/814/816 811/811/813 812/812/814
f 810/810/812 809/809/811 815/805/807
f 816/815/817 813/813/815 810/810/812
f 817/816/818 812/812/814 813/813/815
f 827/817/819 814/814/816 812/812/814
f 818/818/820 814/814/816 827/817/819
f 816/815/817 810/810/812 815/805/807
f 819/819/821 816/815/817 815/805/807
f 817/816/818 813/813/815 816/815/817
f 820/820/822 815/805/807 808/808/810
f 819/819/821 815/805/807 820/820/822
f 821/821/823 819/819/821 820/820/822
f 822/822/824 819/819/821 821/821/823
f 823/823/825 819/819/821 822/822/824
f 817/816/818 816/815/817 819/819/821
f 824/824/826 819/819/821 823/823/825
f 827/817/819 812/812/814 817/816/818
f 825/825/827 819/819/821 824/824/826
f 825/825/827 826/826/828 819/819/821
f 826/826/828 817/816/818 819/819/821
f 826/826/828 827/817/819 817/816/818
f 832/827/829 828/828/830 829/829/831
f 834/830/832 832/827/829 829/829/831
f 834/830/832 829/829/831 830/831/833
f 836/832/834 834/830/832 830/831/833
f 836/832/834 830/831/833 831/833/835
f 838/834/836 832/827/829 834/830/832
f 836/832/834 831/833/835 833/835/837
f 841/836/838 836/832/834 833/835/837
f 841/836/838 833/835/837 835/837/839
f 841/836/838 835/837/839 837/838/840
f 844/839/841 837/838/840 839/840/842
f 844/839/841 841/836/838 837/838/840
f 845/841/843 839/840/842 840/842/844
f 845/841/843 844/839/841 839/840/842
f 846/843/845 840/842/844 842/844/846
f 846/843/845 845/841/843 840/842/844
f 846/843/845 842/844/846 843/845/847
f 847/846/848 846/843/845 843/845/847
f 848/847/849 846/843/845 847/846/848
f 849/848/850 846/843/845 848/847/849
f 850/849/851 849/848/850 848/847/849
f 846/843/845 849/848/850 845/841/843
f 851/850/852 849/848/850 850/849/851
f 852/851/853 851/850/852 850/849/851
f 853/852/854 845/841/843 849/848/850
f 851/850/852 853/852/854 849/848/850
f 836/832/834 854/853/855 834/830/832
f 855/854/856 838/834/836 834/830/832
f 856/855/857 855/854/856 834/830/832
f 857/856/858 855/854/856 856/855/857
f 854/853/855 856/855/857 834/830/832
f 854/853/855 836/832/834 841/836/838
f 858/857/859 857/856/858 856/855/857
f 859/858/860 856/855/857 854/853/855
f 858/857/859 856/855/857 859/858/860
f 860/859/861 854/853/855 841/836/838
f 861/860/862 857/856/858 858/857/859
f 862/861/863 859/858/860 854/853/855
f 863/862/864 861/860/862 858/857/859
f 860/859/861 841/836/838 844/839/841
f 862/861/863 854/853/855 860/859/861
f 864/863/865 862/861/863 860/859/861
f 865/864/866 864/863/865 860/859/861
f 865/864/866 860/859/861 844/839/841
f 866/865/867 844/839/841 845/841/843
f 866/865/867 865/864/866 844/839/841
f 853/852/854 866/865/867 845/841/843
f 867/866/868 862/861/863 864/863/865
f 867/866/868 859/858/860 862/861/863
f 868/867/869 858/857/859 859/858/860
f 868/867/869 863/862/864 858/857/859
f 868/867/869 859/858/860 867/866/868
f 867/866/868 864/863/865 865/864/866
f 869/868/870 867/866/868 865/864/866
f 869/868/870 865/864/866 866/865/867
f 870/869/871 866/865/867 853/852/854
f 869/868/870 866/865/867 870/869/871
f 871/870/872 869/868/870 870/869/871
f 870/869/871 853/852/854 851/850/852
f 872/871/873 870/869/871 851/850/852
f 871/870/872 870/869/871 872/871/873
f 872/871/873 851/850/852 852/851/853
f 875/872/874 873/873/875 874/874/876
f 874/874/876 873/873/875 876/875/877
f 877/876/878 874/874/876 878/877/879
f 879/878/880 877/876/878 878/877/879
f 881/879/881 879/878/880 880/880/882
f 877/876/878 879/878/880 881/879/881
f 874/874/876 877/876/878 881/879/881
f 881/879/881 880/880/882 882/881/883
f 883/882/884 875/872/874 874/874/876
f 883/882/884 874/874/876 881/879/881
f 883/882/884 881/879/881 882/881/883
f 883/882/884 882/881/883 884/883/885
f 875/872/874 883/882/884 884/883/885
f 884/883/885 885/884/886 875/872/874
f 887/885/887 889/886/888 886/887/889
f 887/885/887 888/888/890 889/886/888
f 886/887/889 889/886/888 891/889/891
f 888/888/890 893/890/892 889/886/888
f 888/888/890 890/891/893 893/890/892
f 895/892/894 896/893/895 894/894/896
f 890/891/893 897/895/897 893/890/892
f 890/891/893 892/896/898 897/895/897
f 892/896/898 894/894/896 169/170/170
f 892/896/898 169/170/170 897/895/897
f 894/894/896 896/893/895 162/163/163
f 894/894/896 162/163/163 169/170/170
f 891/889/891 889/886/888 176/177/177
f 896/893/895 163/164/164 162/163/163
f 897/895/897 169/170/170 170/171/171
f 897/895/897 170/171/171 171/173/173
f 893/890/892 897/895/897 171/173/173
f 893/890/892 171/173/173 889/886/888
f 173/174/174 889/886/888 171/173/173
f 889/886/888 173/174/174 176/177/177
f 678/678/680 688/687/689 899/684/686
f 688/687/689 898/897/899 900/898/900
f 901/899/901 688/687/689 900/898/900
f 899/684/686 688/687/689 901/899/901
f 902/900/902 682/680/682 899/684/686
f 902/900/902 899/684/686 1032/901/903
f 901/899/901 1032/901/903 899/684/686
f 1025/902/904 902/900/902 1032/901/903
f 903/903/905 682/680/682 902/900/902
f 1005/683/685 682/680/682 903/903/905
f 1005/683/685 903/903/905 904/904/906
f 1005/683/685 904/904/906 905/905/907
f 906/906/908 684/670/672 685/682/684
f 668/664/666 684/670/672 906/906/908
f 666/663/665 668/664/666 935/907/909
f 907/908/910 662/659/661 666/663/665
f 664/661/663 662/659/661 907/908/910
f 908/909/911 661/658/660 659/654/656
f 908/909/911 909/910/912 661/658/660
f 909/910/912 908/909/911 910/911/913
f 911/912/914 909/910/912 910/911/913
f 910/911/913 913/913/915 912/914/916
f 913/913/915 914/915/917 912/914/916
f 915/916/918 913/913/915 910/911/913
f 916/917/919 915/916/918 910/911/913
f 916/917/919 919/918/920 918/919/921
f 917/920/922 920/921/923 921/922/924
f 917/920/922 922/923/925 914/915/926
f 922/923/925 917/920/922 921/922/924
f 921/922/924 920/921/923 918/919/921
f 923/924/927 922/923/925 921/922/924
f 918/919/921 919/918/920 921/922/924
f 924/925/928 923/924/927 921/922/924
f 924/925/928 921/922/924 925/926/929
f 925/926/929 921/922/924 919/918/920
f 919/918/920 916/917/919 926/927/930
f 910/911/913 908/909/911 916/917/919
f 908/909/911 926/927/930 916/917/919
f 919/918/920 927/928/931 925/926/929
f 927/928/931 928/929/932 925/926/929
f 928/929/932 927/928/931 929/930/933
f 927/928/931 919/918/920 930/931/934
f 930/931/934 919/918/920 926/927/930
f 659/654/656 930/931/934 926/927/930
f 908/909/911 659/654/656 926/927/930
f 659/654/656 664/661/663 930/931/934
f 931/932/935 930/931/934 664/661/663
f 927/928/931 930/931/934 931/932/935
f 929/930/933 927/928/931 932/933/936
f 931/932/935 664/661/663 907/908/910
f 927/928/931 943/934/937 932/933/936
f 927/928/931 931/932/935 943/934/937
f 931/932/935 907/908/910 933/935/938
f 933/935/938 907/908/910 936/936/939
f 936/936/939 935/907/909 934/937/940
f 936/936/939 907/908/910 935/907/909
f 934/937/940 935/907/909 937/938/941
f 907/908/910 666/663/665 935/907/909
f 935/907/909 668/664/666 906/906/908
f 938/939/942 935/907/909 906/906/908
f 937/938/941 935/907/909 938/939/942
f 906/906/908 939/940/943 938/939/942
f 939/940/943 989/941/944 938/939/942
f 936/936/939 934/937/940 940/942/945
f 933/935/938 936/936/939 941/943/946
f 942/944/947 933/935/938 941/943/946
f 943/934/937 931/932/935 933/935/938
f 932/933/936 943/934/937 944/945/948
f 943/934/937 945/946/949 944/945/948
f 933/935/938 946/947/950 943/934/937
f 943/934/937 946/947/950 945/946/949
f 945/946/949 947/948/951 944/945/948
f 945/946/949 948/949/952 947/948/951
f 946/947/950 949/950/953 945/946/949
f 949/950/953 948/949/952 945/946/949
f 950/951/954 949/950/953 946/947/950
f 951/952/955 952/953/956 948/949/952
f 949/950/953 951/952/955 948/949/952
f 951/952/955 953/954/957 952/953/956
f 953/954/957 954/955/958 952/953/956
f 953/954/957 955/956/959 954/955/958
f 954/955/958 955/956/959 956/957/960
f 955/956/959 950/951/954 956/957/960
f 956/957/960 950/951/954 957/958/961
f 957/958/961 950/951/954 946/947/950
f 958/959/962 957/958/961 946/947/950
f 933/935/938 958/959/962 946/947/950
f 959/960/963 958/959/962 933/935/938
f 933/935/938 942/944/947 959/960/963
f 942/944/947 960/961/964 959/960/963
f 941/943/946 961/962/965 942/944/947
f 942/944/947 961/962/965 960/961/964
f 961/962/965 962/963/966 960/961/964
f 962/963/966 963/964/967 960/961/964
f 941/943/946 964/965/968 961/962/965
f 964/965/968 962/963/966 961/962/965
f 962/963/966 965/966/969 963/964/967
f 962/963/966 966/967/970 965/966/969
f 966/967/970 967/968/971 965/966/969
f 965/966/969 967/968/971 968/969/972
f 968/969/973 970/970/974 969/971/975
f 971/972/976 969/971/975 970/970/974
f 971/972/976 970/970/974 941/943/946
f 941/943/946 970/970/974 964/965/968
f 972/973/977 971/972/976 941/943/946
f 973/974/978 972/973/977 941/943/946
f 936/936/939 973/974/978 941/943/946
f 936/936/939 940/942/945 973/974/978
f 940/942/945 974/975/979 973/974/978
f 940/942/945 975/976/980 974/975/979
f 934/937/940 976/977/981 940/942/945
f 940/942/945 977/978/982 975/976/980
f 977/978/982 978/979/983 975/976/980
f 976/977/981 977/978/982 940/942/945
f 977/978/982 979/980/984 978/979/983
f 979/980/984 980/981/985 978/979/983
f 979/980/984 981/982/986 980/981/985
f 980/981/985 981/982/986 982/983/987
f 981/982/986 983/984/988 982/983/987
f 983/984/988 984/985/989 982/983/987
f 983/984/988 976/977/981 984/985/989
f 984/985/989 976/977/981 985/986/990
f 986/987/991 985/986/990 976/977/981
f 986/987/991 976/977/981 934/937/940
f 987/988/992 986/987/991 937/938/941
f 937/938/941 986/987/991 934/937/940
f 937/938/941 938/939/942 987/988/992
f 938/939/942 988/989/993 987/988/992
f 938/939/942 989/941/944 988/989/993
f 685/682/684 990/990/994 906/906/908
f 906/906/908 990/990/994 939/940/943
f 685/682/684 993/991/995 990/990/994
f 989/941/944 991/992/996 988/989/993
f 991/992/996 992/993/997 988/989/993
f 990/990/994 994/994/998 939/940/943
f 994/994/998 995/995/999 939/940/943
f 939/940/943 995/995/999 989/941/944
f 989/941/944 995/995/999 991/992/996
f 991/992/996 996/996/1000 992/993/997
f 991/992/996 997/997/1001 996/996/1000
f 997/997/1001 998/998/1002 996/996/1000
f 999/999/1003 994/994/998 1000/1000/1004
f 999/999/1003 1000/1000/1004 998/998/1002
f 1000/1000/1004 996/996/1000 998/998/1002
f 996/996/1000 1000/1000/1004 1001/1001/1005
f 1001/1001/1005 1000/1000/1004 993/991/995
f 993/991/995 1000/1000/1004 990/990/994
f 990/990/994 1000/1000/1004 994/994/998
f 996/996/1000 1001/1001/1005 1002/1002/1006
f 1003/1003/1007 1001/1001/1005 993/991/995
f 1002/1002/1006 1001/1001/1005 1003/1003/1007
f 1004/1004/1008 1002/1002/1006 1003/1003/1007
f 1005/683/685 993/991/995 685/682/684
f 1003/1003/1007 993/991/995 1005/683/685
f 1004/1004/1008 1003/1003/1007 1005/683/685
f 1006/1005/1009 1004/1004/1008 1005/683/685
f 905/905/907 1006/1005/1009 1005/683/685
f 905/905/907 1007/1006/1010 1006/1005/1009
f 905/905/907 1008/1007/1011 1007/1006/1010
f 1009/1008/1012 1008/1007/1011 905/905/907
f 904/904/906 1009/1008/1012 905/905/907
f 1010/1009/1013 1009/1008/1012 904/904/906
f 1011/1010/1014 904/904/906 903/903/905
f 1012/1011/1015 1010/1009/1013 904/904/906
f 1011/1010/1014 1012/1011/1015 904/904/906
f 1014/1012/1016 1010/1009/1013 1012/1011/1015
f 1014/1012/1016 1015/1013/1017 1010/1009/1013
f 1008/1007/1011 1016/1014/1018 1007/1006/1010
f 1009/1008/1012 1016/1014/1018 1008/1007/1011
f 1015/1013/1017 1017/1015/1019 1010/1009/1013
f 1017/1015/1019 1018/1016/1020 1010/1009/1013
f 1010/1009/1013 1018/1016/1020 1009/1008/1012
f 1009/1008/1012 1019/1017/1021 1016/1014/1018
f 1018/1016/1020 1019/1017/1021 1009/1008/1012
f 1020/1018/1022 1018/1016/1020 1017/1015/1019
f 1020/1018/1022 1019/1017/1021 1018/1016/1020
f 1011/1010/1014 1021/1019/1023 1013/1020/1024
f 903/903/905 1022/1021/1025 1021/1019/1023
f 903/903/905 1021/1019/1023 1011/1010/1014
f 1023/1022/1026 1022/1021/1025 903/903/905
f 1024/1023/1027 1023/1022/1026 903/903/905
f 902/900/902 1024/1023/1027 903/903/905
f 902/900/902 1025/902/904 1024/1023/1027
f 1024/1023/1027 1026/1024/1028 1023/1022/1026
f 1027/1025/1029 1026/1024/1028 1024/1023/1027
f 1027/1025/1029 1024/1023/1027 1025/902/904
f 1028/1026/1030 1027/1025/1029 1025/902/904
f 1027/1025/1029 1029/1027/1031 1026/1024/1028
f 1032/901/903 1035/1028/1032 1025/902/904
f 1025/902/904 1030/1029/1033 1028/1026/1030
f 1025/902/904 1031/1030/1034 1030/1029/1033
f 1035/1028/1032 1031/1030/1034 1025/902/904
f 1033/1031/1035 1032/901/903 901/899/901
f 1033/1031/1035 1034/1032/1036 1032/901/903
f 1032/901/903 1034/1032/1036 1035/1028/1032
f 1031/1030/1034 1036/1033/1037 1030/1029/1033
f 1037/1034/1038 1035/1028/1032 1034/1032/1036
f 1037/1034/1038 1040/1035/1039 1035/1028/1032
f 1035/1028/1032 1039/1036/1040 1031/1030/1034
f 1031/1030/1034 1038/1037/1041 1036/1033/1037
f 1031/1030/1034 1039/1036/1040 1038/1037/1041
f 1039/1036/1040 1040/1035/1039 1038/1037/1041
f 1040/1035/1039 1039/1036/1040 1035/1028/1032
f 1023/1022/1026 1042/1038/1042 1022/1021/1025
f 1022/1021/1025 1043/1039/1043 1021/1019/1023
f 1026/1024/1028 1041/1040/1044 1023/1022/1026
f 1042/1038/1042 1043/1039/1043 1022/1021/1025
f 1041/1040/1044 1044/1041/1045 1023/1022/1026
f 1023/1022/1026 1044/1041/1045 1042/1038/1042
f 1042/1038/1042 1046/1042/1046 1043/1039/1043
f 1042/1038/1042 1045/1043/1047 1046/1042/1046
f 1044/1041/1045 1045/1043/1047 1042/1038/1042
f 1047/1044/1048 284/1045/1049 283/282/283
f 283/282/283 1048/1046/1050 1047/1044/1048
f 283/282/283 280/279/280 1048/1046/1050
f 280/279/280 1049/1047/1051 1048/1046/1050
f 275/275/276 1063/1048/1052 280/279/280
f 280/279/280 1063/1048/1052 1049/1047/1051
f 1050/1049/1053 1048/1046/1050 1049/1047/1051
f 1051/1050/1054 1050/1049/1053 1049/1047/1051
f 1052/1051/1055 1049/1047/1051 1061/1052/1056
f 1053/1053/1057 1050/1049/1053 1051/1050/1054
f 1054/1054/1058 1051/1050/1054 1049/1047/1051
f 1054/1054/1058 1049/1047/1051 1052/1051/1055
f 1056/1055/1059 1055/1056/1060 1053/1053/1057
f 1056/1055/1059 1053/1053/1057 1051/1050/1054
f 1057/1057/1061 1055/1056/1060 1056/1055/1059
f 1056/1055/1059 1051/1050/1054 1054/1054/1058
f 1058/1058/1062 1057/1057/1061 1056/1055/1059
f 1056/1055/1059 1054/1054/1058 1058/1058/1062
f 1058/1058/1062 1054/1054/1058 1059/1059/1063
f 1059/1059/1063 1052/1051/1055 1060/1060/1064
f 1059/1059/1063 1054/1054/1058 1052/1051/1055
f 1060/1060/1064 1052/1051/1055 1061/1052/1056
f 1061/1052/1056 1049/1047/1051 1062/1061/1065
f 1063/1048/1052 1062/1061/1065 1049/1047/1051
f 1064/1062/1066 1062/1061/1065 1063/1048/1052
f 1065/1063/1067 1064/1062/1066 1063/1048/1052
f 1063/1048/1052 1067/1064/1068 1066/1065/1069
f 275/275/276 1067/1064/1068 1063/1048/1052
f 275/275/276 279/278/279 1067/1064/1068
f 279/278/279 1068/1066/1070 1067/1064/1068
f 277/276/277 276/265/266 279/278/279
f 278/277/278 1069/1067/1071 276/265/266
f 258/257/258 1070/1068/1072 261/260/261
f 258/257/258 256/255/256 1070/1068/1072
f 1070/1068/1072 256/255/256 1071/1069/1073
f 256/255/256 1072/1070/1074 1071/1069/1073
f 256/255/256 254/254/255 1072/1070/1074
f 252/251/252 1073/1071/1075 254/254/255
f 255/1072/1076 1073/1071/1075 252/251/252
f 1074/1073/1077 1073/1071/1075 255/1072/1076
f 1075/1074/1078 1073/1071/1075 1074/1073/1077
f 1074/1073/1077 1076/1075/1079 1075/1074/1078
f 1077/1076/1080 1075/1074/1078 1076/1075/1079
f 1078/1077/1081 1075/1074/1078 1077/1076/1080
f 1079/1078/1082 1075/1074/1078 1078/1077/1081
f 1079/1078/1082 1078/1077/1081 1080/1079/1083
f 1084/1080/1084 1083/1081/1085 1081/1082/1086
f 1082/1083/1087 1083/1081/1085 1084/1080/1084
f 1082/1083/1087 1080/1079/1088 1085/1084/1089
f 1083/1081/1085 1082/1083/1087 1085/1084/1089
f 1085/1084/1089 1086/1085/1090 1083/1081/1085
f 1087/1086/1091 1083/1081/1085 1086/1085/1090
f 1088/1087/1092 1081/1082/1086 1083/1081/1085
f 1083/1081/1085 1087/1086/1091 1088/1087/1092
f 1087/1086/1091 1089/1088/1093 1088/1087/1092
f 1073/1071/1075 1075/1074/1078 1081/1082/1086
f 1090/1089/1094 1081/1082/1086 1088/1087/1092
f 1091/1090/1095 1088/1087/1092 1089/1088/1093
f 1092/1091/1096 1088/1087/1092 1091/1090/1095
f 1081/1082/1086 1090/1089/1094 1073/1071/1075
f 1090/1089/1094 1092/1091/1096 1072/1070/1074
f 1092/1091/1096 1090/1089/1094 1088/1087/1092
f 254/254/255 1073/1071/1075 1090/1089/1094
f 254/254/255 1090/1089/1094 1072/1070/1074
f 1070/1068/1072 1071/1069/1073 1096/1092/1097
f 1072/1070/1074 1095/1093/1098 1071/1069/1073
f 1072/1070/1074 1092/1091/1096 1094/1094/1099
f 1094/1094/1099 1092/1091/1096 1093/1095/1100
f 1071/1069/1073 1095/1093/1098 1096/1092/1097
f 1070/1068/1072 1096/1092/1097 1097/1096/1101
f 1070/1068/1072 1097/1096/1101 1098/1097/1102
f 276/265/266 1069/1067/1071 1099/1098/1103
f 278/277/278 261/260/261 1069/1067/1071
f 276/265/266 1099/1098/1103 279/278/279
f 261/260/261 1101/1099/1104 1069/1067/1071
f 261/260/261 1070/1068/1072 1101/1099/1104
f 1070/1068/1072 1098/1097/1102 1101/1099/1104
f 1102/1100/1105 1069/1067/1071 1101/1099/1104
f 1102/1100/1105 1100/1101/1106 1069/1067/1071
f 1097/1096/1101 1103/1102/1107 1098/1097/1102
f 1097/1096/1101 1096/1092/1097 1105/1103/1108
f 1097/1096/1101 1105/1103/1108 1104/1104/1109
f 1096/1092/1097 1106/1105/1110 1105/1103/1108
f 1096/1092/1097 1095/1093/1098 1106/1105/1110
f 1095/1093/1098 1072/1070/1074 1094/1094/1099
f 1095/1093/1098 1094/1094/1099 1107/1106/1111
f 1094/1094/1099 1093/1095/1100 1108/1107/1112
f 1109/1108/1113 1094/1094/1099 1108/1107/1112
f 1110/1109/1114 1094/1094/1099 1109/1108/1113
f 1110/1109/1114 1107/1106/1111 1094/1094/1099
f 1111/1110/1115 1110/1109/1114 1109/1108/1113
f 1112/1111/1116 1107/1106/1111 1110/1109/1114
f 1114/1112/1117 1113/1113/1118 1111/1110/1115
f 1113/1113/1118 1110/1109/1114 1111/1110/1115
f 1115/1114/1119 1113/1113/1118 1114/1112/1117
f 1115/1114/1119 1114/1112/1117 1116/1115/1120
f 1112/1111/1116 1116/1115/1121 1117/1116/1122
f 1117/1116/1122 1118/1117/1123 1112/1111/1116
f 1118/1117/1123 1119/1118/1124 1107/1106/1111
f 1118/1117/1123 1107/1106/1111 1112/1111/1116
f 1119/1118/1124 1120/1119/1125 1107/1106/1111
f 1095/1093/1098 1107/1106/1111 1120/1119/1125
f 1106/1105/1110 1095/1093/1098 1120/1119/1125
f 1122/1120/1126 1105/1103/1108 1106/1105/1110
f 1121/1121/1127 1106/1105/1110 1120/1119/1125
f 1123/1122/1128 1106/1105/1110 1121/1121/1127
f 1124/1123/1129 1123/1122/1128 1121/1121/1127
f 1125/1124/1130 1124/1123/1129 1121/1121/1127
f 1123/1122/1128 1122/1120/1126 1106/1105/1110
f 1122/1120/1126 1123/1122/1128 1126/1125/1131
f 1127/1126/1132 1124/1123/1129 1125/1124/1130
f 1128/1127/1133 1124/1123/1129 1127/1126/1132
f 1128/1127/1133 1127/1126/1132 1129/1128/1134
f 1130/1129/1135 1128/1127/1133 1129/1128/1134
f 1131/1130/1136 1130/1129/1135 1129/1128/1134
f 1126/1125/1131 1130/1129/1135 1131/1130/1136
f 1131/1130/1136 1132/1131/1137 1126/1125/1131
f 1122/1120/1126 1126/1125/1131 1132/1131/1137
f 1132/1131/1137 1133/1132/1138 1122/1120/1126
f 1122/1120/1126 1133/1132/1138 1105/1103/1108
f 1133/1132/1138 1134/1133/1139 1105/1103/1108
f 1104/1104/1109 1105/1103/1108 1134/1133/1139
f 1135/1134/1140 1104/1104/1109 1134/1133/1139
f 1136/1135/1141 1097/1096/1101 1104/1104/1109
f 1136/1135/1141 1103/1102/1107 1097/1096/1101
f 1136/1135/1141 1104/1104/1109 1135/1134/1140
f 1137/1136/1142 1136/1135/1141 1135/1134/1140
f 1139/1137/1143 1136/1135/1141 1137/1136/1142
f 1139/1137/1143 1138/1138/1144 1136/1135/1141
f 1103/1102/1107 1136/1135/1141 1140/1139/1145
f 1136/1135/1141 1138/1138/1144 1140/1139/1145
f 1141/1140/1146 1139/1137/1143 1137/1136/1142
f 1142/1141/1147 1139/1137/1143 1141/1140/1146
f 1143/1142/1148 1142/1141/1147 1141/1140/1146
f 1145/1143/1149 1144/1144/1150 1143/1142/1151
f 1140/1139/1145 1144/1144/1150 1145/1143/1149
f 1140/1139/1145 1145/1143/1149 1146/1145/1152
f 1103/1102/1107 1140/1139/1145 1146/1145/1152
f 1146/1145/1152 1147/1146/1153 1103/1102/1107
f 1147/1146/1153 1148/1147/1154 1103/1102/1107
f 1098/1097/1102 1103/1102/1107 1148/1147/1154
f 1101/1099/1104 1098/1097/1102 1148/1147/1154
f 1149/1148/1155 1101/1099/1104 1148/1147/1154
f 1150/1149/1156 1102/1100/1105 1101/1099/1104
f 1150/1149/1156 1101/1099/1104 1149/1148/1155
f 1151/1150/1157 1150/1149/1156 1149/1148/1155
f 1152/1151/1158 1150/1149/1156 1151/1150/1157
f 1152/1151/1158 1102/1100/1105 1150/1149/1156
f 1154/1152/1159 1152/1151/1158 1151/1150/1157
f 1155/1153/1160 1152/1151/1158 1154/1152/1159
f 1153/1154/1161 1156/1155/1162 1157/1156/1163
f 1157/1156/1163 1156/1155/1162 1155/1153/1160
f 1157/1156/1163 1159/1157/1164 1153/1154/1161
f 1154/1152/1159 1157/1156/1163 1155/1153/1160
f 1157/1156/1163 1154/1152/1159 1158/1158/1165
f 1158/1158/1165 1159/1157/1164 1157/1156/1163
f 1158/1158/1165 1154/1152/1159 1161/1159/1166
f 1158/1158/1165 1161/1159/1166 1160/1160/1167
f 1161/1159/1166 1162/1161/1168 1160/1160/1167
f 1158/1158/1165 1160/1160/1167 1159/1157/1164
f 1159/1157/1164 1160/1160/1167 1099/1098/1103
f 1159/1157/1164 1099/1098/1103 1100/1101/1106
f 1160/1160/1167 1162/1161/1168 279/278/279
f 1162/1161/1168 1163/1162/1169 279/278/279
f 1160/1160/1167 279/278/279 1099/1098/1103
f 1100/1101/1106 1099/1098/1103 1069/1067/1071
f 279/278/279 1163/1162/1169 1068/1066/1070
f 1165/1163/1170 1163/1162/1169 1164/1164/1171
f 1165/1163/1170 1068/1066/1070 1163/1162/1169
f 1166/1165/1172 1068/1066/1070 1165/1163/1170
f 1166/1165/1172 1167/1166/1173 1068/1066/1070
f 1167/1166/1173 1067/1064/1068 1068/1066/1070
f 1167/1166/1173 1168/1167/1174 1067/1064/1068
f 1067/1064/1068 1169/1168/1175 1066/1065/1069
f 1168/1167/1174 1170/1169/1176 1067/1064/1068
f 1170/1169/1176 1169/1168/1175 1067/1064/1068
f 1171/1170/1177 1063/1048/1052 1066/1065/1069
f 1171/1170/1177 1065/1063/1067 1063/1048/1052
f 1172/1171/1178 1066/1065/1069 1169/1168/1175
f 1172/1171/1178 1173/1172/1179 1066/1065/1069
f 1173/1172/1179 1174/1173/1180 1066/1065/1069
f 1174/1173/1180 1171/1170/1177 1066/1065/1069
f 1175/1174/1181 1065/1063/1067 1171/1170/1177
f 1176/1175/1182 1173/1172/1179 1172/1171/1178
f 1177/1176/1183 1171/1170/1177 1174/1173/1180
f 1174/1173/1180 1173/1172/1179 1176/1175/1182
f 1175/1174/1181 1171/1170/1177 1177/1176/1183
f 1178/1177/1184 1175/1174/1181 1177/1176/1183
f 1178/1177/1184 1177/1176/1183 1179/1178/1185
f 1179/1178/1185 1177/1176/1183 1174/1173/1180
f 1179/1178/1185 1174/1173/1180 1176/1175/1182
f 1180/1179/1186 1179/1178/1185 1176/1175/1182
f 1179/1178/1185 1180/1179/1186 1178/1177/1184
f 1181/1180/1187 1168/1167/1174 1167/1166/1173
f 1182/1181/1188 1166/1165/1172 1165/1163/1170
f 1167/1166/1173 1183/1182/1189 1181/1180/1187
f 1185/1183/1190 1167/1166/1173 1166/1165/1172
f 1185/1183/1190 1166/1165/1172 1182/1181/1188
f 1184/1184/1191 1185/1183/1190 1182/1181/1188
f 1185/1183/1190 1183/1182/1189 1167/1166/1173
f 1186/1185/1192 1185/1183/1190 1184/1184/1191
f 1185/1183/1190 1186/1185/1192 1183/1182/1189
f 1153/1154/1161 1100/1101/1106 1102/1100/1105
f 1153/1154/1161 1159/1157/1164 1100/1101/1106
f 1187/1186/1193 43/46/46 40/43/43
f 40/43/43 1188/1187/1194 1187/1186/1193
f 40/43/43 37/39/39 39/41/41
f 39/41/41 1188/1187/1194 40/43/43
f 1188/1187/1194 1189/1188/1195 1187/1186/1193
f 1189/1188/1195 1190/1189/1196 1187/1186/1193
f 39/41/41 1189/1188/1195 1188/1187/1194
f 38/40/40 1189/1188/1195 39/41/41
f 1189/1188/1195 1191/1190/1197 1190/1189/1196
f 38/40/40 1192/1191/1198 1189/1188/1195
f 1191/1190/1197 1193/1192/1199 1190/1189/1196
f 1194/1193/1200 1191/1190/1197 1189/1188/1195
f 1192/1191/1198 1194/1193/1200 1189/1188/1195
f 1192/1191/1198 1195/1194/1201 1194/1193/1200
f 1196/1195/1202 1192/1191/1198 1197/1196/1203
f 1197/1196/1203 1192/1191/1198 1199/1197/1204
f 1198/1198/1205 1197/1196/1203 1200/1199/1206
f 1201/1200/1207 1198/1198/1205 1202/1201/1208
f 1198/1198/1205 1200/1199/1206 1202/1201/1208
f 1202/1201/1208 1200/1199/1206 1203/1202/1209
f 1197/1196/1203 1199/1197/1204 1200/1199/1206
f 1200/1199/1206 1204/14/14 1203/1202/1209
f 11/8/8 1203/1202/1209 1204/14/14
f 1200/1199/1206 1199/1197/1204 1204/14/14
f 28/30/30 1204/14/14 1199/1197/1204
f 28/30/30 1199/1197/1204 38/40/40
f 1192/1191/1198 38/40/40 1199/1197/1204
o Cloth
v -0.000053 0.013534 -0.000036
v -0.000040 0.013533 -0.000042
v -0.005677 0.013020 -0.001050
v -0.005835 0.012991 -0.001067
v -0.002084 0.008262 -0.000026
v -0.002137 0.008140 -0.000032
v -0.001380 0.008029 0.000474
v -0.001276 0.008416 0.000472
v -0.001665 0.009021 0.000022
v -0.001091 0.009069 0.000451
v -0.001236 0.009854 0.000075
v -0.000843 0.010620 0.000125
v -0.000627 0.010627 0.000353
v -0.000589 0.010788 0.000335
v -0.001237 0.008918 0.000494
v -0.001482 0.008132 0.000533
v -0.001516 0.007993 0.000537
v -0.001365 0.008025 0.000487
v -0.001383 0.008022 0.000502
v -0.001375 0.008029 0.000464
v -0.002113 0.008132 -0.000016
v -0.001492 0.007991 0.000557
v -0.002120 0.008134 -0.000009
v -0.001489 0.007990 0.000548
v -0.002125 0.008137 -0.000034
v -0.002135 0.008143 -0.000037
v -0.000151 0.007897 0.000951
v -0.000165 0.007895 0.000939
v -0.001973 0.008145 -0.000026
v -0.000186 0.007891 0.000871
v -0.000196 0.007898 0.000868
v -0.000171 0.007889 0.000859
v 0.000475 0.007891 0.000963
v 0.000499 0.007894 0.000954
v 0.000506 0.007894 0.000959
v -0.001493 0.007991 0.000558
v 0.000486 0.007900 0.000936
v 0.000496 0.008019 0.000936
v 0.000387 0.007913 0.000897
v 0.000379 0.007907 0.000808
v 0.000397 0.007927 0.000798
v 0.000395 0.007926 0.000789
v 0.001083 0.007987 0.000835
v 0.001103 0.007996 0.000823
v 0.001118 0.007998 0.000826
v 0.000374 0.008061 0.000801
v 0.001060 0.008000 0.000773
v 0.001049 0.008004 0.000776
v 0.001062 0.008001 0.000759
v 0.001744 0.008098 0.000565
v 0.001758 0.008107 0.000548
v 0.001772 0.008109 0.000548
v 0.001727 0.008237 0.000545
v 0.001633 0.008128 0.000487
v 0.001614 0.008132 0.000505
v 0.001062 0.008001 0.000773
v 0.001510 0.008486 0.000485
v 0.001428 0.009010 0.000504
v 0.001628 0.008127 0.000477
v 0.002368 0.008282 0.000010
v 0.002371 0.008294 -0.000012
v 0.002383 0.008291 -0.000019
v 0.002321 0.008410 -0.000007
v 0.002225 0.008278 -0.000010
v 0.002197 0.008281 -0.000017
v 0.001837 0.009165 0.000036
v 0.002149 0.008407 -0.000018
v 0.001223 0.009285 0.000451
v 0.001624 0.009346 0.000046
v 0.000721 0.010637 0.000362
v 0.002385 0.008289 -0.000012
v 0.002312 0.008427 -0.000006
v 0.001784 0.009252 0.000044
v 0.000938 0.010657 0.000131
v 0.000805 0.010869 0.000137
v 0.000653 0.010829 0.000345
v 0.000451 0.010631 0.000529
v 0.001204 0.009524 0.000460
v 0.000605 0.009983 0.000598
v 0.000852 0.008957 0.000710
v 0.001436 0.008991 0.000507
v 0.001728 0.008236 0.000545
v 0.001769 0.008105 0.000550
v 0.000898 0.008912 0.000751
v 0.000903 0.008893 0.000755
v 0.001117 0.007994 0.000830
v 0.000392 0.007925 0.000800
v 0.000302 0.008983 0.000729
v 0.000400 0.008806 0.000844
v 0.000171 0.010629 0.000557
v 0.000434 0.010832 0.000502
v 0.000845 0.010904 -0.000123
v 0.000163 0.010839 0.000563
v 0.000783 0.010918 -0.000385
v 0.001008 0.010686 -0.000145
v 0.000649 0.010923 -0.000585
v -0.000117 0.010831 0.000553
v 0.000976 0.010711 -0.000413
v 0.000721 0.010746 -0.000630
v 0.000441 0.010903 -0.000711
v 0.000187 0.010917 -0.000770
v 0.000452 0.010770 -0.000753
v 0.000134 0.010720 -0.000802
v 0.000014 0.010918 -0.000775
v 0.000043 0.010746 -0.000802
v 0.000269 0.008976 -0.001971
v 0.000108 0.008962 -0.002029
v 0.000134 0.008210 -0.002321
v 0.000325 0.008225 -0.002254
v 0.000138 0.008079 -0.002391
v 0.000257 0.008983 -0.002035
v 0.000324 0.008100 -0.002409
v 0.000328 0.008105 -0.002450
v 0.000267 0.008978 -0.002073
v 0.000635 0.010022 -0.001264
v 0.000881 0.009057 -0.001910
v 0.000628 0.010075 -0.001270
v 0.000886 0.009074 -0.001992
v 0.000989 0.010164 -0.000953
v 0.001185 0.009725 -0.001192
v 0.001426 0.009133 -0.001517
v 0.001141 0.008203 -0.002383
v 0.000338 0.008088 -0.002366
v 0.000345 0.008098 -0.002390
v 0.000329 0.008102 -0.002443
v 0.000362 0.008108 -0.002449
v 0.000362 0.008112 -0.002458
v 0.001065 0.008152 -0.002261
v 0.001065 0.008156 -0.002270
v 0.001089 0.008158 -0.002266
v 0.001082 0.008159 -0.002273
v 0.001098 0.008164 -0.002286
v 0.001093 0.008177 -0.002368
v 0.001104 0.008177 -0.002401
v 0.001721 0.008295 -0.001866
v 0.001725 0.008300 -0.001874
v 0.001753 0.008295 -0.001864
v 0.001743 0.008303 -0.001869
v 0.001749 0.008305 -0.001872
v 0.001808 0.008322 -0.001956
v 0.001179 0.009837 -0.001184
v 0.001448 0.009222 -0.001564
v 0.001831 0.008329 -0.001977
v 0.001846 0.008341 -0.001986
v 0.001856 0.008336 -0.001955
v 0.002252 0.008389 -0.001307
v 0.002278 0.008393 -0.001295
v 0.002272 0.008395 -0.001303
v 0.002295 0.008397 -0.001300
v 0.002290 0.008397 -0.001309
v 0.002397 0.008405 -0.001380
v 0.002209 0.008537 -0.001255
v 0.001787 0.009238 -0.001035
v 0.001870 0.009268 -0.001095
v 0.002342 0.008532 -0.001346
v 0.002412 0.008402 -0.001355
v 0.002389 0.008353 -0.000669
v 0.002402 0.008355 -0.000648
v 0.002312 0.008530 -0.000633
v 0.002429 0.008355 -0.000650
v 0.002563 0.008357 -0.000695
v 0.001864 0.009276 -0.000491
v 0.001245 0.010349 -0.000235
v 0.001975 0.009278 -0.000525
v 0.002509 0.008473 -0.000674
v 0.002573 0.008357 -0.000701
v 0.002564 0.008345 -0.000672
v 0.002573 0.008349 -0.000669
v 0.002194 0.008281 -0.000040
v 0.002584 0.008362 -0.000696
v 0.001977 0.009275 -0.000523
v -0.000153 0.007894 0.000950
v -0.000160 0.007887 0.000928
v -0.000188 0.007890 0.000871
v -0.000141 0.008804 0.000840
v 0.000507 0.007892 0.000956
v -0.000166 0.008854 0.000779
v 0.000400 0.008792 0.000847
v -0.000399 0.010634 0.000459
v -0.000375 0.010808 0.000481
v -0.000740 0.010817 0.000132
v -0.000922 0.009798 0.000424
v -0.000774 0.010850 -0.000130
v -0.000917 0.010630 -0.000152
v -0.000890 0.010646 -0.000423
v -0.000719 0.010869 -0.000395
v -0.000597 0.010882 -0.000591
v -0.000347 0.010878 -0.000710
v -0.000045 0.010712 -0.000803
v -0.000052 0.010916 -0.000773
v 0.000043 0.010752 -0.000801
v 0.000014 0.010922 -0.000775
v 0.000108 0.008968 -0.002025
v -0.001254 0.008870 0.000502
v -0.000055 0.008963 -0.001974
v -0.001520 0.008001 0.000539
v -0.000137 0.009102 0.000799
v -0.000116 0.010638 0.000549
v -0.002323 0.008196 -0.000720
v -0.002268 0.008321 -0.000693
v -0.001790 0.009156 -0.000538
v -0.001319 0.009960 -0.000326
v -0.001396 0.009362 0.000040
v -0.001659 0.009030 0.000020
v -0.002082 0.008264 -0.000026
v -0.001905 0.008284 -0.000031
v -0.001949 0.008145 -0.000034
v -0.001946 0.008146 -0.000058
v -0.002314 0.008184 -0.000693
v -0.002317 0.008189 -0.000720
v -0.002180 0.008207 -0.000668
v -0.002269 0.008313 -0.000695
v -0.002153 0.008207 -0.000667
v -0.001790 0.009152 -0.000541
v -0.002139 0.008205 -0.000688
v -0.002095 0.008348 -0.000652
v -0.002160 0.008250 -0.001374
v -0.002149 0.008244 -0.001407
v -0.001682 0.009152 -0.000508
v -0.002108 0.008374 -0.001364
v -0.001274 0.010034 -0.000310
v -0.001677 0.009151 -0.001109
v -0.002044 0.008252 -0.001319
v -0.002038 0.008253 -0.001327
v -0.002017 0.008242 -0.001314
v -0.001967 0.008397 -0.001273
v -0.002020 0.008252 -0.001321
v -0.002018 0.008252 -0.001322
v -0.001596 0.008221 -0.001970
v -0.001586 0.008225 -0.002001
v -0.001570 0.008215 -0.001991
v -0.001592 0.009129 -0.001048
v -0.001547 0.008209 -0.001972
v -0.001492 0.008187 -0.001878
v -0.001485 0.008197 -0.001885
v -0.001481 0.008196 -0.001883
v -0.001459 0.008189 -0.001880
v -0.001462 0.008194 -0.001888
v -0.000853 0.008128 -0.002387
v -0.000827 0.008127 -0.002410
v -0.000827 0.008121 -0.002399
v -0.000820 0.008113 -0.002378
v -0.000825 0.008100 -0.002294
v -0.000810 0.008096 -0.002281
v -0.000815 0.008094 -0.002274
v -0.000792 0.008090 -0.002269
v -0.000792 0.008094 -0.002278
v -0.000085 0.008093 -0.002451
v -0.000080 0.008098 -0.002460
v -0.000052 0.008089 -0.002444
v -0.000046 0.008084 -0.002414
v -0.000068 0.008084 -0.002392
v -0.000062 0.008076 -0.002366
v -0.000054 0.008229 -0.002387
v 0.000140 0.008077 -0.002392
v -0.000058 0.008213 -0.002254
v 0.000134 0.008219 -0.002317
v -0.000042 0.008967 -0.002039
v -0.000049 0.008971 -0.002071
v -0.000672 0.009004 -0.001917
v -0.000678 0.009007 -0.002007
v -0.001217 0.009061 -0.001521
v -0.001251 0.009132 -0.001576
v -0.000365 0.010733 -0.000767
v -0.000564 0.009638 -0.001563
v -0.001017 0.009672 -0.001190
v -0.001045 0.009710 -0.001226
v -0.000640 0.010698 -0.000636
v -0.002070 0.008267 -0.000023
v -0.002123 0.008135 -0.000034
v -0.001367 0.008026 0.000486
v -0.001177 0.008772 0.000443
v -0.001654 0.009019 0.000025
v -0.001474 0.008126 0.000532
v -0.001504 0.008001 0.000538
v -0.001222 0.008927 0.000495
v -0.001059 0.009138 0.000450
v -0.001199 0.009903 0.000081
v -0.000613 0.010648 0.000348
v -0.000701 0.010398 0.000380
v -0.000637 0.010583 0.000367
v -0.000815 0.010652 0.000122
v -0.000589 0.010787 0.000335
v -0.000740 0.010817 0.000132
v -0.000868 0.010673 -0.000142
v -0.000774 0.010849 -0.000130
v -0.000883 0.010646 -0.000421
v -0.000719 0.010868 -0.000394
v -0.000652 0.010661 -0.000652
v -0.000597 0.010882 -0.000591
v -0.000368 0.010729 -0.000758
v -0.000347 0.010878 -0.000710
v -0.000048 0.010741 -0.000790
v 0.000014 0.010923 -0.000781
v -0.000375 0.010808 0.000481
v 0.000042 0.010755 -0.000794
v -0.000393 0.010629 0.000450
v -0.000116 0.010831 0.000553
v 0.000163 0.010839 0.000563
v 0.000434 0.010832 0.000502
v 0.000443 0.010649 0.000521
v 0.000653 0.010828 0.000345
v 0.000708 0.010656 0.000361
v 0.000713 0.010624 0.000359
v 0.000805 0.010869 0.000137
v 0.000845 0.010903 -0.000124
v 0.000949 0.010735 -0.000134
v 0.000783 0.010917 -0.000385
v 0.000968 0.010703 -0.000413
v 0.000649 0.010923 -0.000585
v 0.000719 0.010739 -0.000632
v 0.000441 0.010903 -0.000711
v 0.000450 0.010765 -0.000746
v 0.000017 0.010922 -0.000789
v 0.000134 0.010741 -0.000792
v 0.000043 0.010755 -0.000796
v 0.000143 0.010685 -0.000823
v 0.000108 0.008958 -0.002019
v 0.000277 0.008973 -0.001964
v 0.000332 0.008223 -0.002246
v 0.000134 0.008209 -0.002310
v 0.000139 0.008075 -0.002393
v 0.000342 0.008089 -0.002365
v 0.000326 0.008100 -0.002408
v 0.000336 0.008101 -0.002440
v 0.000269 0.008983 -0.002059
v 0.000175 0.010253 -0.001132
v 0.000176 0.010251 -0.001129
v 0.000634 0.010016 -0.001255
v 0.000888 0.009053 -0.001903
v 0.001094 0.008159 -0.002265
v 0.001099 0.008185 -0.002394
v 0.000894 0.009065 -0.001987
v 0.000478 0.010692 -0.000807
v 0.000578 0.010284 -0.001107
v 0.000455 0.010742 -0.000769
v 0.000579 0.010284 -0.001105
v 0.001085 0.009944 -0.001059
v 0.000894 0.009067 -0.001985
v 0.001205 0.009679 -0.001203
v 0.001427 0.009136 -0.001504
v 0.001103 0.008189 -0.002395
v 0.001749 0.008302 -0.001857
v 0.001832 0.008329 -0.001975
v 0.001805 0.008486 -0.001884
v 0.001477 0.009163 -0.001582
v 0.001239 0.009690 -0.001260
v 0.000942 0.010313 -0.000880
v 0.001298 0.009550 -0.001348
v 0.000984 0.010705 -0.000408
v 0.000746 0.010693 -0.000650
v 0.002262 0.008392 -0.001303
v 0.002292 0.008396 -0.001292
v 0.002346 0.008514 -0.001341
v 0.002400 0.008403 -0.001384
v 0.001776 0.009252 -0.001018
v 0.001864 0.009263 -0.001084
v 0.001210 0.010334 -0.000581
v 0.001008 0.010685 -0.000134
v 0.001210 0.010333 -0.000582
v 0.001862 0.009268 -0.000483
v 0.001974 0.009264 -0.000518
v 0.001421 0.010079 -0.000300
v 0.002504 0.008467 -0.000670
v 0.002562 0.008355 -0.000697
v 0.002404 0.008357 -0.000649
v 0.002402 0.008401 -0.001380
v 0.002351 0.008512 -0.001341
v 0.001868 0.009260 -0.001085
v 0.000985 0.010701 -0.000409
v 0.000985 0.010703 -0.000424
v 0.002575 0.008356 -0.000691
v 0.002564 0.008345 -0.000672
v 0.002202 0.008283 -0.000026
v 0.002218 0.008282 -0.000009
v 0.001970 0.009272 -0.000515
v 0.001675 0.009228 0.000040
v 0.002370 0.008288 -0.000013
v 0.002315 0.008403 -0.000004
v 0.001833 0.009151 0.000041
v 0.001434 0.009815 0.000082
v 0.000886 0.010719 0.000131
v 0.000989 0.010705 -0.000143
v 0.000933 0.010661 0.000141
v 0.000901 0.010706 0.000130
v 0.000965 0.009957 0.000393
v 0.001311 0.009019 0.000471
v 0.001074 0.009791 0.000440
v 0.000933 0.010661 0.000141
v 0.001834 0.009150 0.000041
v 0.002308 0.008413 -0.000004
v 0.001450 0.008654 0.000461
v 0.002372 0.008283 -0.000014
v 0.001619 0.008123 0.000498
v 0.001757 0.008108 0.000550
v 0.001720 0.008227 0.000544
v 0.001424 0.008991 0.000506
v 0.000720 0.010624 0.000370
v 0.001003 0.009958 0.000417
v 0.001715 0.008242 0.000542
v 0.001761 0.008102 0.000548
v 0.001052 0.008000 0.000772
v 0.001103 0.007994 0.000822
v 0.001079 0.008116 0.000815
v 0.000850 0.008921 0.000713
v 0.000890 0.008907 0.000748
v 0.000642 0.009792 0.000611
v 0.000889 0.010224 0.000392
v 0.000456 0.010584 0.000540
v 0.000454 0.010588 0.000539
v 0.000161 0.010675 0.000551
v 0.000293 0.009018 0.000718
v 0.001108 0.007991 0.000827
v 0.000379 0.007923 0.000798
v 0.000383 0.007917 0.000895
v 0.000373 0.008054 0.000831
v 0.000483 0.008036 0.000930
v 0.000508 0.007894 0.000943
v 0.000389 0.008810 0.000839
v 0.000167 0.010596 0.000566
v 0.000165 0.010684 0.000541
v 0.000499 0.007891 0.000951
v -0.000197 0.007889 0.000866
v -0.000170 0.008875 0.000768
v -0.000161 0.007891 0.000944
v -0.000151 0.008815 0.000834
v -0.000147 0.009537 0.000715
v -0.000126 0.010592 0.000559
v -0.000114 0.010662 0.000536
v -0.000110 0.010597 0.000559
v -0.000150 0.008762 0.000840
v -0.000161 0.007897 0.000945
v -0.001488 0.007990 0.000550
v -0.001513 0.007999 0.000545
v -0.000638 0.010580 0.000366
v -0.000054 0.010247 -0.001133
v -0.000056 0.010675 -0.000828
v -0.000043 0.010684 -0.000826
v 0.000175 0.010253 -0.001132
v 0.000136 0.010807 -0.000748
v 0.000140 0.010677 -0.000819
v -0.000825 0.010255 -0.000885
v -0.000663 0.010658 -0.000651
v -0.000657 0.010658 -0.000665
v -0.001095 0.010257 -0.000591
v -0.000899 0.010637 -0.000418
v -0.000897 0.010642 -0.000434
v -0.001679 0.009137 -0.001102
v -0.002103 0.008368 -0.001357
v -0.002151 0.008250 -0.001400
v -0.002147 0.008208 -0.000686
v -0.002162 0.008207 -0.000663
v -0.002312 0.008195 -0.000713
v -0.002262 0.008312 -0.000689
v -0.001782 0.009151 -0.000532
v -0.001685 0.009130 -0.000503
v -0.001401 0.009801 -0.000361
v -0.000922 0.010622 -0.000143
v -0.000904 0.010642 -0.000149
v -0.001782 0.009151 -0.000532
v -0.002325 0.008195 -0.000712
v -0.002314 0.008184 -0.000693
v -0.001954 0.008147 -0.000043
v -0.001969 0.008145 -0.000027
v -0.001505 0.009095 0.000023
v -0.002121 0.008140 -0.000032
v -0.002077 0.008254 -0.000024
v -0.001647 0.009032 0.000026
v -0.000849 0.010603 0.000133
v -0.000804 0.010670 0.000123
v 0.000941 0.010313 -0.000877
v 0.000751 0.010706 -0.000645
v 0.000745 0.010706 -0.000660
v -0.000831 0.008125 -0.002404
v -0.001457 0.008189 -0.001881
v -0.001495 0.008195 -0.001875
v -0.000683 0.009019 -0.001990
v -0.001218 0.009063 -0.001508
v -0.001574 0.008216 -0.001994
v -0.001032 0.009627 -0.001202
v -0.000458 0.010249 -0.001110
v -0.000671 0.010647 -0.000657
v -0.000826 0.010255 -0.000887
v -0.001078 0.009607 -0.001273
v -0.001274 0.009077 -0.001591
v -0.001124 0.009469 -0.001358
v -0.002025 0.008250 -0.001309
v -0.001591 0.009126 -0.001037
v -0.002101 0.008367 -0.001360
v -0.002148 0.008251 -0.001404
v -0.001681 0.009132 -0.001104
v -0.001096 0.010258 -0.000591
v -0.000900 0.010639 -0.000417
v -0.000053 0.010246 -0.001133
v -0.000051 0.008969 -0.002062
v -0.000062 0.008963 -0.001965
v -0.000055 0.010675 -0.000827
v 0.000108 0.008954 -0.002020
v -0.000065 0.008209 -0.002247
v 0.000133 0.008218 -0.002306
v 0.000139 0.008075 -0.002393
v -0.000066 0.008075 -0.002366
v -0.000050 0.008088 -0.002410
v -0.000059 0.008088 -0.002441
v -0.000822 0.008095 -0.002274
v -0.000678 0.009004 -0.001908
v -0.000827 0.008121 -0.002401
v -0.000685 0.009015 -0.001992
v -0.000486 0.010040 -0.001220
v -0.000458 0.010249 -0.001112
v -0.000388 0.010665 -0.000809
v -0.000369 0.010711 -0.000777
v -0.000033 0.013128 -0.001044
v 0.000040 0.013149 -0.001047
v 0.000205 0.013235 -0.001021
v 0.000394 0.013339 -0.000902
v 0.000525 0.013416 -0.000642
v 0.000567 0.013419 -0.000354
v 0.000518 0.013368 -0.000150
v 0.000424 0.013285 -0.000015
v 0.000325 0.013192 0.000097
v 0.000190 0.013056 0.000228
v 0.000201 0.013055 0.000227
v 0.000241 0.013410 -0.000082
v 0.000335 0.013474 -0.000225
v 0.000379 0.013503 -0.000376
v 0.000367 0.013499 -0.000551
v 0.000282 0.013478 -0.000713
v 0.000026 0.013348 0.000045
v 0.000104 0.013576 -0.000122
v -0.000053 0.013520 -0.000031
v 0.000244 0.013649 -0.000291
v 0.000238 0.013665 -0.000458
v 0.000195 0.013044 0.000217
v 0.000177 0.013068 0.000208
v 0.000367 0.013230 0.000045
v 0.000035 0.013319 0.000049
v 0.000516 0.013360 -0.000155
v 0.000562 0.013411 -0.000356
v -0.000053 0.013521 -0.000043
v 0.000235 0.013400 -0.000085
v 0.000521 0.013407 -0.000640
v 0.000106 0.013579 -0.000137
v 0.000393 0.013332 -0.000896
v 0.000330 0.013468 -0.000230
v 0.000207 0.013228 -0.001014
v 0.000233 0.013647 -0.000287
v 0.000371 0.013496 -0.000377
v 0.000042 0.013142 -0.001039
v -0.000035 0.013122 -0.001036
v 0.000362 0.013490 -0.000550
v 0.000227 0.013662 -0.000454
v 0.000279 0.013469 -0.000707
v 0.000169 0.013659 -0.000571
v 0.000135 0.013404 -0.000842
v 0.000069 0.013652 -0.000659
v -0.000054 0.013643 -0.000726
v -0.000178 0.013643 -0.000660
v -0.000042 0.013316 -0.000937
v -0.000228 0.013391 -0.000844
v -0.000279 0.013644 -0.000573
v -0.000375 0.013447 -0.000710
v -0.000338 0.013643 -0.000456
v -0.000461 0.013464 -0.000553
v -0.000346 0.013629 -0.000297
v -0.000285 0.013212 -0.001016
v -0.000475 0.013465 -0.000382
v -0.000114 0.013137 -0.001040
v -0.000432 0.013441 -0.000233
v -0.000242 0.013581 -0.000158
v -0.000478 0.013302 -0.000900
v -0.000314 0.013411 -0.000099
v -0.000097 0.013544 -0.000066
v -0.000613 0.013369 -0.000644
v -0.000658 0.013370 -0.000361
v -0.000145 0.013270 0.000070
v -0.000054 0.013520 -0.000043
v -0.000609 0.013323 -0.000160
v -0.000503 0.013241 -0.000017
v -0.000402 0.013158 0.000091
v -0.000265 0.013036 0.000217
v -0.000274 0.013033 0.000216
v -0.000071 0.013513 -0.000035
v 0.000054 0.013297 0.000070
v 0.000061 0.013281 0.000067
v 0.000192 0.013055 0.000228
v 0.000190 0.013050 0.000220
v -0.000276 0.013036 0.000226
v -0.000273 0.013032 0.000218
v -0.000402 0.013162 0.000101
v -0.000402 0.013158 0.000091
v -0.000511 0.013251 -0.000016
v -0.000507 0.013244 -0.000022
v -0.000612 0.013330 -0.000156
v -0.000608 0.013322 -0.000160
v -0.000661 0.013377 -0.000359
v -0.000657 0.013369 -0.000361
v -0.000613 0.013369 -0.000645
v -0.000617 0.013377 -0.000649
v -0.000478 0.013302 -0.000900
v -0.000479 0.013310 -0.000906
v -0.000284 0.013212 -0.001017
v -0.000287 0.013219 -0.001024
v -0.000036 0.013114 -0.001040
v -0.000032 0.013122 -0.001047
v 0.000204 0.013235 -0.001022
v 0.000206 0.013229 -0.001015
v 0.000395 0.013338 -0.000903
v 0.000393 0.013331 -0.000896
v 0.000525 0.013416 -0.000643
v 0.000521 0.013407 -0.000640
v 0.000562 0.013410 -0.000356
v 0.000567 0.013418 -0.000354
v 0.000518 0.013367 -0.000150
v 0.000515 0.013359 -0.000155
v 0.000422 0.013284 -0.000014
v 0.000419 0.013275 -0.000018
v 0.000321 0.013189 0.000101
v 0.000319 0.013182 0.000094
v 0.000199 0.013052 0.000228
v 0.000197 0.013049 0.000219
v -0.000055 0.013642 -0.000723
v 0.000069 0.013652 -0.000659
v 0.000132 0.013378 -0.000817
v 0.000168 0.013658 -0.000570
v -0.000044 0.013374 -0.000843
v 0.000227 0.013662 -0.000454
v 0.000343 0.013469 -0.000533
v 0.000231 0.013645 -0.000280
v -0.000035 0.013086 -0.000969
v 0.000322 0.013403 -0.000726
v 0.000356 0.013455 -0.000364
v 0.000462 0.013118 -0.000945
v 0.000320 0.013412 -0.000209
v 0.000112 0.013583 -0.000135
v 0.000440 0.012982 -0.000983
v 0.000221 0.012531 -0.001010
v -0.000012 0.012438 -0.000994
v 0.000765 0.013221 -0.000789
v 0.000006 0.011884 -0.000958
v 0.000499 0.012625 -0.000981
v 0.000300 0.011853 -0.000935
v 0.000600 0.012521 -0.000939
v 0.000302 0.011367 -0.000810
v 0.000025 0.011268 -0.000801
v 0.000293 0.011154 -0.000814
v 0.000305 0.010752 -0.000959
v 0.000044 0.010730 -0.000985
v 0.000064 0.010184 -0.001373
v 0.000104 0.009958 -0.001531
v 0.000188 0.009648 -0.001745
v 0.000517 0.009290 -0.001977
v 0.000316 0.009250 -0.002014
v 0.000874 0.009369 -0.001880
v 0.001069 0.009418 -0.001796
v 0.001234 0.009472 -0.001661
v 0.000468 0.010651 -0.000998
v 0.001400 0.009545 -0.001435
v 0.000769 0.010493 -0.001003
v 0.001619 0.009643 -0.001055
v 0.001798 0.009695 -0.000679
v 0.000658 0.010763 -0.000849
v 0.001847 0.009698 -0.000512
v 0.001841 0.009672 -0.000352
v 0.000490 0.011364 -0.000747
v 0.000522 0.011913 -0.000867
v 0.000615 0.010929 -0.000790
v 0.000637 0.011723 -0.000750
v 0.000771 0.012123 -0.000727
v 0.000671 0.011394 -0.000607
v 0.000880 0.012819 -0.000847
v 0.000697 0.011267 -0.000611
v 0.000850 0.011225 -0.000344
v 0.000797 0.011422 -0.000436
v 0.000839 0.012960 -0.000874
v 0.000801 0.013094 -0.000853
v 0.000939 0.012599 -0.000717
v 0.000962 0.012408 -0.000557
v 0.000730 0.013321 -0.000683
v 0.000889 0.012128 -0.000563
v 0.000697 0.013378 -0.000533
v 0.000521 0.013388 -0.000547
v 0.000966 0.012334 -0.000463
v 0.000477 0.013393 -0.000369
v 0.000969 0.012298 -0.000383
v 0.000827 0.011721 -0.000545
v 0.000873 0.011450 -0.000267
v 0.000916 0.011610 -0.000214
v 0.000989 0.012206 -0.000270
v 0.000976 0.012288 -0.000300
v 0.000984 0.012304 -0.000220
v 0.000992 0.012346 -0.000143
v 0.000991 0.012422 -0.000057
v 0.000979 0.012301 -0.000043
v 0.000955 0.012586 0.000062
v 0.000915 0.012697 0.000104
v 0.000942 0.012454 0.000132
v 0.000904 0.012573 0.000192
v 0.000856 0.012817 0.000110
v 0.000790 0.012949 0.000083
v 0.000711 0.012568 0.000500
v 0.000885 0.011433 -0.000146
v 0.000856 0.011824 0.000259
v 0.000853 0.011435 0.000081
v 0.000893 0.011173 -0.000180
v 0.000856 0.011121 0.000051
v 0.000753 0.011278 0.000319
v 0.000863 0.011184 -0.000399
v 0.000924 0.011124 -0.000178
v 0.000806 0.011103 -0.000493
v 0.000887 0.011076 -0.000311
v 0.000862 0.010862 -0.000596
v 0.000939 0.010591 -0.000764
v 0.001077 0.010528 -0.000633
v 0.001231 0.010428 -0.000433
v 0.001555 0.009984 -0.000275
v 0.001260 0.010387 -0.000289
v 0.001699 0.009521 0.000119
v 0.001248 0.010272 0.000046
v 0.001470 0.009808 0.000151
v 0.001609 0.009449 0.000285
v 0.001452 0.009342 0.000479
v 0.001277 0.009230 0.000660
v 0.001088 0.009117 0.000817
v 0.000904 0.009022 0.000929
v 0.000734 0.008949 0.000991
v 0.001126 0.010258 0.000263
v 0.000572 0.008890 0.001027
v 0.000376 0.009685 0.000839
v 0.001005 0.010247 0.000427
v 0.000624 0.009924 0.000749
v 0.000702 0.010405 0.000596
v 0.000803 0.010468 0.000513
v 0.000960 0.010820 -0.000008
v 0.000796 0.010806 0.000326
v 0.000990 0.010859 -0.000299
v 0.000891 0.011006 -0.000025
v 0.000881 0.011065 0.000030
v 0.000800 0.011000 0.000248
v 0.000677 0.011127 0.000408
v 0.000567 0.011119 0.000526
v 0.000642 0.010928 0.000457
v 0.000703 0.011744 0.000509
v 0.000775 0.012327 0.000512
v 0.000645 0.012234 0.000660
v 0.000713 0.012244 0.000597
v 0.000677 0.012420 0.000619
v 0.000560 0.012293 0.000696
v 0.000375 0.011894 0.000726
v 0.000403 0.011048 0.000613
v 0.000095 0.011054 0.000659
v 0.000467 0.010758 0.000598
v 0.000741 0.010932 0.000342
v 0.000347 0.010707 0.000640
v 0.000251 0.010077 0.000753
v 0.000142 0.010430 0.000686
v 0.000057 0.010698 0.000650
v 0.000033 0.010842 0.000650
v -0.000243 0.010920 0.000626
v 0.000019 0.010690 0.000647
v -0.000275 0.010466 0.000676
v -0.000129 0.010083 0.000745
v -0.000237 0.009645 0.000841
v -0.000396 0.010741 0.000592
v -0.000495 0.009891 0.000743
v -0.000596 0.010837 0.000446
v -0.000561 0.010488 0.000579
v -0.000542 0.008906 0.000986
v -0.000376 0.008858 0.001023
v -0.000715 0.008967 0.000922
v -0.000906 0.009052 0.000808
v -0.001212 0.009211 0.000549
v -0.001009 0.009626 0.000529
v -0.001136 0.009760 0.000336
v -0.001443 0.009347 0.000272
v -0.001539 0.009415 0.000097
v -0.001338 0.009711 0.000128
v -0.001686 0.009557 -0.000378
v -0.001073 0.010269 0.000087
v -0.001235 0.010026 -0.000021
v -0.001693 0.009582 -0.000525
v -0.001386 0.009983 -0.000406
v -0.001639 0.009580 -0.000692
v -0.001452 0.009541 -0.001072
v -0.001148 0.010314 -0.000300
v -0.001226 0.009457 -0.001447
v -0.001053 0.009396 -0.001671
v -0.000884 0.009353 -0.001804
v -0.001102 0.010386 -0.000454
v -0.000670 0.009315 -0.001892
v -0.000934 0.010486 -0.000690
v -0.000745 0.010533 -0.000871
v -0.000329 0.009263 -0.001979
v -0.000119 0.009236 -0.002016
v -0.000017 0.009661 -0.001733
v 0.000041 0.009957 -0.001532
v 0.000064 0.010182 -0.001375
v -0.000270 0.010626 -0.001027
v 0.000044 0.010738 -0.000980
v -0.000551 0.010478 -0.001039
v -0.000321 0.010818 -0.000912
v 0.000025 0.011266 -0.000801
v -0.000237 0.011142 -0.000815
v -0.000544 0.010849 -0.000798
v -0.000193 0.011358 -0.000817
v 0.000005 0.011927 -0.000967
v -0.000387 0.011317 -0.000773
v -0.000283 0.011788 -0.000928
v -0.000510 0.011342 -0.000709
v -0.000257 0.012419 -0.001012
v -0.000028 0.012888 -0.000988
v -0.000037 0.013168 -0.000944
v -0.000529 0.012940 -0.000982
v -0.000046 0.013439 -0.000809
v -0.000490 0.012330 -0.000973
v -0.000585 0.013104 -0.000928
v -0.000217 0.013439 -0.000768
v -0.000178 0.013643 -0.000660
v -0.000054 0.013643 -0.000726
v -0.000277 0.013643 -0.000573
v -0.000338 0.013643 -0.000456
v -0.000411 0.013381 -0.000727
v -0.000440 0.013443 -0.000536
v -0.000344 0.013627 -0.000290
v -0.000631 0.013205 -0.000845
v -0.000455 0.013426 -0.000368
v -0.000416 0.013388 -0.000212
v -0.000230 0.013577 -0.000152
v -0.000615 0.013349 -0.000552
v -0.000735 0.012642 -0.000932
v -0.000715 0.013283 -0.000700
v -0.000869 0.013039 -0.000860
v -0.000898 0.012902 -0.000882
v -0.000824 0.013256 -0.000747
v -0.000930 0.012754 -0.000853
v -0.000788 0.013329 -0.000539
v -0.000574 0.013357 -0.000374
v -0.000771 0.013310 -0.000373
v -0.000589 0.013306 -0.000210
v -0.000768 0.013247 -0.000243
v -0.000098 0.013544 -0.000067
v -0.000054 0.013519 -0.000046
v -0.000321 0.013268 -0.000020
v -0.000609 0.013207 -0.000047
v -0.000773 0.013163 -0.000119
v -0.000808 0.013032 0.000017
v -0.000426 0.013139 0.000072
v -0.000672 0.012885 0.000243
v -0.000857 0.012893 0.000075
v -0.000037 0.013224 0.000068
v 0.000209 0.013346 -0.000066
v 0.000501 0.013342 -0.000204
v 0.000073 0.013075 0.000140
v 0.000306 0.013150 0.000093
v 0.000523 0.013244 -0.000042
v 0.000680 0.013359 -0.000367
v 0.000681 0.013295 -0.000237
v 0.000690 0.013212 -0.000113
v 0.000732 0.013083 0.000024
v 0.000604 0.012931 0.000247
v 0.000404 0.012675 0.000515
v 0.000596 0.012565 0.000578
v 0.000544 0.012390 0.000680
v -0.000023 0.012115 0.000756
v -0.000022 0.012470 0.000629
v -0.000010 0.012323 0.000707
v 0.000017 0.011661 0.000749
v -0.000327 0.011822 0.000730
v -0.000382 0.011031 0.000596
v -0.000579 0.011136 0.000476
v -0.000610 0.011697 0.000587
v -0.000578 0.012267 0.000695
v -0.000680 0.012179 0.000647
v -0.000742 0.012029 0.000539
v -0.000708 0.012374 0.000617
v -0.000630 0.012412 0.000642
v -0.000605 0.012584 0.000541
v -0.000331 0.012653 0.000498
v -0.000031 0.012846 0.000283
v -0.000302 0.013002 0.000200
v -0.000756 0.012518 0.000495
v -0.000915 0.012758 0.000101
v -0.000965 0.012634 0.000096
v -0.000947 0.012511 0.000183
v -0.000997 0.012521 0.000053
v -0.001022 0.012352 -0.000068
v -0.000992 0.012346 0.000070
v -0.001016 0.012279 -0.000152
v -0.000999 0.012111 -0.000306
v -0.001005 0.012238 -0.000228
v -0.000995 0.012222 -0.000308
v -0.000988 0.012233 -0.000391
v -0.000986 0.012271 -0.000474
v -0.000988 0.012350 -0.000574
v -0.000883 0.011977 -0.000548
v -0.000882 0.012168 0.000312
v -0.000789 0.012300 0.000531
v -0.000712 0.011256 0.000313
v -0.000877 0.011641 0.000088
v -0.000744 0.010949 0.000226
v -0.000727 0.010802 0.000291
v -0.000717 0.010382 0.000512
v -0.000811 0.010940 0.000024
v -0.000858 0.010418 0.000352
v -0.000890 0.010738 -0.000012
v -0.000895 0.010839 -0.000290
v -0.000840 0.010984 -0.000160
v -0.000749 0.010889 -0.000585
v -0.000800 0.011026 -0.000402
v -0.000607 0.011329 -0.000635
v -0.000794 0.011171 -0.000358
v -0.000722 0.011361 -0.000503
v -0.000839 0.011651 -0.000484
v -0.000718 0.011851 -0.000716
v -0.000516 0.011722 -0.000832
v -0.000972 0.012553 -0.000735
v -0.000852 0.011372 -0.000191
v -0.000836 0.011387 -0.000274
v -0.000840 0.011120 -0.000182
v -0.000811 0.011350 0.000071
v -0.000805 0.011072 0.000022
v -0.000848 0.011033 -0.000056
v -0.000859 0.011087 -0.000261
v -0.000742 0.011163 -0.000507
v -0.000048 0.013438 -0.000798
v -0.000054 0.013638 -0.000718
v 0.000065 0.013646 -0.000651
v 0.000119 0.013446 -0.000757
v 0.000162 0.013652 -0.000565
v 0.000219 0.013657 -0.000452
v 0.000335 0.013463 -0.000531
v 0.000224 0.013642 -0.000290
v -0.000036 0.013123 -0.000951
v 0.000317 0.013397 -0.000718
v 0.000347 0.013450 -0.000366
v 0.000513 0.013136 -0.000914
v 0.000316 0.013404 -0.000214
v 0.000128 0.013589 -0.000164
v 0.000436 0.012978 -0.000974
v 0.000550 0.013237 -0.000832
v 0.000222 0.012533 -0.001000
v -0.000011 0.012395 -0.000986
v 0.000303 0.012325 -0.000988
v 0.000613 0.012632 -0.000939
v 0.000009 0.011791 -0.000928
v 0.000309 0.011827 -0.000917
v 0.000241 0.011375 -0.000805
v 0.000025 0.011277 -0.000792
v 0.000310 0.011129 -0.000808
v 0.000043 0.010761 -0.000954
v 0.000261 0.010720 -0.000972
v 0.000064 0.010178 -0.001365
v 0.000103 0.009952 -0.001523
v 0.000183 0.009657 -0.001726
v 0.000315 0.009246 -0.002007
v 0.000502 0.009281 -0.001971
v 0.000862 0.009361 -0.001877
v 0.001067 0.009412 -0.001788
v 0.000491 0.010569 -0.001036
v 0.001230 0.009466 -0.001654
v 0.001395 0.009539 -0.001430
v 0.000751 0.010534 -0.000963
v 0.000935 0.010577 -0.000764
v 0.001612 0.009637 -0.001054
v 0.001792 0.009689 -0.000675
v 0.000492 0.010814 -0.000886
v 0.001079 0.010505 -0.000639
v 0.001840 0.009692 -0.000512
v 0.000487 0.011216 -0.000737
v 0.001837 0.009670 -0.000365
v 0.001547 0.009982 -0.000284
v 0.001694 0.009516 0.000111
v 0.001599 0.009441 0.000278
v 0.001448 0.009339 0.000470
v 0.001272 0.009227 0.000651
v 0.001297 0.010181 0.000029
v 0.001085 0.009115 0.000808
v 0.000901 0.009018 0.000920
v 0.000722 0.008941 0.000981
v 0.001107 0.010285 0.000253
v 0.000571 0.008887 0.001018
v 0.000376 0.009678 0.000830
v 0.000917 0.010456 0.000398
v 0.000822 0.010385 0.000519
v 0.000715 0.010278 0.000618
v 0.001049 0.010600 0.000063
v 0.001248 0.010389 -0.000296
v 0.001221 0.010423 -0.000443
v 0.000964 0.010887 -0.000282
v 0.000770 0.010820 -0.000714
v 0.000851 0.010914 -0.000535
v 0.000621 0.010970 -0.000749
v 0.000771 0.011127 -0.000526
v 0.000649 0.011233 -0.000631
v 0.000410 0.011372 -0.000773
v 0.000524 0.011788 -0.000830
v 0.000568 0.011411 -0.000693
v 0.000765 0.012649 -0.000865
v 0.000836 0.012959 -0.000865
v 0.000878 0.012823 -0.000847
v 0.000798 0.013091 -0.000844
v 0.000738 0.013305 -0.000727
v 0.000628 0.013320 -0.000689
v 0.000933 0.012604 -0.000711
v 0.000956 0.012413 -0.000558
v 0.000746 0.012093 -0.000730
v 0.000518 0.013379 -0.000545
v 0.000697 0.013368 -0.000532
v 0.000956 0.012337 -0.000464
v 0.000962 0.012227 -0.000383
v 0.000960 0.012297 -0.000382
v 0.000825 0.011740 -0.000522
v 0.000966 0.012286 -0.000299
v 0.000713 0.011726 -0.000669
v 0.000982 0.012202 -0.000229
v 0.000974 0.012303 -0.000219
v 0.000982 0.012347 -0.000144
v 0.000987 0.012432 -0.000051
v 0.000951 0.012580 0.000055
v 0.000952 0.012418 0.000082
v 0.000908 0.012694 0.000098
v 0.000903 0.011615 -0.000258
v 0.000888 0.012613 0.000188
v 0.000849 0.012822 0.000105
v 0.000785 0.012943 0.000076
v 0.000729 0.013077 0.000017
v 0.000521 0.013238 -0.000050
v 0.000687 0.013205 -0.000118
v 0.000677 0.013287 -0.000241
v 0.000498 0.013333 -0.000210
v 0.000678 0.013349 -0.000369
v 0.000476 0.013383 -0.000370
v 0.000580 0.012703 0.000453
v 0.000041 0.013551 -0.000106
v -0.000053 0.013518 -0.000053
v 0.000271 0.013289 -0.000053
v 0.000339 0.013158 0.000068
v -0.000037 0.013217 0.000060
v -0.000153 0.013546 -0.000109
v -0.000237 0.013577 -0.000166
v 0.000269 0.012946 0.000251
v -0.000154 0.013063 0.000130
v -0.000032 0.012831 0.000281
v -0.000321 0.013263 -0.000030
v 0.000467 0.012617 0.000548
v -0.000328 0.012639 0.000496
v 0.000704 0.012526 0.000520
v 0.000893 0.011693 0.000049
v 0.000732 0.012362 0.000563
v 0.000843 0.012067 0.000309
v 0.000654 0.012226 0.000641
v 0.000634 0.012436 0.000625
v 0.000724 0.012105 0.000543
v 0.000758 0.011412 -0.000489
v 0.000614 0.011271 -0.000642
v 0.000728 0.011246 -0.000539
v 0.000863 0.011440 -0.000266
v 0.000835 0.011222 -0.000351
v 0.000875 0.011427 -0.000137
v 0.000882 0.011174 -0.000191
v 0.000767 0.011590 0.000365
v 0.000818 0.011292 0.000074
v 0.000727 0.011267 0.000310
v 0.000838 0.011106 0.000038
v 0.000601 0.011493 0.000551
v 0.000601 0.012255 0.000673
v 0.000505 0.012250 0.000700
v 0.000521 0.012403 0.000666
v 0.000326 0.011674 0.000705
v -0.000015 0.012127 0.000745
v 0.000400 0.011049 0.000601
v -0.000019 0.012466 0.000619
v -0.000005 0.012316 0.000700
v -0.000599 0.012370 0.000656
v -0.000383 0.013121 0.000081
v -0.000412 0.013379 -0.000217
v -0.000334 0.013622 -0.000289
v -0.000446 0.013422 -0.000369
v -0.000433 0.013436 -0.000535
v -0.000330 0.013639 -0.000454
v -0.000271 0.013638 -0.000567
v -0.000409 0.013371 -0.000723
v -0.000217 0.013429 -0.000761
v -0.000174 0.013639 -0.000652
v -0.000053 0.013637 -0.000715
v -0.000039 0.013197 -0.000921
v -0.000581 0.013101 -0.000919
v -0.000031 0.012992 -0.000975
v -0.000624 0.013199 -0.000838
v -0.000259 0.012513 -0.001002
v -0.000613 0.012901 -0.000961
v -0.000009 0.012322 -0.000982
v -0.000326 0.012355 -0.000996
v 0.000009 0.011792 -0.000929
v -0.000294 0.011804 -0.000919
v -0.000615 0.012470 -0.000938
v 0.000025 0.011275 -0.000792
v -0.000250 0.011110 -0.000810
v 0.000043 0.010767 -0.000951
v -0.000212 0.010699 -0.000973
v 0.000064 0.010176 -0.001367
v -0.000011 0.009677 -0.001709
v 0.000042 0.009950 -0.001523
v -0.000307 0.009255 -0.001975
v -0.000118 0.009230 -0.002009
v -0.000536 0.009288 -0.001919
v -0.000715 0.009317 -0.001867
v -0.000882 0.009347 -0.001796
v -0.001049 0.009390 -0.001664
v -0.001220 0.009452 -0.001441
v -0.000632 0.010480 -0.000984
v -0.000372 0.010680 -0.000951
v -0.001448 0.009536 -0.001062
v -0.001633 0.009575 -0.000689
v -0.000599 0.010745 -0.000813
v -0.001686 0.009576 -0.000525
v -0.000431 0.011169 -0.000747
v -0.001679 0.009552 -0.000381
v -0.001536 0.009413 0.000084
v -0.001437 0.009343 0.000265
v -0.001275 0.009247 0.000460
v -0.001094 0.009147 0.000643
v -0.001316 0.009718 0.000134
v -0.001411 0.009885 -0.000299
v -0.000901 0.009048 0.000800
v -0.000712 0.008964 0.000913
v -0.000541 0.008904 0.000977
v -0.000375 0.008856 0.001013
v -0.001151 0.010148 0.000027
v -0.000237 0.009635 0.000833
v -0.000956 0.010389 0.000197
v -0.000789 0.010437 0.000403
v -0.000719 0.010341 0.000512
v -0.000538 0.010551 0.000561
v -0.000392 0.010367 0.000667
v -0.001159 0.010269 -0.000456
v -0.001141 0.010306 -0.000300
v -0.000970 0.010451 -0.000640
v -0.000839 0.010510 -0.000778
v -0.000805 0.010781 -0.000563
v -0.000604 0.010951 -0.000700
v -0.000742 0.011045 -0.000495
v -0.000823 0.011011 -0.000295
v -0.000895 0.010817 -0.000290
v -0.000848 0.010803 -0.000029
v -0.000760 0.010789 0.000171
v -0.000794 0.010949 -0.000001
v -0.000855 0.011061 -0.000171
v -0.000773 0.010975 0.000109
v -0.000789 0.011134 -0.000424
v -0.000828 0.011117 -0.000202
v -0.000778 0.011060 0.000033
v -0.000788 0.011164 -0.000348
v -0.000670 0.011210 -0.000552
v -0.000564 0.011180 -0.000671
v -0.000308 0.011344 -0.000797
v -0.000487 0.011797 -0.000854
v -0.000531 0.011314 -0.000678
v -0.000606 0.011683 -0.000751
v -0.000612 0.013340 -0.000550
v -0.000714 0.013275 -0.000695
v -0.000867 0.013035 -0.000851
v -0.000895 0.012901 -0.000872
v -0.000927 0.012757 -0.000845
v -0.000822 0.013252 -0.000736
v -0.000787 0.013319 -0.000538
v -0.000969 0.012548 -0.000724
v -0.000980 0.012350 -0.000568
v -0.000756 0.012058 -0.000735
v -0.000568 0.013348 -0.000375
v -0.000768 0.013301 -0.000375
v -0.000976 0.012272 -0.000472
v -0.000986 0.012133 -0.000341
v -0.000979 0.012232 -0.000390
v -0.000876 0.012011 -0.000558
v -0.000985 0.012221 -0.000307
v -0.000995 0.012238 -0.000227
v -0.000798 0.011659 -0.000544
v -0.001013 0.012282 -0.000150
v -0.001017 0.012365 -0.000060
v -0.000839 0.011389 -0.000247
v -0.000993 0.012514 0.000047
v -0.000957 0.012632 0.000090
v -0.000976 0.012372 0.000095
v -0.000882 0.011574 -0.000114
v -0.000938 0.012509 0.000179
v -0.000908 0.012755 0.000096
v -0.000852 0.012892 0.000070
v -0.000763 0.012554 0.000446
v -0.000804 0.013028 0.000013
v -0.000604 0.013174 -0.000016
v -0.000769 0.013156 -0.000124
v -0.000764 0.013238 -0.000247
v -0.000589 0.013296 -0.000213
v -0.000859 0.011746 0.000189
v -0.000539 0.012573 0.000548
v -0.000647 0.012519 0.000561
v -0.000790 0.012294 0.000509
v -0.000711 0.012369 0.000604
v -0.000737 0.012196 0.000576
v -0.000665 0.012170 0.000641
v -0.000603 0.012225 0.000678
v -0.000786 0.011383 -0.000372
v -0.000679 0.011373 -0.000545
v -0.000836 0.011360 -0.000139
v -0.000765 0.011294 0.000143
v -0.000728 0.011578 0.000398
v -0.000697 0.010940 0.000241
v -0.000648 0.011148 0.000345
v -0.000590 0.011095 0.000410
v -0.000740 0.010851 0.000234
v -0.000624 0.010783 0.000398
v -0.000677 0.010891 0.000333
v -0.000528 0.010891 0.000479
v -0.000140 0.010039 0.000746
v -0.000011 0.010564 0.000655
v 0.000023 0.010719 0.000641
v -0.000319 0.010764 0.000610
v 0.000034 0.010842 0.000640
v 0.000024 0.011008 0.000649
v -0.000574 0.011030 0.000443
v -0.000343 0.011068 0.000607
v -0.000589 0.011565 0.000561
v -0.000327 0.011853 0.000720
v -0.000543 0.012269 0.000689
v 0.000013 0.011660 0.000739
v 0.000558 0.011093 0.000506
v 0.000664 0.011110 0.000392
v 0.000340 0.010649 0.000641
v 0.000057 0.010694 0.000637
v 0.000458 0.010738 0.000597
v 0.000257 0.010059 0.000747
v 0.000555 0.010823 0.000518
v 0.000700 0.010772 0.000425
v 0.000666 0.010904 0.000393
v 0.000914 0.010850 0.000016
v 0.000839 0.010993 0.000059
v 0.000760 0.010993 0.000247
v 0.000813 0.011025 0.000112
v 0.000912 0.011124 -0.000160
v 0.000888 0.011045 -0.000157
v 0.000870 0.011075 -0.000335
v 0.000864 0.011176 -0.000375
v 0.000046 0.010182 -0.001377
v 0.000048 0.010175 -0.001368
v 0.000311 0.009251 -0.002003
v 0.000314 0.009251 -0.002015
v 0.000633 0.009307 -0.001943
v 0.000633 0.009312 -0.001951
v 0.000902 0.009371 -0.001861
v 0.000903 0.009376 -0.001869
v 0.001067 0.009412 -0.001788
v 0.001069 0.009418 -0.001796
v 0.001229 0.009465 -0.001653
v 0.001233 0.009471 -0.001660
v 0.001394 0.009538 -0.001430
v 0.001399 0.009544 -0.001436
v 0.001540 0.009606 -0.001184
v 0.001545 0.009612 -0.001189
v 0.001679 0.009661 -0.000916
v 0.001681 0.009668 -0.000926
v 0.001800 0.009691 -0.000660
v 0.001806 0.009698 -0.000663
v 0.001843 0.009694 -0.000509
v 0.001850 0.009700 -0.000510
v 0.001840 0.009664 -0.000361
v 0.001838 0.009677 -0.000353
v 0.001695 0.009515 0.000111
v 0.001698 0.009520 0.000121
v 0.001603 0.009444 0.000280
v 0.001608 0.009448 0.000287
v 0.001456 0.009344 0.000466
v 0.001461 0.009348 0.000473
v 0.001272 0.009227 0.000655
v 0.001277 0.009230 0.000663
v 0.001083 0.009114 0.000810
v 0.001087 0.009117 0.000819
v 0.000902 0.009019 0.000920
v 0.000904 0.009022 0.000929
v 0.000733 0.008946 0.000982
v 0.000734 0.008949 0.000991
v 0.000571 0.008887 0.001018
v 0.000572 0.008890 0.001027
v 0.000570 0.008890 0.001028
v 0.000570 0.008887 0.001018
v 0.000345 0.009799 0.000801
v 0.000341 0.009817 0.000807
v 0.000161 0.010368 0.000691
v 0.000156 0.010387 0.000678
v 0.000068 0.010660 0.000643
v 0.000071 0.010653 0.000654
v 0.000018 0.010840 0.000644
v -0.000112 0.013143 -0.001047
v -0.000284 0.013219 -0.001023
v -0.000479 0.013310 -0.000906
v -0.000617 0.013377 -0.000647
v -0.000662 0.013378 -0.000359
v -0.000612 0.013331 -0.000155
v -0.000511 0.013251 -0.000016
v -0.000405 0.013165 0.000098
v -0.000277 0.013039 0.000226
v -0.000267 0.013041 0.000226
v -0.000340 0.013375 -0.000073
v 0.000136 0.013411 -0.000850
v 0.000177 0.013661 -0.000579
v 0.000074 0.013653 -0.000669
v -0.000043 0.013322 -0.000944
v -0.000231 0.013396 -0.000852
v -0.000054 0.013643 -0.000737
v -0.000183 0.013645 -0.000670
v -0.000287 0.013646 -0.000581
v -0.000349 0.013645 -0.000460
v -0.000379 0.013455 -0.000715
v -0.000360 0.013635 -0.000336
v -0.000466 0.013471 -0.000555
v -0.000289 0.013596 -0.000182
v -0.000480 0.013473 -0.000380
v -0.000436 0.013448 -0.000229
v -0.000135 0.013542 -0.000072
v -0.000054 0.013520 -0.000035
v -0.000170 0.013231 0.000105
v -0.000336 0.013648 -0.000458
v -0.000269 0.013646 -0.000565
v -0.000273 0.013639 -0.000568
v -0.000173 0.013643 -0.000651
v -0.000243 0.013579 -0.000157
v -0.000233 0.013585 -0.000167
v -0.000133 0.013550 -0.000096
v -0.000054 0.013518 -0.000054
v -0.000052 0.013526 -0.000058
v 0.000029 0.013548 -0.000093
v 0.000048 0.013564 -0.000110
v 0.000133 0.013599 -0.000152
v -0.000099 0.013401 0.000020
v -0.000034 0.013514 -0.000034
v -0.000138 0.013299 0.000054
v -0.000162 0.013249 0.000093
v -0.000193 0.013171 0.000130
v -0.000266 0.013035 0.000218
v -0.000270 0.013041 0.000225
v 0.000193 0.013624 -0.000241
v 0.000123 0.013591 -0.000168
v 0.000188 0.013631 -0.000241
v 0.000233 0.013657 -0.000332
v -0.000228 0.013577 -0.000174
v -0.000324 0.013628 -0.000281
v -0.000337 0.013624 -0.000298
v -0.000334 0.013646 -0.000454
v 0.000128 0.013599 -0.000157
v 0.000197 0.013634 -0.000238
v 0.000061 0.013572 -0.000086
v 0.000143 0.013605 -0.000139
v 0.000045 0.013552 -0.000082
v -0.000048 0.013535 -0.000028
v -0.000054 0.013519 -0.000033
v 0.000215 0.013640 -0.000226
v 0.000248 0.013655 -0.000334
v 0.000250 0.013671 -0.000361
v 0.000238 0.013664 -0.000457
v 0.000181 0.013673 -0.000580
v 0.000075 0.013649 -0.000662
v -0.000057 0.013655 -0.000738
v -0.000054 0.013643 -0.000737
v -0.000185 0.013656 -0.000674
v -0.000281 0.013644 -0.000582
v -0.000344 0.013656 -0.000458
v -0.000349 0.013645 -0.000460
v -0.000360 0.013638 -0.000343
v -0.000315 0.013622 -0.000232
v -0.000320 0.013611 -0.000232
v -0.000255 0.013587 -0.000153
v -0.000168 0.013564 -0.000087
v -0.000157 0.013547 -0.000086
v -0.000052 0.013532 -0.000039
v -0.000053 0.013521 -0.000031
v 0.000072 0.010183 -0.001375
v 0.000078 0.010176 -0.001367
v -0.000116 0.009237 -0.002017
v -0.000118 0.009231 -0.002009
v -0.000451 0.009276 -0.001943
v -0.000437 0.009281 -0.001953
v -0.000713 0.009317 -0.001868
v -0.000715 0.009323 -0.001876
v -0.000881 0.009347 -0.001796
v -0.000884 0.009353 -0.001804
v -0.001048 0.009389 -0.001663
v -0.001052 0.009395 -0.001670
v -0.001219 0.009451 -0.001441
v -0.001225 0.009456 -0.001447
v -0.001371 0.009509 -0.001197
v -0.001377 0.009515 -0.001202
v -0.001514 0.009554 -0.000936
v -0.001517 0.009556 -0.000950
v -0.001641 0.009577 -0.000675
v -0.001648 0.009583 -0.000678
v -0.001685 0.009576 -0.000525
v -0.001692 0.009582 -0.000525
v -0.001680 0.009547 -0.000374
v -0.001684 0.009556 -0.000370
v -0.001532 0.009405 0.000099
v -0.001533 0.009415 0.000105
v -0.001436 0.009342 0.000267
v -0.001441 0.009346 0.000274
v -0.001285 0.009253 0.000454
v -0.001290 0.009256 0.000462
v -0.001095 0.009148 0.000645
v -0.001099 0.009151 0.000653
v -0.000900 0.009048 0.000802
v -0.000904 0.009051 0.000810
v -0.000714 0.008965 0.000913
v -0.000716 0.008968 0.000922
v -0.000541 0.008904 0.000976
v -0.000542 0.008906 0.000986
v -0.000375 0.008859 0.001018
v -0.000376 0.008858 0.001023
v -0.000375 0.008856 0.001014
v -0.000230 0.009675 0.000824
v -0.000201 0.009812 0.000802
v -0.000059 0.010347 0.000681
v -0.000055 0.010373 0.000688
v 0.000012 0.010668 0.000643
v 0.000017 0.010668 0.000653
v 0.000034 0.010842 0.000640
v 0.000033 0.010842 0.000650
v 0.005325 0.012656 -0.000438
v 0.005350 0.012668 -0.000193
v 0.003916 0.012741 -0.000436
v 0.003915 0.012754 -0.000258
v 0.003062 0.012738 -0.000437
v 0.002105 0.012747 -0.000438
v 0.002104 0.012752 -0.000332
v 0.002101 0.012807 -0.000228
v 0.002095 0.012892 -0.000167
v 0.002093 0.012997 -0.000143
v 0.003052 0.013051 -0.000066
v 0.002088 0.013100 -0.000158
v 0.002083 0.013191 -0.000211
v 0.003030 0.013179 -0.000084
v 0.002075 0.013256 -0.000290
v 0.003054 0.013298 -0.000150
v 0.002103 0.013290 -0.000390
v 0.002068 0.013289 -0.000479
v 0.003097 0.013383 -0.000258
v 0.003110 0.013420 -0.000396
v 0.002075 0.013231 -0.000602
v 0.003109 0.013404 -0.000536
v 0.002084 0.013140 -0.000670
v 0.003069 0.013334 -0.000655
v 0.002092 0.013036 -0.000698
v 0.002948 0.013209 -0.000726
v 0.002098 0.012933 -0.000684
v 0.002959 0.013084 -0.000761
v 0.002137 0.012807 -0.000595
v 0.002105 0.012799 -0.000598
v 0.002967 0.012956 -0.000743
v 0.003148 0.012854 -0.000688
v 0.003080 0.013200 -0.000803
v 0.003110 0.012957 -0.000773
v 0.003212 0.013235 -0.000746
v 0.003202 0.013104 -0.000784
v 0.003300 0.013447 -0.000400
v 0.003305 0.013425 -0.000546
v 0.003314 0.013351 -0.000667
v 0.003309 0.013415 -0.000257
v 0.004681 0.013014 -0.000977
v 0.003991 0.013153 -0.000882
v 0.004429 0.013331 -0.000891
v 0.004692 0.013503 -0.000780
v 0.004698 0.013612 -0.000596
v 0.003967 0.012867 -0.000761
v 0.003887 0.012778 -0.000609
v 0.004002 0.012737 -0.000436
v 0.003039 0.012738 -0.000437
v 0.002106 0.012750 -0.000437
v 0.005325 0.012655 -0.000438
v 0.005353 0.012694 -0.000679
v 0.005240 0.012858 -0.000923
v 0.004898 0.013209 -0.001032
v 0.005589 0.013007 -0.001056
v 0.005506 0.013406 -0.000988
v 0.005458 0.012843 -0.000930
v 0.005743 0.013191 -0.001103
v 0.005363 0.012718 -0.000711
v 0.005323 0.012645 -0.000438
v 0.005328 0.012664 -0.000437
v 0.005743 0.013184 -0.001086
v 0.005894 0.013351 -0.001016
v 0.005894 0.013362 -0.001030
v 0.006022 0.013486 -0.000857
v 0.006024 0.013501 -0.000867
v 0.006106 0.013569 -0.000631
v 0.006110 0.013586 -0.000636
v 0.006135 0.013586 -0.000371
v 0.006139 0.013604 -0.000370
v 0.006104 0.013535 -0.000116
v 0.006107 0.013552 -0.000110
v 0.006017 0.013425 0.000096
v 0.006018 0.013439 0.000108
v 0.005886 0.013271 0.000233
v 0.005886 0.013280 0.000249
v 0.005733 0.013097 0.000276
v 0.005735 0.013105 0.000293
v 0.005580 0.012928 0.000220
v 0.005450 0.012785 0.000070
v 0.005359 0.012688 -0.000161
v 0.005328 0.012664 -0.000437
v 0.005323 0.012645 -0.000438
v 0.004784 0.012801 0.000017
v 0.005886 0.013280 0.000249
v 0.004789 0.012946 0.000160
v 0.003713 0.012827 -0.000132
v 0.005503 0.013323 0.000215
v 0.003526 0.012936 -0.000058
v 0.004370 0.013114 0.000128
v 0.004517 0.013286 0.000100
v 0.003302 0.013320 -0.000132
v 0.004697 0.013457 0.000004
v 0.005693 0.013486 0.000088
v 0.004776 0.013659 -0.000378
v 0.004830 0.013602 -0.000161
v 0.005703 0.013552 -0.000840
v 0.005759 0.013655 -0.000619
v 0.005802 0.013669 -0.000359
v 0.005894 0.013362 -0.001030
v 0.006024 0.013501 -0.000867
v 0.006110 0.013586 -0.000636
v 0.006139 0.013604 -0.000370
v 0.005774 0.013608 -0.000110
v 0.006107 0.013552 -0.000110
v 0.006018 0.013439 0.000108
v -0.005357 0.012299 -0.000484
v -0.005385 0.012309 -0.000238
v -0.004067 0.012465 -0.000471
v -0.003923 0.012495 -0.000293
v -0.003148 0.012529 -0.000464
v -0.002151 0.012607 -0.000457
v -0.002151 0.012610 -0.000350
v -0.002153 0.012666 -0.000247
v -0.002154 0.012751 -0.000185
v -0.002158 0.012854 -0.000161
v -0.003113 0.012844 -0.000093
v -0.002160 0.012959 -0.000176
v -0.002160 0.013050 -0.000229
v -0.003104 0.012974 -0.000111
v -0.002157 0.013115 -0.000308
v -0.003139 0.013092 -0.000176
v -0.002184 0.013147 -0.000409
v -0.002149 0.013148 -0.000499
v -0.003184 0.013173 -0.000285
v -0.003199 0.013210 -0.000424
v -0.002153 0.013089 -0.000620
v -0.003195 0.013194 -0.000562
v -0.002153 0.012999 -0.000688
v -0.003151 0.013127 -0.000681
v -0.002155 0.012894 -0.000717
v -0.003020 0.013010 -0.000752
v -0.002155 0.012791 -0.000703
v -0.003025 0.012884 -0.000788
v -0.002154 0.012693 -0.000639
v -0.003024 0.012756 -0.000769
v -0.003196 0.012643 -0.000716
v -0.003151 0.012993 -0.000831
v -0.003164 0.012748 -0.000800
v -0.003283 0.013017 -0.000774
v -0.003267 0.012888 -0.000812
v -0.003390 0.013224 -0.000429
v -0.003392 0.013201 -0.000575
v -0.003395 0.013127 -0.000696
v -0.003398 0.013191 -0.000286
v -0.004711 0.012700 -0.001013
v -0.004063 0.012885 -0.000917
v -0.004526 0.013034 -0.000932
v -0.004772 0.013187 -0.000820
v -0.004800 0.013296 -0.000637
v -0.004003 0.012602 -0.000794
v -0.003906 0.012518 -0.000642
v -0.002152 0.012643 -0.000574
v -0.003964 0.012478 -0.000470
v -0.003130 0.012530 -0.000463
v -0.002151 0.012605 -0.000456
v -0.005231 0.012379 -0.000753
v -0.005358 0.012299 -0.000484
v -0.005287 0.012507 -0.000969
v -0.005391 0.012342 -0.000765
v -0.004970 0.012880 -0.001075
v -0.005641 0.012631 -0.001106
v -0.005615 0.013030 -0.001042
v -0.005498 0.012478 -0.000977
v -0.005805 0.012806 -0.001152
v -0.005397 0.012359 -0.000757
v -0.005361 0.012307 -0.000483
v -0.005355 0.012289 -0.000484
v -0.005804 0.012798 -0.001135
v -0.005967 0.012967 -0.001081
v -0.005967 0.012955 -0.001067
v -0.006107 0.013097 -0.000919
v -0.006104 0.013081 -0.000909
v -0.006201 0.013175 -0.000689
v -0.006196 0.013158 -0.000684
v -0.006234 0.013191 -0.000423
v -0.006228 0.013173 -0.000424
v -0.006201 0.013141 -0.000162
v -0.006196 0.013125 -0.000169
v -0.006106 0.013034 0.000056
v -0.006103 0.013020 0.000044
v -0.005965 0.012884 0.000198
v -0.005964 0.012875 0.000182
v -0.005804 0.012721 0.000244
v -0.005800 0.012712 0.000226
v -0.005634 0.012554 0.000170
v -0.005493 0.012420 0.000022
v -0.005396 0.012329 -0.000207
v -0.005355 0.012289 -0.000484
v -0.005361 0.012307 -0.000483
v -0.004824 0.012481 -0.000024
v -0.005965 0.012884 0.000198
v -0.004866 0.012622 0.000120
v -0.003774 0.012576 -0.000164
v -0.005566 0.012957 0.000164
v -0.003578 0.012699 -0.000088
v -0.004432 0.012821 0.000089
v -0.004594 0.012982 0.000060
v -0.003387 0.013097 -0.000161
v -0.004787 0.013141 -0.000037
v -0.005787 0.013101 0.000039
v -0.004929 0.013276 -0.000203
v -0.004883 0.013337 -0.000420
v -0.005790 0.013168 -0.000889
v -0.005856 0.013267 -0.000668
v -0.005967 0.012967 -0.001081
v -0.005822 0.012993 -0.001066
v -0.006107 0.013097 -0.000919
v -0.006201 0.013175 -0.000689
v -0.005902 0.013279 -0.000409
v -0.006234 0.013191 -0.000423
v -0.005872 0.013219 -0.000160
v -0.006201 0.013141 -0.000162
v -0.006106 0.013034 0.000056
v 0.005330 0.012675 -0.000437
v 0.005360 0.012699 -0.000173
v 0.005448 0.012789 0.000058
v 0.004022 0.012754 -0.000435
v 0.005579 0.012929 0.000210
v 0.003921 0.012772 -0.000263
v 0.005745 0.013111 0.000277
v 0.004767 0.012818 0.000004
v 0.005881 0.013271 0.000248
v 0.004789 0.012955 0.000143
v 0.003169 0.012755 -0.000436
v 0.006017 0.013425 0.000096
v 0.003730 0.012842 -0.000143
v 0.005652 0.013463 0.000077
v 0.006104 0.013535 -0.000116
v 0.004392 0.013115 0.000113
v 0.003552 0.012945 -0.000071
v 0.005714 0.013587 -0.000117
v 0.006135 0.013586 -0.000371
v 0.004539 0.013280 0.000086
v 0.005717 0.013650 -0.000364
v 0.006106 0.013569 -0.000631
v 0.004665 0.013432 -0.000016
v 0.005705 0.013622 -0.000617
v 0.006022 0.013486 -0.000857
v 0.004728 0.013555 -0.000173
v 0.005657 0.013526 -0.000830
v 0.005892 0.013357 -0.001028
v 0.004683 0.013611 -0.000381
v 0.005748 0.013189 -0.001085
v 0.004714 0.013579 -0.000592
v 0.005582 0.012998 -0.001044
v 0.005453 0.012842 -0.000911
v 0.004620 0.013463 -0.000771
v 0.004912 0.013207 -0.001014
v 0.005365 0.012729 -0.000698
v 0.004435 0.013322 -0.000876
v 0.004659 0.013020 -0.000954
v 0.005330 0.012675 -0.000437
v 0.004429 0.012874 -0.000810
v 0.003924 0.012795 -0.000604
v 0.003948 0.012758 -0.000435
v 0.004004 0.013152 -0.000864
v 0.003157 0.012755 -0.000436
v 0.003152 0.012868 -0.000676
v 0.003212 0.012973 -0.000749
v 0.003206 0.013102 -0.000766
v 0.003217 0.013226 -0.000730
v 0.003083 0.013002 -0.000790
v 0.002974 0.012963 -0.000726
v 0.002102 0.012822 -0.000579
v 0.002103 0.012770 -0.000437
v 0.002098 0.012941 -0.000662
v 0.002088 0.013077 -0.000672
v 0.002971 0.013083 -0.000745
v 0.002072 0.013242 -0.000547
v 0.002946 0.013252 -0.000684
v 0.002068 0.013268 -0.000394
v 0.003077 0.013237 -0.000761
v 0.002079 0.013216 -0.000266
v 0.003113 0.013386 -0.000529
v 0.003122 0.013334 -0.000631
v 0.003116 0.013402 -0.000396
v 0.002091 0.013051 -0.000166
v 0.003102 0.013366 -0.000266
v 0.003057 0.013284 -0.000162
v 0.003030 0.013173 -0.000101
v 0.002097 0.012860 -0.000208
v 0.003053 0.013051 -0.000085
v 0.002100 0.012776 -0.000338
v 0.002102 0.012771 -0.000437
v -0.005362 0.012312 -0.000482
v -0.005398 0.012340 -0.000218
v -0.004321 0.012449 -0.000473
v -0.005493 0.012424 0.000010
v -0.005636 0.012557 0.000162
v -0.003937 0.012511 -0.000298
v -0.005813 0.012726 0.000227
v -0.004855 0.012495 -0.000034
v -0.005964 0.012875 0.000182
v -0.004884 0.012631 0.000105
v -0.003163 0.012546 -0.000463
v -0.005567 0.012944 0.000150
v -0.006103 0.013020 0.000044
v -0.003755 0.012593 -0.000177
v -0.005733 0.013085 0.000027
v -0.006196 0.013125 -0.000169
v -0.004466 0.012820 0.000075
v -0.003599 0.012707 -0.000103
v -0.005810 0.013202 -0.000166
v -0.006228 0.013173 -0.000424
v -0.004602 0.012974 0.000044
v -0.005815 0.013266 -0.000414
v -0.006196 0.013158 -0.000684
v -0.004747 0.013117 -0.000057
v -0.005797 0.013239 -0.000667
v -0.006104 0.013081 -0.000909
v -0.004819 0.013236 -0.000214
v -0.005749 0.013145 -0.000879
v -0.005965 0.012961 -0.001080
v -0.004778 0.013295 -0.000422
v -0.005808 0.012803 -0.001134
v -0.004817 0.013261 -0.000633
v -0.005632 0.012624 -0.001093
v -0.005493 0.012477 -0.000958
v -0.004710 0.013152 -0.000811
v -0.004978 0.012877 -0.001057
v -0.005399 0.012370 -0.000744
v -0.004514 0.013023 -0.000915
v -0.004822 0.012706 -0.001019
v -0.005361 0.012307 -0.000483
v -0.005196 0.012342 -0.000482
v -0.004464 0.012577 -0.000847
v -0.003951 0.012532 -0.000637
v -0.003949 0.012497 -0.000469
v -0.004067 0.012883 -0.000898
v -0.003338 0.012759 -0.000773
v -0.003130 0.012548 -0.000462
v -0.003202 0.012656 -0.000703
v -0.003270 0.012886 -0.000794
v -0.003289 0.013008 -0.000758
v -0.003140 0.012796 -0.000816
v -0.003030 0.012763 -0.000752
v -0.002150 0.012619 -0.000458
v -0.002154 0.012751 -0.000661
v -0.002153 0.012936 -0.000690
v -0.003032 0.012883 -0.000770
v -0.002150 0.013104 -0.000561
v -0.003022 0.013052 -0.000711
v -0.002149 0.013127 -0.000413
v -0.003151 0.013029 -0.000788
v -0.002158 0.013073 -0.000283
v -0.003197 0.013175 -0.000556
v -0.003202 0.013123 -0.000658
v -0.003204 0.013191 -0.000424
v -0.002160 0.012909 -0.000184
v -0.003188 0.013156 -0.000293
v -0.003140 0.013077 -0.000189
v -0.003106 0.012968 -0.000127
v -0.002152 0.012716 -0.000228
v -0.003117 0.012845 -0.000111
v -0.002150 0.012634 -0.000357
v -0.002150 0.012629 -0.000455
v 0.002105 0.012750 -0.000438
v 0.002103 0.012768 -0.000437
v 0.002101 0.012773 -0.000336
v 0.002104 0.012756 -0.000331
v 0.002099 0.012826 -0.000240
v 0.002101 0.012812 -0.000228
v 0.002095 0.012907 -0.000184
v 0.002096 0.012899 -0.000168
v 0.002093 0.013000 -0.000165
v 0.002094 0.012999 -0.000147
v 0.002089 0.013095 -0.000180
v 0.002089 0.013101 -0.000162
v 0.002083 0.013177 -0.000228
v 0.002084 0.013189 -0.000215
v 0.002076 0.013237 -0.000299
v 0.002076 0.013253 -0.000292
v 0.002068 0.013272 -0.000395
v 0.002068 0.013290 -0.000394
v 0.002070 0.013259 -0.000502
v 0.002070 0.013275 -0.000508
v 0.002076 0.013213 -0.000590
v 0.002076 0.013227 -0.000602
v 0.002084 0.013127 -0.000651
v 0.002085 0.013135 -0.000667
v 0.002091 0.013033 -0.000676
v 0.002093 0.013034 -0.000694
v 0.002098 0.012939 -0.000663
v 0.002099 0.012933 -0.000680
v 0.002101 0.012856 -0.000613
v 0.002103 0.012798 -0.000533
v 0.002103 0.012768 -0.000437
v 0.002105 0.012750 -0.000438
v -0.002151 0.012614 -0.000349
v -0.002150 0.012626 -0.000455
v -0.002151 0.012608 -0.000456
v -0.002150 0.012632 -0.000355
v -0.002153 0.012670 -0.000247
v -0.002152 0.012684 -0.000258
v -0.002155 0.012757 -0.000187
v -0.002154 0.012765 -0.000203
v -0.002159 0.012857 -0.000165
v -0.002158 0.012859 -0.000183
v -0.002161 0.012959 -0.000181
v -0.002160 0.012953 -0.000198
v -0.002161 0.013048 -0.000233
v -0.002159 0.013035 -0.000246
v -0.002157 0.013112 -0.000310
v -0.002156 0.013095 -0.000317
v -0.002150 0.013149 -0.000412
v -0.002150 0.013131 -0.000413
v -0.002150 0.013135 -0.000526
v -0.002149 0.013118 -0.000521
v -0.002153 0.013085 -0.000620
v -0.002152 0.013072 -0.000608
v -0.002154 0.012994 -0.000685
v -0.002153 0.012986 -0.000669
v -0.002156 0.012892 -0.000713
v -0.002154 0.012891 -0.000694
v -0.002156 0.012791 -0.000698
v -0.002154 0.012797 -0.000681
v -0.002153 0.012715 -0.000631
v -0.002151 0.012656 -0.000552
v -0.002151 0.012608 -0.000456
v -0.002150 0.012626 -0.000455
v 0.000241 0.009568 0.000904
v -0.000091 0.009557 0.000903
v 0.000082 0.009366 0.000892
v 0.000396 0.009812 0.000914
v -0.000262 0.009792 0.000909
v -0.000218 0.010654 0.000902
v 0.000295 0.010671 0.000902
v 0.000033 0.013017 0.000195
v -0.000107 0.013012 0.000194
v -0.000145 0.012426 0.000699
v 0.000103 0.012459 0.000681
v 0.000153 0.011992 0.000827
v -0.000166 0.011929 0.000830
v -0.000218 0.010654 0.000900
v 0.000295 0.010671 0.000902
v 0.000073 0.013212 0.000048
v -0.000158 0.013205 0.000049
v -0.000147 0.013097 0.000120
v 0.000068 0.013104 0.000121
v -0.000119 0.012993 0.000205
v 0.000046 0.012996 0.000205
v 0.000079 0.013195 0.000052
v 0.000076 0.013214 0.000047
v 0.000051 0.013244 0.000086
v 0.000037 0.013029 0.000246
v 0.000046 0.012998 0.000206
v -0.000141 0.013237 0.000084
v -0.000109 0.013025 0.000248
v -0.000158 0.013206 0.000046
v -0.000121 0.012993 0.000205
v -0.000162 0.013186 0.000051
v 0.000044 0.013034 0.000201
v -0.000108 0.013013 0.000194
v 0.000033 0.013017 0.000195
v 0.000113 0.012477 0.000705
v 0.000092 0.012567 0.000593
v 0.000033 0.013017 0.000195
v 0.000110 0.012390 0.000711
v 0.000143 0.012092 0.000804
v 0.000161 0.012020 0.000854
v 0.000170 0.011841 0.000838
v 0.000295 0.010671 0.000901
v 0.000305 0.010684 0.000930
v -0.000173 0.012024 0.000850
v -0.000232 0.010667 0.000927
v 0.000294 0.010672 0.000905
v 0.000407 0.009825 0.000943
v 0.000396 0.009814 0.000911
v 0.000241 0.009566 0.000903
v 0.000257 0.009579 0.000934
v 0.000082 0.009365 0.000891
v -0.000274 0.009777 0.000938
v 0.000079 0.009359 0.000917
v -0.000092 0.009557 0.000902
v -0.000262 0.009793 0.000909
v -0.000218 0.010655 0.000902
v -0.000233 0.010663 0.000914
v -0.000218 0.010654 0.000900
v -0.000170 0.011831 0.000837
v -0.000163 0.012078 0.000801
v -0.000147 0.012381 0.000710
v -0.000155 0.012479 0.000696
v -0.000139 0.012557 0.000594
v 0.000215 0.013301 0.000002
v 0.000094 0.013315 0.000002
v 0.000161 0.013396 -0.000095
v 0.000139 0.013236 0.000048
v 0.000049 0.013189 0.000074
v 0.000028 0.013234 0.000056
v -0.000305 0.013282 -0.000002
v -0.000257 0.013382 -0.000097
v -0.000190 0.013309 -0.000002
v -0.000223 0.013221 0.000048
v -0.000134 0.013183 0.000074
v -0.000115 0.013229 0.000052
v -0.000239 0.011034 0.000924
v -0.000239 0.011023 0.000875
v -0.000242 0.011103 0.000871
v -0.000242 0.011113 0.000919
v 0.000047 0.011118 0.000923
v 0.000049 0.011037 0.000925
v 0.000051 0.011027 0.000877
v 0.000048 0.011107 0.000873
v 0.000051 0.011027 0.000877
v 0.000048 0.011107 0.000873
v -0.000239 0.011023 0.000875
v -0.000242 0.011103 0.000870
v 0.000051 0.011027 0.000877
v 0.000050 0.011037 0.000924
v -0.000078 0.011037 0.000930
v -0.000239 0.011023 0.000875
v -0.000240 0.011033 0.000922
v -0.000242 0.011103 0.000870
v -0.000243 0.011113 0.000918
v -0.000114 0.011116 0.000926
v 0.000048 0.011107 0.000873
v 0.000048 0.011117 0.000921
v 0.000050 0.010907 0.000880
v 0.000050 0.010917 0.000928
v -0.000240 0.010901 0.000879
v -0.000111 0.010914 0.000934
v -0.000240 0.010910 0.000926
v 0.000050 0.010907 0.000880
v 0.000049 0.010987 0.000879
v -0.000240 0.010900 0.000879
v -0.000241 0.010980 0.000877
v -0.000235 0.010912 0.000933
v -0.000240 0.010901 0.000879
v -0.000241 0.010981 0.000877
v -0.000236 0.010991 0.000929
v 0.000049 0.010997 0.000926
v 0.000050 0.010917 0.000927
v 0.000050 0.010907 0.000880
v 0.000049 0.010987 0.000879
v -0.000241 0.010981 0.000878
v -0.000241 0.010990 0.000926
v -0.000078 0.010996 0.000932
v 0.000049 0.010987 0.000879
v 0.000049 0.010997 0.000926
v -0.000313 0.013619 -0.000218
v -0.000247 0.013583 -0.000152
v -0.000173 0.013561 -0.000083
v 0.000174 0.013663 -0.000576
v 0.000175 0.013672 -0.000578
v -0.000053 0.013645 -0.000735
v -0.000054 0.013654 -0.000731
v -0.000344 0.013656 -0.000458
v -0.000355 0.013646 -0.000335
v -0.000339 0.013629 -0.000277
v -0.000037 0.013528 -0.000042
v -0.000040 0.013537 -0.000042
v 0.000061 0.013568 -0.000087
v 0.000062 0.013649 -0.000648
v 0.000159 0.013661 -0.000563
v 0.000163 0.013653 -0.000566
v 0.000215 0.013664 -0.000451
v 0.000219 0.013657 -0.000452
v 0.000231 0.013656 -0.000336
v -0.000048 0.013649 -0.000727
v 0.000070 0.013658 -0.000662
v -0.000165 0.013634 -0.000637
v -0.000046 0.013633 -0.000703
v -0.000285 0.013648 -0.000578
v -0.000308 0.013655 -0.000543
v -0.000181 0.013651 -0.000666
v 0.000692 0.015677 -0.001430
v 0.000680 0.015678 -0.001437
v 0.000959 0.014931 -0.000858
v 0.000962 0.014943 -0.000858
v 0.000615 0.015669 -0.001413
v 0.000894 0.014922 -0.000833
v 0.000648 0.015660 -0.001309
v 0.000881 0.015030 -0.000821
v 0.000883 0.015024 -0.000820
v 0.000886 0.015033 -0.000810
v 0.001006 0.015562 -0.000178
v 0.001042 0.015554 -0.000075
v 0.000767 0.016191 -0.000667
v 0.001108 0.015562 -0.000100
v 0.001099 0.015563 -0.000110
v 0.000759 0.016300 -0.000655
v 0.000830 0.016298 -0.000682
v 0.000645 0.015659 -0.001307
v 0.000616 0.015669 -0.001414
v 0.000679 0.015678 -0.001437
v 0.000687 0.015678 -0.001427
v -0.000928 0.015625 -0.001436
v -0.000916 0.015624 -0.001444
v -0.001106 0.016232 -0.000689
v -0.001109 0.016244 -0.000688
v -0.000851 0.015620 -0.001420
v -0.001339 0.015481 -0.000121
v -0.001043 0.016239 -0.000663
v -0.001346 0.015480 -0.000110
v -0.000884 0.015609 -0.001316
v -0.001045 0.016132 -0.000676
v -0.001244 0.015487 -0.000188
v -0.001280 0.015476 -0.000085
v -0.001079 0.014964 -0.000827
v -0.001084 0.014856 -0.000841
v -0.000882 0.015609 -0.001315
v -0.000850 0.015620 -0.001419
v -0.000922 0.015625 -0.001437
v -0.001152 0.014871 -0.000867
v 0.000796 0.014084 -0.000115
v 0.000846 0.014576 -0.000105
v 0.000866 0.014574 -0.000105
v 0.000777 0.014087 -0.000115
v 0.000796 0.014079 -0.000114
v 0.000777 0.014087 -0.000115
v 0.000782 0.014123 0.000016
v 0.000809 0.014176 0.000082
v 0.000804 0.014287 0.000136
v 0.000835 0.014363 0.000138
v 0.000831 0.014475 0.000090
v 0.000859 0.014533 0.000024
v 0.000847 0.014582 -0.000104
v 0.000866 0.014574 -0.000105
v 0.000778 0.014097 -0.000051
v 0.000846 0.014576 -0.000105
v 0.000777 0.014087 -0.000115
v 0.000785 0.014149 0.000046
v 0.000796 0.014230 0.000111
v 0.000810 0.014326 0.000136
v 0.000824 0.014424 0.000116
v 0.000836 0.014507 0.000054
v 0.000844 0.014564 -0.000040
v 0.000857 0.014506 -0.000295
v 0.000840 0.014508 -0.000295
v 0.000798 0.014088 -0.000304
v 0.000781 0.014090 -0.000304
v 0.000858 0.014509 -0.000423
v 0.000841 0.014511 -0.000424
v 0.000841 0.014509 -0.000312
v 0.000857 0.014506 -0.000312
v 0.000863 0.014578 -0.000311
v 0.000856 0.014530 -0.000312
v 0.000798 0.014088 -0.000321
v 0.000781 0.014091 -0.000321
v 0.000782 0.014093 -0.000433
v 0.000799 0.014091 -0.000433
v 0.000856 0.014529 -0.000294
v 0.000863 0.014578 -0.000293
v 0.000859 0.014581 -0.000422
v 0.000852 0.014533 -0.000423
v 0.000852 0.014530 -0.000312
v 0.000859 0.014579 -0.000311
v 0.000858 0.014579 -0.000293
v 0.000852 0.014530 -0.000294
v 0.000851 0.014528 -0.000183
v 0.000858 0.014576 -0.000182
v 0.000862 0.014576 -0.000182
v 0.000856 0.014528 -0.000183
v 0.000856 0.014531 -0.000312
v 0.000857 0.014535 -0.000423
v 0.000865 0.014590 -0.000293
v 0.000864 0.014586 -0.000182
v 0.000857 0.014532 -0.000423
v 0.000863 0.014581 -0.000422
v 0.000855 0.014525 -0.000183
v 0.000856 0.014528 -0.000294
v 0.000863 0.014578 -0.000422
v 0.000863 0.014577 -0.000311
v 0.000791 0.014042 -0.000489
v 0.000799 0.014091 -0.000433
v 0.000876 0.014632 -0.000476
v 0.000858 0.014509 -0.000423
v 0.000798 0.014088 -0.000321
v 0.000861 0.014532 -0.000423
v 0.000857 0.014506 -0.000312
v 0.000868 0.014580 -0.000422
v 0.000867 0.014578 -0.000311
v 0.000860 0.014529 -0.000312
v 0.000798 0.014088 -0.000304
v 0.000790 0.014035 -0.000166
v 0.000857 0.014506 -0.000295
v 0.000797 0.014086 -0.000193
v 0.000860 0.014529 -0.000294
v 0.000856 0.014503 -0.000184
v 0.000867 0.014577 -0.000293
v 0.000873 0.014625 -0.000150
v 0.000866 0.014575 -0.000182
v 0.000860 0.014527 -0.000183
v 0.000866 0.014574 -0.000105
v 0.000864 0.014561 -0.000040
v 0.000796 0.014084 -0.000115
v 0.000869 0.014600 -0.000021
v 0.000855 0.014504 0.000054
v 0.000859 0.014533 0.000089
v 0.000843 0.014421 0.000116
v 0.000845 0.014436 0.000161
v 0.000829 0.014324 0.000136
v 0.000829 0.014323 0.000185
v 0.000816 0.014227 0.000111
v 0.000813 0.014210 0.000156
v 0.000805 0.014147 0.000046
v 0.000800 0.014116 0.000080
v 0.000798 0.014094 -0.000051
v 0.000792 0.014054 -0.000033
v 0.000840 0.014508 -0.000295
v 0.000781 0.014090 -0.000304
v 0.000780 0.014088 -0.000193
v 0.000840 0.014506 -0.000184
v 0.000841 0.014511 -0.000424
v 0.000782 0.014093 -0.000433
v 0.000781 0.014091 -0.000321
v 0.000841 0.014509 -0.000312
v 0.000856 0.014503 -0.000184
v 0.000840 0.014506 -0.000185
v 0.000780 0.014088 -0.000193
v 0.000797 0.014086 -0.000193
v 0.000799 0.014091 -0.000433
v 0.000782 0.014093 -0.000433
v 0.000841 0.014511 -0.000424
v 0.000858 0.014509 -0.000423
v 0.000857 0.014506 -0.000312
v 0.000841 0.014509 -0.000312
v 0.000781 0.014091 -0.000321
v 0.000798 0.014088 -0.000321
v 0.000797 0.014086 -0.000193
v 0.000780 0.014088 -0.000193
v 0.000781 0.014090 -0.000304
v 0.000798 0.014088 -0.000304
v 0.000857 0.014506 -0.000295
v 0.000840 0.014508 -0.000295
v 0.000840 0.014506 -0.000184
v 0.000856 0.014503 -0.000184
v 0.000792 0.014042 -0.000489
v 0.000584 0.014071 -0.000490
v 0.000790 0.014036 -0.000081
v 0.000582 0.014066 -0.000091
v 0.000593 0.014146 0.000079
v 0.000806 0.014162 0.000133
v 0.000629 0.014238 0.000163
v 0.000829 0.014324 0.000185
v 0.000661 0.014462 0.000160
v 0.000652 0.014563 0.000088
v 0.000855 0.014509 0.000118
v 0.000665 0.014646 -0.000061
v 0.000873 0.014624 -0.000110
v 0.000668 0.014661 -0.000477
v 0.000876 0.014632 -0.000476
v 0.000652 0.014563 0.000088
v 0.000661 0.014462 0.000160
v 0.000644 0.014349 0.000184
v 0.000662 0.014629 -0.000022
v 0.000593 0.014146 0.000079
v 0.000629 0.014236 0.000156
v 0.000584 0.014084 -0.000034
v 0.000666 0.014654 -0.000153
v 0.000582 0.014064 -0.000165
v 0.000668 0.014661 -0.000477
v 0.000584 0.014071 -0.000490
v 0.000792 0.014042 -0.000489
v 0.000876 0.014632 -0.000476
v 0.000584 0.014071 -0.000490
v 0.000668 0.014661 -0.000477
v 0.000862 0.014685 -0.000238
v 0.000772 0.014698 -0.000239
v 0.000773 0.014701 -0.000362
v 0.000863 0.014687 -0.000362
v 0.000863 0.014688 -0.000362
v 0.000773 0.014701 -0.000362
v 0.000763 0.014626 -0.000364
v 0.000853 0.014614 -0.000363
v 0.000862 0.014685 -0.000238
v 0.000852 0.014611 -0.000240
v 0.000772 0.014698 -0.000239
v 0.000762 0.014624 -0.000240
v 0.000773 0.014701 -0.000362
v 0.000762 0.014624 -0.000240
v 0.000763 0.014626 -0.000364
v 0.000772 0.014698 -0.000239
v 0.000862 0.014685 -0.000238
v 0.000853 0.014614 -0.000363
v 0.000852 0.014611 -0.000240
v 0.000863 0.014688 -0.000362
v 0.000864 0.014748 -0.000269
v 0.000822 0.014661 -0.000278
v 0.000777 0.014667 -0.000278
v 0.000819 0.014755 -0.000269
v 0.000894 0.014854 -0.000263
v 0.000851 0.014861 -0.000262
v 0.000882 0.014947 -0.000266
v 0.000837 0.014953 -0.000266
v 0.000742 0.015099 -0.000299
v 0.000695 0.015105 -0.000300
v 0.000696 0.015107 -0.000338
v 0.000695 0.015105 -0.000300
v 0.000882 0.014948 -0.000302
v 0.000892 0.014829 -0.000263
v 0.000892 0.014827 -0.000299
v 0.000822 0.014661 -0.000278
v 0.000822 0.014662 -0.000314
v 0.000779 0.014666 -0.000277
v 0.000777 0.014668 -0.000314
v 0.000851 0.014849 -0.000298
v 0.000849 0.014905 -0.000262
v 0.000837 0.014954 -0.000302
v 0.000695 0.015105 -0.000300
v 0.000695 0.015106 -0.000336
v 0.000820 0.014756 -0.000305
v 0.000777 0.014668 -0.000314
v 0.000822 0.014662 -0.000314
v 0.000864 0.014749 -0.000305
v 0.000851 0.014862 -0.000298
v 0.000894 0.014855 -0.000299
v 0.000837 0.014954 -0.000302
v 0.000882 0.014948 -0.000302
v 0.000695 0.015106 -0.000336
v 0.000743 0.015100 -0.000335
v -0.000937 0.014026 -0.000123
v -0.001039 0.014510 -0.000113
v -0.001020 0.014514 -0.000113
v -0.000918 0.014030 -0.000123
v -0.000936 0.014021 -0.000122
v -0.000918 0.014030 -0.000123
v -0.000925 0.014065 0.000007
v -0.000957 0.014118 0.000075
v -0.000961 0.014226 0.000128
v -0.000996 0.014304 0.000130
v -0.001000 0.014415 0.000081
v -0.001032 0.014470 0.000015
v -0.001021 0.014519 -0.000112
v -0.001039 0.014510 -0.000113
v -0.000920 0.014040 -0.000058
v -0.000918 0.014030 -0.000123
v -0.000931 0.014092 0.000038
v -0.000949 0.014172 0.000104
v -0.000969 0.014267 0.000128
v -0.000989 0.014363 0.000108
v -0.001006 0.014446 0.000046
v -0.001017 0.014502 -0.000048
v -0.001020 0.014514 -0.000113
v -0.001024 0.014443 -0.000303
v -0.001008 0.014446 -0.000303
v -0.000937 0.014030 -0.000312
v -0.000921 0.014034 -0.000312
v -0.001024 0.014446 -0.000432
v -0.001024 0.014443 -0.000320
v -0.001008 0.014447 -0.000320
v -0.001008 0.014449 -0.000431
v -0.001035 0.014515 -0.000319
v -0.001025 0.014467 -0.000320
v -0.000937 0.014030 -0.000329
v -0.000937 0.014033 -0.000440
v -0.000921 0.014036 -0.000440
v -0.000921 0.014034 -0.000329
v -0.001025 0.014467 -0.000303
v -0.001035 0.014515 -0.000302
v -0.001031 0.014518 -0.000430
v -0.001031 0.014516 -0.000319
v -0.001020 0.014468 -0.000320
v -0.001020 0.014470 -0.000431
v -0.001031 0.014516 -0.000302
v -0.001031 0.014513 -0.000190
v -0.001020 0.014465 -0.000191
v -0.001020 0.014468 -0.000303
v -0.001035 0.014513 -0.000190
v -0.001025 0.014465 -0.000191
v -0.001027 0.014481 -0.000320
v -0.001027 0.014483 -0.000431
v -0.001037 0.014528 -0.000302
v -0.001037 0.014525 -0.000190
v -0.001025 0.014470 -0.000431
v -0.001035 0.014518 -0.000430
v -0.001022 0.014451 -0.000191
v -0.001022 0.014453 -0.000303
v -0.001033 0.014505 -0.000430
v -0.001033 0.014502 -0.000319
v -0.000927 0.013984 -0.000496
v -0.000937 0.014033 -0.000440
v -0.001050 0.014567 -0.000484
v -0.001024 0.014446 -0.000432
v -0.000937 0.014030 -0.000329
v -0.001029 0.014469 -0.000431
v -0.001024 0.014443 -0.000320
v -0.001039 0.014517 -0.000430
v -0.001039 0.014514 -0.000319
v -0.001050 0.014561 -0.000160
v -0.001029 0.014466 -0.000320
v -0.000937 0.014030 -0.000312
v -0.000927 0.013977 -0.000172
v -0.001024 0.014443 -0.000303
v -0.000937 0.014028 -0.000200
v -0.001029 0.014466 -0.000303
v -0.001024 0.014441 -0.000192
v -0.001039 0.014514 -0.000302
v -0.001039 0.014512 -0.000190
v -0.001029 0.014464 -0.000191
v -0.001039 0.014510 -0.000113
v -0.001037 0.014498 -0.000048
v -0.000937 0.014026 -0.000123
v -0.001045 0.014536 -0.000029
v -0.001026 0.014441 0.000046
v -0.001032 0.014470 0.000081
v -0.001008 0.014359 0.000108
v -0.001012 0.014374 0.000153
v -0.000988 0.014263 0.000128
v -0.000988 0.014262 0.000177
v -0.000968 0.014168 0.000104
v -0.000965 0.014151 0.000149
v -0.000951 0.014088 0.000038
v -0.000945 0.014058 0.000072
v -0.000940 0.014036 -0.000058
v -0.000931 0.013997 -0.000040
v -0.001008 0.014446 -0.000303
v -0.000921 0.014031 -0.000200
v -0.000921 0.014034 -0.000312
v -0.001008 0.014444 -0.000192
v -0.001008 0.014449 -0.000431
v -0.000921 0.014034 -0.000329
v -0.000921 0.014036 -0.000440
v -0.001008 0.014447 -0.000320
v -0.001024 0.014441 -0.000192
v -0.000921 0.014031 -0.000200
v -0.001008 0.014444 -0.000192
v -0.000937 0.014028 -0.000200
v -0.000937 0.014033 -0.000440
v -0.000921 0.014036 -0.000440
v -0.001024 0.014446 -0.000432
v -0.001008 0.014449 -0.000431
v -0.001024 0.014443 -0.000320
v -0.001008 0.014447 -0.000320
v -0.000937 0.014030 -0.000329
v -0.000921 0.014034 -0.000329
v -0.000937 0.014028 -0.000200
v -0.000937 0.014030 -0.000312
v -0.000921 0.014034 -0.000312
v -0.000921 0.014031 -0.000200
v -0.001024 0.014443 -0.000303
v -0.001024 0.014441 -0.000192
v -0.001008 0.014444 -0.000192
v -0.001008 0.014446 -0.000303
v -0.000927 0.013984 -0.000496
v -0.000721 0.014027 -0.000495
v -0.000722 0.014021 -0.000099
v -0.000928 0.013981 -0.000088
v -0.000740 0.014101 0.000073
v -0.000955 0.014104 0.000126
v -0.000784 0.014195 0.000158
v -0.000988 0.014262 0.000177
v -0.000829 0.014413 0.000154
v -0.001023 0.014427 0.000128
v -0.000827 0.014513 0.000082
v -0.000844 0.014596 -0.000069
v -0.001050 0.014558 -0.000088
v -0.000844 0.014611 -0.000483
v -0.001050 0.014567 -0.000484
v -0.000827 0.014513 0.000082
v -0.000806 0.014300 0.000178
v -0.000829 0.014413 0.000154
v -0.000840 0.014579 -0.000028
v -0.000740 0.014101 0.000073
v -0.000782 0.014189 0.000149
v -0.000726 0.014040 -0.000039
v -0.000845 0.014604 -0.000160
v -0.000721 0.014021 -0.000174
v -0.000844 0.014611 -0.000483
v -0.000721 0.014027 -0.000495
v -0.000927 0.013984 -0.000496
v -0.001050 0.014567 -0.000484
v -0.000721 0.014027 -0.000495
v -0.000844 0.014611 -0.000483
v -0.001042 0.014622 -0.000246
v -0.000953 0.014643 -0.000369
v -0.000953 0.014640 -0.000246
v -0.001042 0.014625 -0.000370
v -0.001042 0.014624 -0.000370
v -0.000938 0.014570 -0.000371
v -0.000953 0.014643 -0.000369
v -0.001027 0.014551 -0.000371
v -0.001042 0.014622 -0.000246
v -0.001027 0.014548 -0.000248
v -0.000938 0.014567 -0.000248
v -0.000953 0.014640 -0.000246
v -0.000953 0.014643 -0.000369
v -0.000938 0.014570 -0.000371
v -0.000938 0.014567 -0.000248
v -0.000953 0.014640 -0.000246
v -0.001042 0.014622 -0.000246
v -0.001027 0.014548 -0.000248
v -0.001027 0.014551 -0.000371
v -0.001042 0.014624 -0.000370
v -0.001048 0.014685 -0.000277
v -0.000955 0.014610 -0.000286
v -0.001000 0.014600 -0.000286
v -0.001003 0.014694 -0.000277
v -0.001084 0.014788 -0.000271
v -0.001042 0.014798 -0.000271
v -0.001079 0.014882 -0.000274
v -0.001034 0.014891 -0.000274
v -0.000949 0.015043 -0.000306
v -0.000903 0.015052 -0.000307
v -0.000903 0.015054 -0.000344
v -0.000903 0.015052 -0.000307
v -0.001079 0.014882 -0.000310
v -0.001081 0.014766 -0.000271
v -0.001081 0.014760 -0.000307
v -0.001000 0.014600 -0.000286
v -0.001000 0.014601 -0.000322
v -0.001038 0.014772 -0.000271
v -0.000955 0.014610 -0.000322
v -0.000955 0.014610 -0.000286
v -0.001041 0.014783 -0.000306
v -0.001034 0.014891 -0.000274
v -0.001034 0.014892 -0.000310
v -0.000903 0.015052 -0.000307
v -0.000902 0.015052 -0.000343
v -0.001003 0.014695 -0.000313
v -0.001000 0.014601 -0.000322
v -0.000955 0.014610 -0.000322
v -0.001048 0.014685 -0.000313
v -0.001042 0.014798 -0.000306
v -0.001084 0.014789 -0.000307
v -0.001034 0.014892 -0.000310
v -0.001079 0.014882 -0.000310
v -0.000902 0.015052 -0.000343
v -0.000949 0.015044 -0.000342
v -0.000378 0.013675 0.000561
v -0.000485 0.013666 0.000517
v -0.000589 0.013668 0.000443
v -0.000542 0.013648 0.000530
v -0.000384 0.013679 0.000609
v -0.000705 0.013704 0.000362
v -0.000747 0.013690 0.000354
v -0.000793 0.013768 0.000286
v -0.000547 0.013686 0.000510
v -0.000376 0.013687 0.000555
v -0.000563 0.013662 0.000477
v -0.000815 0.013754 0.000331
v -0.000688 0.013700 0.000367
v -0.000788 0.013769 0.000285
v -0.000860 0.013910 0.000173
v -0.000882 0.013907 0.000228
v -0.000900 0.014119 0.000056
v -0.000942 0.014126 0.000082
v -0.000896 0.013875 0.000196
v -0.000904 0.014118 0.000054
v -0.000883 0.013962 0.000147
v -0.000847 0.013850 0.000221
v -0.000225 0.013685 0.000554
v -0.000227 0.013722 0.000576
v -0.000399 0.013679 0.000554
v -0.000399 0.013714 0.000577
v -0.000226 0.013700 0.000616
v -0.000400 0.013691 0.000619
v -0.000224 0.013643 0.000593
v -0.000398 0.013639 0.000591
v -0.000399 0.013678 0.000548
v -0.000225 0.013685 0.000555
v 0.000717 0.015681 -0.001439
v 0.000685 0.015676 -0.001427
v 0.000959 0.014943 -0.000857
v 0.000992 0.014947 -0.000868
v 0.001105 0.015562 -0.000112
v 0.001137 0.015569 -0.000124
v 0.000827 0.016297 -0.000681
v 0.000860 0.016301 -0.000694
v 0.000684 0.015678 -0.001427
v 0.000717 0.015681 -0.001440
v 0.000716 0.015680 -0.001442
v 0.000859 0.016313 -0.000693
v 0.000862 0.016302 -0.000694
v 0.000780 0.015691 -0.001475
v 0.000925 0.016322 -0.000717
v 0.000814 0.015683 -0.001373
v 0.000937 0.016215 -0.000732
v 0.001176 0.015585 -0.000244
v 0.001208 0.015575 -0.000138
v 0.001051 0.015053 -0.000883
v 0.001142 0.015567 -0.000113
v 0.000814 0.015682 -0.001373
v 0.000779 0.015691 -0.001475
v 0.001059 0.014944 -0.000896
v 0.000714 0.015682 -0.001441
v 0.000991 0.014946 -0.000869
v 0.001137 0.015568 -0.000124
v -0.000953 0.015625 -0.001446
v -0.000920 0.015624 -0.001434
v -0.001143 0.016235 -0.000703
v -0.001110 0.016232 -0.000689
v -0.001376 0.015485 -0.000135
v -0.001343 0.015482 -0.000122
v -0.001183 0.014874 -0.000878
v -0.001150 0.014872 -0.000867
v -0.000953 0.015625 -0.001447
v -0.000920 0.015623 -0.001434
v -0.000952 0.015627 -0.001450
v -0.001184 0.014875 -0.000879
v -0.001185 0.014863 -0.000880
v -0.001015 0.015631 -0.001483
v -0.001381 0.015484 -0.000136
v -0.001250 0.014867 -0.000906
v -0.001381 0.015483 -0.000124
v -0.001050 0.015620 -0.001381
v -0.001248 0.014975 -0.000892
v -0.001414 0.015498 -0.000254
v -0.001447 0.015487 -0.000149
v -0.001214 0.016143 -0.000741
v -0.001209 0.016250 -0.000726
v -0.001047 0.015621 -0.001382
v -0.001049 0.015620 -0.001380
v -0.001016 0.015631 -0.001483
v -0.000950 0.015624 -0.001448
v -0.001144 0.016246 -0.000702
v -0.001148 0.016235 -0.000704
v 0.000813 0.015682 -0.001372
v 0.001049 0.015052 -0.000882
v 0.000649 0.015660 -0.001309
v 0.000883 0.015030 -0.000819
v 0.001174 0.015583 -0.000242
v 0.001008 0.015562 -0.000179
v 0.000935 0.016215 -0.000732
v 0.000770 0.016193 -0.000668
v 0.000812 0.015683 -0.001372
v 0.000649 0.015660 -0.001309
v -0.001050 0.015620 -0.001379
v -0.001212 0.016143 -0.000741
v -0.000885 0.015609 -0.001316
v -0.001047 0.016132 -0.000676
v -0.001412 0.015497 -0.000253
v -0.001246 0.015486 -0.000188
v -0.001246 0.014975 -0.000892
v -0.001081 0.014964 -0.000826
v -0.001049 0.015620 -0.001380
v -0.000885 0.015609 -0.001316
v -0.000041 0.013536 -0.000047
v -0.000043 0.013533 -0.000052
v 0.000053 0.013566 -0.000097
v 0.000130 0.013591 -0.000149
v 0.000199 0.013632 -0.000233
v 0.000231 0.013667 -0.000332
v 0.000222 0.013675 -0.000452
v 0.000165 0.013666 -0.000568
v 0.000169 0.013670 -0.000572
v 0.000066 0.013662 -0.000657
v -0.000054 0.013655 -0.000721
v -0.000179 0.013650 -0.000659
v -0.000277 0.013653 -0.000572
v -0.000333 0.013658 -0.000452
v -0.000345 0.013648 -0.000335
v -0.000309 0.013617 -0.000236
v -0.000238 0.013577 -0.000150
v -0.000163 0.013563 -0.000102
v -0.000064 0.013538 -0.000048
v -0.000064 0.013528 -0.000051
v 0.000066 0.013659 -0.000655
v -0.000057 0.013656 -0.000713
v 0.000062 0.013654 -0.000647
v 0.000165 0.013666 -0.000568
v 0.000159 0.013661 -0.000563
v 0.000222 0.013669 -0.000452
v 0.000215 0.013664 -0.000451
v 0.000232 0.013661 -0.000334
v 0.000224 0.013657 -0.000336
v 0.000195 0.013636 -0.000236
v 0.000188 0.013631 -0.000241
v 0.000128 0.013601 -0.000158
v 0.000124 0.013597 -0.000165
v 0.000052 0.013568 -0.000102
v 0.000048 0.013564 -0.000110
v -0.000053 0.013531 -0.000048
v -0.000053 0.013529 -0.000057
v -0.000139 0.013560 -0.000092
v -0.000209 0.013586 -0.000150
v -0.000238 0.013589 -0.000160
v -0.000299 0.013615 -0.000243
v -0.000306 0.013619 -0.000238
v -0.000336 0.013638 -0.000338
v -0.000344 0.013642 -0.000336
v -0.000326 0.013646 -0.000453
v -0.000334 0.013651 -0.000455
v -0.000269 0.013646 -0.000565
v -0.000275 0.013651 -0.000570
v -0.000171 0.013646 -0.000648
v -0.000175 0.013651 -0.000656
v -0.000052 0.013655 -0.000714
v -0.000052 0.013532 -0.000042
v -0.000052 0.013532 -0.000035
v 0.000055 0.013565 -0.000093
v 0.000133 0.013605 -0.000151
v 0.000201 0.013641 -0.000231
v 0.000240 0.013663 -0.000333
v 0.000229 0.013676 -0.000454
v 0.000171 0.013671 -0.000574
v 0.000074 0.013656 -0.000662
v -0.000054 0.013650 -0.000730
v -0.000179 0.013652 -0.000663
v -0.000279 0.013661 -0.000575
v -0.000341 0.013656 -0.000457
v -0.000353 0.013645 -0.000335
v -0.000312 0.013627 -0.000234
v -0.000245 0.013588 -0.000154
v -0.000162 0.013569 -0.000095
v -0.000053 0.013533 -0.000035
v -0.000053 0.013533 -0.000043
v -0.000050 0.013542 -0.000055
v -0.000058 0.013539 -0.000050
v -0.000068 0.013525 -0.000045
v -0.000058 0.013524 -0.000041
v 0.000293 0.012819 0.000398
v 0.000296 0.012750 0.000435
v 0.000290 0.012809 0.000385
v 0.000298 0.012760 0.000447
v 0.000430 0.012831 0.000367
v 0.000290 0.012809 0.000385
v 0.000438 0.012767 0.000426
v 0.000558 0.012822 0.000356
v 0.000568 0.012766 0.000406
v 0.000296 0.012750 0.000435
v 0.000682 0.012752 0.000385
v 0.000680 0.012740 0.000373
v 0.000567 0.012768 0.000401
v 0.000670 0.012811 0.000341
v 0.000556 0.012825 0.000354
v 0.000668 0.012800 0.000328
v 0.000668 0.012800 0.000328
v 0.000680 0.012740 0.000373
v 0.001229 0.009465 -0.001653
v 0.001067 0.009412 -0.001788
v 0.001396 0.009330 -0.001598
v 0.001355 0.009149 -0.001799
v 0.001501 0.009269 -0.001603
v 0.001715 0.008813 -0.001877
v 0.001852 0.008932 -0.001670
v 0.002027 0.008747 -0.001672
v 0.001951 0.008566 -0.001873
v 0.002192 0.008564 -0.001640
v 0.002137 0.008358 -0.001825
v 0.002353 0.008377 -0.001568
v 0.002312 0.008151 -0.001732
v 0.002508 0.008188 -0.001448
v 0.002472 0.007953 -0.001592
v 0.002594 0.008076 -0.001342
v 0.002606 0.007775 -0.001392
v 0.002644 0.008008 -0.001255
v 0.002683 0.007953 -0.001159
v 0.002689 0.007650 -0.001116
v 0.002706 0.007916 -0.001056
v 0.002709 0.007902 -0.000903
v 0.002677 0.007637 -0.000805
v 0.002679 0.007931 -0.000661
v 0.002619 0.007686 -0.000523
v 0.002620 0.007998 -0.000417
v 0.002537 0.007770 -0.000262
v 0.002536 0.008094 -0.000174
v 0.002436 0.007879 -0.000020
v 0.002433 0.008213 0.000039
v 0.002316 0.008012 0.000196
v 0.002314 0.008350 0.000197
v 0.002174 0.008171 0.000362
v 0.002189 0.008507 0.000302
v 0.002020 0.008363 0.000475
v 0.002035 0.008706 0.000367
v 0.001859 0.008575 0.000538
v 0.001532 0.008971 0.000601
v 0.001791 0.009003 0.000403
v 0.001562 0.009253 0.000405
v 0.001272 0.009227 0.000655
v 0.001456 0.009344 0.000466
v 0.000196 0.013062 0.000223
v 0.000194 0.013057 0.000217
v -0.000267 0.013028 0.000223
v -0.000268 0.013027 0.000232
v -0.000225 0.013656 0.000607
v -0.000222 0.013659 0.000562
v -0.000224 0.013646 0.000584
v -0.000225 0.013681 0.000617
v -0.000226 0.013708 0.000610
v -0.000225 0.013685 0.000555
v -0.000227 0.013721 0.000589
v -0.000226 0.013711 0.000565
v -0.000400 0.013702 0.000610
v -0.000402 0.013679 0.000553
v -0.000400 0.013715 0.000588
v -0.000400 0.013675 0.000617
v -0.000399 0.013705 0.000565
v -0.000399 0.013650 0.000606
v -0.000398 0.013640 0.000583
v -0.000398 0.013653 0.000561
v -0.000158 0.013220 0.000058
v -0.000138 0.013228 0.000084
v -0.000155 0.013206 0.000046
v 0.000051 0.013236 0.000085
v 0.000072 0.013214 0.000049
v -0.000994 0.012219 -0.000314
v -0.000980 0.012222 -0.000364
v -0.000986 0.012317 -0.000540
v -0.001003 0.012263 -0.000166
v -0.000980 0.012401 -0.000617
v -0.001024 0.012330 -0.000089
v -0.000987 0.012421 -0.000639
v -0.001015 0.012344 -0.000082
v -0.000973 0.012537 -0.000721
v -0.001021 0.012420 -0.000009
v -0.000979 0.012533 -0.000728
v -0.001013 0.012422 -0.000013
v -0.000952 0.012657 -0.000801
v -0.001002 0.012517 0.000054
v -0.000956 0.012654 -0.000809
v -0.000994 0.012517 0.000050
v -0.000924 0.012776 -0.000855
v -0.000965 0.012634 0.000096
v -0.000927 0.012775 -0.000864
v -0.000957 0.012632 0.000090
v -0.000895 0.012901 -0.000872
v -0.000914 0.012767 0.000103
v -0.000898 0.012902 -0.000882
v -0.000907 0.012763 0.000097
v -0.000867 0.013035 -0.000851
v -0.000859 0.012902 0.000078
v -0.000869 0.013039 -0.000860
v -0.000853 0.012897 0.000071
v -0.000841 0.013169 -0.000789
v -0.000808 0.013032 0.000017
v -0.000842 0.013175 -0.000797
v -0.000803 0.013026 0.000011
v -0.000815 0.013275 -0.000695
v -0.000773 0.013163 -0.000119
v -0.000816 0.013283 -0.000700
v -0.000769 0.013156 -0.000124
v -0.000787 0.013319 -0.000538
v -0.000768 0.013247 -0.000243
v -0.000788 0.013329 -0.000539
v -0.000764 0.013238 -0.000247
v -0.000768 0.013301 -0.000375
v -0.000771 0.013310 -0.000373
v 0.000978 0.012291 -0.000273
v 0.000962 0.012284 -0.000360
v 0.000965 0.012308 -0.000429
v 0.000979 0.012329 -0.000158
v 0.000952 0.012453 -0.000598
v 0.000996 0.012401 -0.000079
v 0.000965 0.012472 -0.000612
v 0.000986 0.012411 -0.000073
v 0.000936 0.012600 -0.000713
v 0.000986 0.012487 -0.000000
v 0.000942 0.012597 -0.000720
v 0.000978 0.012489 -0.000004
v 0.000908 0.012719 -0.000793
v 0.000960 0.012582 0.000063
v 0.000913 0.012716 -0.000801
v 0.000952 0.012582 0.000058
v 0.000873 0.012836 -0.000847
v 0.000915 0.012697 0.000104
v 0.000876 0.012835 -0.000856
v 0.000908 0.012694 0.000098
v 0.000836 0.012959 -0.000865
v 0.000855 0.012826 0.000111
v 0.000839 0.012960 -0.000874
v 0.000849 0.012822 0.000105
v 0.000798 0.013091 -0.000844
v 0.000791 0.012957 0.000085
v 0.000801 0.013094 -0.000853
v 0.000786 0.012951 0.000078
v 0.000763 0.013222 -0.000782
v 0.000732 0.013083 0.000024
v 0.000764 0.013228 -0.000790
v 0.000729 0.013077 0.000017
v 0.000729 0.013326 -0.000688
v 0.000690 0.013212 -0.000113
v 0.000730 0.013335 -0.000693
v 0.000666 0.013251 -0.000168
v 0.000697 0.013368 -0.000532
v 0.000681 0.013295 -0.000237
v 0.000697 0.013378 -0.000533
v 0.000678 0.013349 -0.000369
v 0.000680 0.013359 -0.000367
v 0.000028 0.013032 0.000246
v 0.000046 0.013004 0.000207
v -0.000083 0.013030 0.000252
v -0.000109 0.013022 0.000244
v -0.000119 0.012999 0.000206
v 0.000245 0.013103 0.000181
v 0.000226 0.013082 0.000200
v -0.000077 0.013461 -0.000006
v -0.000072 0.013435 -0.000007
v -0.000100 0.013401 0.000019
v -0.000063 0.013460 -0.000017
v -0.000053 0.013520 -0.000031
v 0.000518 0.013367 -0.000150
v 0.000552 0.013366 -0.000224
v 0.000112 0.013159 -0.001037
v 0.000040 0.013148 -0.001046
v 0.000055 0.013290 0.000077
v 0.000059 0.013249 0.000102
v -0.000072 0.013435 -0.000007
v -0.000077 0.013461 -0.000006
v -0.000063 0.013460 -0.000017
v -0.000035 0.013127 -0.001043
v -0.000061 0.013098 -0.001048
v -0.000008 0.013099 -0.001048
v 0.000572 0.008890 0.001027
v 0.000781 0.008781 0.001057
v 0.000613 0.008721 0.001095
v 0.000734 0.008949 0.000991
v 0.000964 0.008855 0.000987
v 0.000904 0.009022 0.000929
v 0.001159 0.008952 0.000867
v 0.001146 0.009149 0.000781
v 0.001355 0.009065 0.000702
v 0.001629 0.009238 0.000406
v 0.001568 0.009419 0.000349
v 0.001793 0.009360 0.000116
v 0.001698 0.009520 0.000121
v 0.001947 0.009528 -0.000431
v 0.001859 0.009696 -0.000443
v 0.001884 0.009535 -0.000720
v 0.001792 0.009696 -0.000698
v 0.001693 0.009478 -0.001117
v 0.001614 0.009641 -0.001064
v 0.001484 0.009384 -0.001482
v 0.001399 0.009544 -0.001436
v 0.001309 0.009311 -0.001721
v 0.001233 0.009471 -0.001660
v 0.001127 0.009258 -0.001873
v 0.001069 0.009418 -0.001796
v 0.000902 0.009207 -0.001972
v 0.000876 0.009370 -0.001880
v 0.000568 0.009134 -0.002062
v 0.000516 0.009289 -0.001976
v 0.000345 0.009090 -0.002106
v 0.000316 0.009250 -0.002014
v -0.000542 0.008906 0.000986
v -0.000376 0.008858 0.001023
v -0.000408 0.008687 0.001091
v -0.000578 0.008735 0.001051
v -0.000716 0.008968 0.000922
v -0.000765 0.008797 0.000980
v -0.000954 0.009074 0.000777
v -0.000965 0.008881 0.000858
v -0.001167 0.008981 0.000691
v -0.001384 0.009309 0.000357
v -0.001460 0.009142 0.000380
v -0.001537 0.009414 0.000101
v -0.001622 0.009250 0.000089
v -0.001700 0.009574 -0.000440
v -0.001762 0.009385 -0.000368
v -0.001762 0.009418 -0.000610
v -0.001640 0.009582 -0.000699
v -0.001549 0.009381 -0.001073
v -0.001449 0.009540 -0.001075
v -0.001225 0.009456 -0.001447
v -0.001298 0.009291 -0.001494
v -0.001052 0.009395 -0.001670
v -0.001116 0.009231 -0.001731
v -0.000884 0.009353 -0.001804
v -0.000931 0.009190 -0.001882
v -0.000663 0.009314 -0.001895
v -0.000687 0.009150 -0.001984
v -0.000328 0.009262 -0.001978
v -0.000312 0.009096 -0.002077
v -0.000119 0.009236 -0.002016
v -0.000137 0.009074 -0.002108
v 0.000976 0.012288 -0.000300
v 0.001000 0.012331 -0.000222
v 0.000994 0.012316 -0.000301
v 0.000984 0.012304 -0.000220
v 0.001005 0.012371 -0.000149
v 0.000992 0.012346 -0.000143
v 0.000999 0.012470 -0.000047
v 0.000988 0.012446 -0.000035
v 0.000976 0.012589 0.000032
v 0.000960 0.012582 0.000063
v 0.000937 0.012705 0.000070
v 0.000915 0.012697 0.000104
v 0.000874 0.012862 0.000077
v 0.000855 0.012826 0.000111
v 0.000825 0.012980 0.000051
v 0.000791 0.012957 0.000085
v 0.000781 0.013091 0.000010
v 0.000732 0.013083 0.000024
v 0.000734 0.013249 -0.000123
v 0.000690 0.013212 -0.000113
v 0.000678 0.013353 -0.000350
v 0.000733 0.013358 -0.000373
v 0.000747 0.013361 -0.000533
v 0.000697 0.013378 -0.000533
v 0.000775 0.013316 -0.000678
v 0.000730 0.013335 -0.000693
v 0.000809 0.013224 -0.000779
v 0.000764 0.013228 -0.000790
v 0.000846 0.013098 -0.000834
v 0.000801 0.013094 -0.000853
v 0.000896 0.012928 -0.000846
v 0.000839 0.012960 -0.000874
v 0.000876 0.012835 -0.000856
v 0.000972 0.012651 -0.000737
v 0.000935 0.012636 -0.000753
v 0.000988 0.012424 -0.000553
v 0.000965 0.012349 -0.000490
v 0.000987 0.012361 -0.000464
v 0.000989 0.012326 -0.000382
v 0.000969 0.012298 -0.000383
v 0.000994 0.012316 -0.000301
v 0.000976 0.012288 -0.000300
v -0.001005 0.012238 -0.000228
v -0.000995 0.012222 -0.000308
v -0.001014 0.012249 -0.000310
v -0.001022 0.012264 -0.000231
v -0.001016 0.012279 -0.000152
v -0.001031 0.012303 -0.000158
v -0.001023 0.012389 -0.000033
v -0.001028 0.012396 -0.000064
v -0.001002 0.012517 0.000054
v -0.001018 0.012523 0.000024
v -0.000965 0.012634 0.000096
v -0.000987 0.012641 0.000061
v -0.000914 0.012767 0.000103
v -0.000927 0.012809 0.000065
v -0.000859 0.012902 0.000078
v -0.000808 0.013032 0.000017
v -0.000857 0.013036 0.000003
v -0.000773 0.013163 -0.000119
v -0.000819 0.013204 -0.000178
v -0.000769 0.013300 -0.000358
v -0.000823 0.013307 -0.000380
v -0.000788 0.013329 -0.000539
v -0.000837 0.013308 -0.000540
v -0.000816 0.013283 -0.000700
v -0.000860 0.013262 -0.000685
v -0.000842 0.013175 -0.000797
v -0.000887 0.013167 -0.000786
v -0.000869 0.013039 -0.000860
v -0.000915 0.013039 -0.000842
v -0.000898 0.012902 -0.000882
v -0.000954 0.012864 -0.000854
v -0.000929 0.012765 -0.000862
v -0.001013 0.012569 -0.000734
v -0.000981 0.012524 -0.000724
v -0.001013 0.012363 -0.000565
v -0.000985 0.012281 -0.000490
v -0.001009 0.012295 -0.000473
v -0.000988 0.012233 -0.000391
v -0.001010 0.012259 -0.000391
v -0.000995 0.012222 -0.000308
v -0.001014 0.012249 -0.000310
v -0.000285 0.013046 0.000217
v -0.000312 0.013058 0.000197
v -0.000324 0.013084 0.000177
v 0.000525 0.013416 -0.000643
v 0.000564 0.013396 -0.000571
v 0.000578 0.013392 -0.000521
v 0.000579 0.013397 -0.000458
v 0.000567 0.013418 -0.000354
v 0.000566 0.013418 -0.000355
v 0.000570 0.013385 -0.000301
v 0.000554 0.013366 -0.000230
v 0.000518 0.013367 -0.000150
v -0.000112 0.013143 -0.001046
v -0.000089 0.013112 -0.001046
v -0.000061 0.013098 -0.001048
v -0.000035 0.013127 -0.001043
v -0.000282 0.013219 -0.001024
v -0.000253 0.013178 -0.001026
v -0.000214 0.013155 -0.001035
v -0.000112 0.013143 -0.001047
v -0.000283 0.013220 -0.001023
v -0.000479 0.013310 -0.000906
v -0.000442 0.013262 -0.000938
v -0.000399 0.013238 -0.000962
v 0.000046 0.013150 -0.001054
v 0.000141 0.013166 -0.001033
v 0.000324 0.013264 -0.000958
v 0.000394 0.013339 -0.000903
v 0.000360 0.013289 -0.000935
v -0.000035 0.013127 -0.001043
v -0.000008 0.013099 -0.001048
v 0.000015 0.013112 -0.001047
v -0.000100 0.013400 0.000019
v -0.000106 0.013342 0.000060
v -0.000146 0.013283 0.000076
v -0.000151 0.013224 0.000113
v -0.000196 0.013177 0.000138
v -0.000205 0.013132 0.000158
v -0.000237 0.013097 0.000190
v -0.000241 0.013066 0.000198
v -0.000262 0.013053 0.000216
v -0.000404 0.013164 0.000098
v -0.000475 0.013185 0.000047
v -0.000510 0.013251 -0.000015
v 0.000320 0.013188 0.000102
v 0.000421 0.013282 -0.000011
v 0.000390 0.013214 0.000051
v 0.000320 0.013188 0.000103
v 0.000306 0.013133 0.000139
v -0.000617 0.013377 -0.000648
v -0.000598 0.013335 -0.000739
v -0.000477 0.013308 -0.000905
v -0.000572 0.013312 -0.000789
v -0.000662 0.013377 -0.000360
v -0.000672 0.013356 -0.000463
v -0.000617 0.013377 -0.000649
v -0.000669 0.013350 -0.000526
v -0.000655 0.013356 -0.000576
v -0.000612 0.013330 -0.000154
v -0.000663 0.013344 -0.000306
v -0.000662 0.013377 -0.000360
v -0.000647 0.013326 -0.000234
v -0.000511 0.013251 -0.000015
v -0.000600 0.013282 -0.000115
v -0.000612 0.013330 -0.000155
v -0.000586 0.013260 -0.000084
v -0.000562 0.013251 -0.000055
v 0.000422 0.013284 -0.000008
v 0.000473 0.013286 -0.000050
v 0.000497 0.013296 -0.000080
v 0.000245 0.013103 0.000181
v 0.000235 0.013077 0.000199
v 0.000208 0.013062 0.000219
v -0.000324 0.013084 0.000178
v -0.000384 0.013107 0.000138
v -0.000404 0.013164 0.000099
v 0.000055 0.013290 0.000078
v 0.000063 0.013231 0.000114
v 0.000111 0.013188 0.000140
v 0.000124 0.013142 0.000160
v 0.000157 0.013111 0.000191
v 0.000183 0.013069 0.000218
v 0.000163 0.013080 0.000205
v 0.000002 0.013404 0.000020
v 0.000009 0.013345 0.000056
v 0.000526 0.013417 -0.000644
v 0.000509 0.013372 -0.000735
v 0.000486 0.013348 -0.000783
v 0.000394 0.013339 -0.000902
v -0.000053 0.013520 -0.000032
v -0.000032 0.013443 -0.000011
v 0.000002 0.013405 0.000020
v -0.000376 0.008858 0.001023
v -0.000285 0.008861 0.001024
v -0.000237 0.009644 0.000842
v -0.000164 0.009733 0.000821
v -0.000133 0.010066 0.000746
v -0.000071 0.010194 0.000723
v 0.000003 0.010584 0.000658
v 0.000014 0.010668 0.000650
v 0.000572 0.008890 0.001027
v 0.000463 0.008971 0.001008
v 0.000376 0.009686 0.000838
v 0.000318 0.009685 0.000838
v 0.000254 0.010067 0.000751
v 0.000213 0.010080 0.000748
v 0.000064 0.010674 0.000647
v 0.000082 0.010585 0.000659
vn -0.5293 0.1862 0.8277
vn -0.4091 -0.8832 -0.2293
vn -0.9495 0.2829 -0.1358
vn -0.5361 0.1985 0.8205
vn -0.5664 0.2243 0.7930
vn -0.9390 0.2789 -0.2011
vn -0.6164 0.2348 0.7516
vn -0.5971 0.1864 0.7802
vn -0.6896 0.2000 0.6961
vn -0.7683 0.4358 0.4688
vn -0.3323 0.0664 -0.9408
vn -0.3676 -0.0233 -0.9297
vn -0.2559 0.0308 -0.9662
vn -0.1061 -0.9807 -0.1641
vn 0.0797 -0.9590 -0.2721
vn -0.1988 -0.9800 0.0044
vn -0.2742 -0.9609 0.0380
vn -0.3035 -0.9519 0.0420
vn 0.2349 -0.9453 0.2265
vn -0.1190 -0.9892 0.0861
vn -0.1180 -0.9887 0.0922
vn -0.4989 -0.8240 -0.2686
vn -0.1586 -0.4016 -0.9020
vn -0.0697 -0.9826 0.1722
vn -0.2892 -0.9306 -0.2244
vn 0.0239 -0.9983 -0.0527
vn -0.4020 -0.9153 -0.0255
vn -0.5023 -0.8645 -0.0179
vn -0.0875 -0.9926 0.0842
vn 0.0531 -0.9506 -0.3060
vn 0.1427 -0.8736 -0.4653
vn 0.4504 -0.6480 -0.6142
vn 0.6494 -0.0867 -0.7555
vn 0.6312 -0.1421 -0.7625
vn 0.7496 -0.0833 -0.6567
vn -0.0405 -0.8915 0.4512
vn 0.3897 -0.9190 -0.0596
vn 0.4014 -0.9152 -0.0364
vn 0.1187 -0.8769 -0.4657
vn 0.1391 -0.9192 -0.3685
vn 0.1428 -0.9523 -0.2695
vn 0.9989 0.0443 -0.0141
vn -0.1410 -0.9899 0.0164
vn -0.2798 -0.9594 0.0349
vn 0.0604 -0.9975 -0.0362
vn -0.0158 -0.8490 -0.5281
vn -0.0078 -0.8334 -0.5526
vn 0.2696 -0.4151 -0.8689
vn 0.2745 -0.9614 0.0160
vn -0.1225 -0.9922 0.0208
vn 0.9411 0.3216 -0.1045
vn 0.3443 0.0778 -0.9356
vn 0.5140 0.1545 -0.8438
vn 0.1080 -0.9924 0.0581
vn -0.1964 -0.8285 -0.5245
vn -0.2537 -0.9672 0.0111
vn -0.2552 -0.6194 -0.7425
vn 0.0825 0.0675 -0.9943
vn -0.0066 0.0559 -0.9984
vn 0.2836 0.2358 -0.9295
vn 0.8569 0.0310 -0.5145
vn 0.8768 0.4621 0.1326
vn 0.9239 0.3438 -0.1679
vn 0.7161 0.5032 -0.4838
vn 0.6198 0.3502 0.7022
vn 0.5128 0.2299 0.8271
vn 0.5137 0.2519 0.8202
vn 0.5537 0.3198 0.7688
vn 0.7818 0.4335 0.4482
vn 0.7958 0.4382 0.4181
vn 0.6449 0.2576 0.7195
vn 0.2363 0.1842 0.9541
vn 0.9425 0.2278 0.2445
vn 0.3292 0.1978 0.9233
vn 0.9469 0.2299 0.2248
vn 0.3045 0.1855 0.9343
vn 0.2790 0.1306 0.9514
vn 0.9644 0.2355 0.1204
vn 0.2761 0.1100 0.9548
vn 0.6767 0.1106 -0.7279
vn 0.7185 0.1118 -0.6865
vn -0.0539 0.0744 0.9958
vn -0.0436 0.0814 0.9957
vn 0.6977 0.1368 0.7032
vn 0.9168 0.1220 0.3802
vn 0.7614 0.0093 -0.6482
vn 0.0006 0.1180 0.9930
vn 0.3786 0.1074 0.9193
vn 0.1058 -0.0498 0.9931
vn 0.8271 0.5600 0.0479
vn 0.8321 0.5374 0.1371
vn 0.7457 0.6097 -0.2685
vn 0.7745 0.5647 -0.2851
vn 0.5438 0.4397 -0.7148
vn 0.5517 0.4445 -0.7057
vn 0.3414 0.2954 -0.8923
vn 0.2454 0.3808 -0.8915
vn 0.0757 0.1507 -0.9857
vn 0.0602 0.4119 -0.9092
vn -0.0380 0.2017 -0.9787
vn -0.0977 0.2981 -0.9495
vn -0.7085 0.2808 -0.6475
vn -0.0369 0.4542 -0.8901
vn -0.0369 0.4391 -0.8977
vn -0.6344 0.3004 -0.7123
vn 0.0440 0.4562 -0.8888
vn -0.9971 -0.0125 -0.0755
vn -0.9683 -0.2371 -0.0792
vn -0.5104 0.3798 -0.7715
vn -0.3716 -0.4520 -0.8109
vn -0.6260 0.3431 -0.7003
vn -0.6457 0.2107 -0.7339
vn -0.1644 -0.8124 -0.5595
vn -0.5164 0.4477 -0.7300
vn -0.4497 0.3557 -0.8193
vn -0.1879 0.4217 -0.8871
vn -0.2118 0.4263 -0.8794
vn -0.2340 0.3300 -0.9145
vn 0.5014 0.0520 -0.8636
vn -0.3307 0.1200 -0.9361
vn -0.8751 0.0475 -0.4816
vn 0.1150 -0.9236 -0.3656
vn -0.5322 -0.8170 -0.2221
vn 0.1297 -0.8915 -0.4342
vn 0.1280 -0.8886 -0.4405
vn 0.1566 -0.9082 -0.3882
vn 0.1569 -0.9070 -0.3907
vn 0.1221 -0.9428 -0.3101
vn 0.1506 -0.9697 -0.1925
vn -0.9536 -0.1550 -0.2580
vn 0.2283 -0.8860 -0.4037
vn 0.3265 -0.2821 -0.9021
vn -0.2750 -0.6209 -0.7340
vn 0.1631 -0.3384 -0.9268
vn -0.5138 -0.3023 -0.8029
vn -0.7271 0.0507 -0.6846
vn -0.0247 0.4570 -0.8891
vn -0.1338 0.4515 -0.8822
vn 0.3001 -0.1326 -0.9447
vn -0.5840 0.0333 -0.8111
vn 0.5890 -0.7468 -0.3089
vn 0.1682 -0.9856 -0.0191
vn -0.0459 -0.0446 -0.9979
vn 0.0478 -0.9881 -0.1460
vn 0.1122 -0.9691 -0.2196
vn 0.1298 -0.9699 -0.2060
vn -0.4177 -0.7540 -0.5070
vn 0.3890 0.4135 -0.8232
vn 0.0740 0.3285 -0.9416
vn 0.0950 0.4020 -0.9107
vn 0.2834 0.4842 -0.8278
vn 0.3335 0.4709 -0.8167
vn 0.8636 0.4719 -0.1778
vn 0.5652 0.1071 -0.8179
vn 0.2590 -0.9642 -0.0571
vn 0.8116 0.5330 -0.2390
vn -0.2277 0.0148 -0.9736
vn 0.4627 0.4552 -0.7607
vn -0.2533 0.0746 -0.9645
vn -0.2924 0.0134 -0.9562
vn -0.2275 -0.6605 -0.7155
vn 0.3444 0.3880 -0.8549
vn -0.2593 -0.9591 -0.1134
vn 0.3630 -0.9285 -0.0780
vn 0.8666 -0.3865 0.3155
vn 0.0941 -0.9948 -0.0395
vn 0.7829 0.4000 0.4766
vn 0.7787 0.4259 0.4606
vn 0.9236 -0.0524 -0.3797
vn 0.9030 -0.0746 -0.4231
vn 0.9609 -0.0620 -0.2698
vn 0.8568 0.0378 0.5143
vn 0.8074 0.0457 0.5882
vn -0.1205 0.1066 0.9870
vn -0.1200 0.1131 0.9863
vn -0.1686 0.0297 0.9852
vn -0.1428 -0.0489 0.9885
vn -0.3632 0.1098 0.9252
vn -0.3414 -0.0935 0.9352
vn -0.8113 0.4277 0.3986
vn -0.2900 0.1801 0.9399
vn -0.8663 0.4883 0.1054
vn -0.8312 0.5535 0.0514
vn -0.7768 0.5336 -0.3343
vn -0.7380 0.5441 -0.3992
vn -0.5219 0.5082 -0.6851
vn -0.6779 0.2742 -0.6821
vn -0.2099 0.4097 -0.8877
vn -0.2542 0.3251 -0.9109
vn -0.0837 0.4294 -0.8992
vn -0.1308 0.1319 -0.9826
vn 0.0421 0.3236 -0.9453
vn -0.0636 0.1919 -0.9794
vn -0.0113 0.4563 -0.8898
vn 0.7001 0.3140 -0.6413
vn -0.2766 0.1450 0.9500
vn -0.4991 0.1860 0.8463
vn -0.3910 0.1655 0.9054
vn -0.2806 0.1365 0.9501
vn -0.2949 0.1500 0.9437
vn -0.8471 0.3553 0.3953
vn -0.8213 0.3601 0.4426
vn -0.7786 0.3725 -0.5050
vn -0.0042 0.0707 -0.9975
vn -0.7891 0.3498 -0.5049
vn -0.2444 0.1897 -0.9509
vn -0.8249 0.3036 0.4768
vn -0.7564 -0.2559 -0.6020
vn -0.8369 0.0990 -0.5383
vn -0.8526 0.2771 0.4430
vn -0.0425 -0.9990 -0.0156
vn -0.4231 -0.3026 -0.8541
vn -0.0999 0.2313 -0.9677
vn 0.3008 0.0307 -0.9532
vn -0.8037 0.4625 -0.3743
vn -0.6361 0.0900 -0.7663
vn 0.2469 0.0412 -0.9682
vn -0.8988 0.3988 -0.1821
vn -0.2343 -0.9707 -0.0531
vn -0.4740 0.4369 -0.7645
vn -0.6402 0.4987 -0.5843
vn 0.2922 0.0785 -0.9531
vn -0.2693 0.4692 -0.8411
vn -0.2930 0.3214 -0.9005
vn 0.2865 -0.5852 -0.7586
vn -0.0399 -0.9803 -0.1932
vn -0.4311 -0.6647 -0.6102
vn -0.0515 0.3140 -0.9480
vn -0.0720 -0.6116 -0.7879
vn -0.5008 -0.1030 -0.8594
vn -0.4506 -0.8473 -0.2811
vn -0.2921 -0.1812 -0.9391
vn 0.4269 0.0300 -0.9038
vn -0.0914 0.3951 -0.9141
vn 0.7112 0.0709 -0.6994
vn 0.4872 -0.3232 -0.8113
vn 0.3222 -0.6524 -0.6860
vn -0.0116 -0.6192 -0.7851
vn -0.2600 -0.8611 -0.4370
vn -0.4083 -0.3281 -0.8519
vn -0.4300 -0.7694 -0.4724
vn 0.1989 -0.2761 -0.9403
vn -0.0474 -0.9208 -0.3871
vn 0.9663 -0.1300 -0.2222
vn 0.2346 -0.7673 -0.5968
vn -0.1070 -0.9797 -0.1698
vn -0.0542 -0.9450 -0.3224
vn -0.0945 -0.9153 -0.3915
vn -0.0964 -0.9160 -0.3893
vn -0.0755 -0.8840 -0.4613
vn 0.2542 -0.1758 -0.9510
vn 0.1679 0.9831 -0.0734
vn 0.9703 0.0375 -0.2391
vn 0.8688 0.0535 -0.4922
vn -0.1347 -0.9670 -0.2161
vn 0.5406 0.3684 -0.7563
vn -0.0801 0.4478 -0.8906
vn 0.6202 0.3602 -0.6969
vn 0.0096 0.4376 -0.8991
vn 0.9996 0.0233 -0.0174
vn 0.5157 0.3902 -0.7627
vn 0.6583 0.2684 -0.7032
vn 0.4438 0.4001 -0.8018
vn 0.2289 0.3749 -0.8984
vn 0.1159 0.4439 -0.8886
vn 0.4792 0.4198 -0.7708
vn 0.1987 0.4163 -0.8873
vn 0.0393 0.5281 -0.8483
vn 0.5585 -0.1147 -0.8216
vn 0.5544 -0.1915 -0.8099
vn 0.9268 -0.2262 0.2998
vn 0.6653 -0.2101 -0.7164
vn 0.5912 -0.2627 -0.7626
vn 0.3738 -0.0595 0.9256
vn 0.3535 -0.0588 0.9336
vn 0.9532 -0.3004 -0.0335
vn 0.9387 -0.2716 0.2124
vn 0.6827 -0.2678 -0.6799
vn 0.5892 -0.1616 -0.7917
vn 0.9371 -0.3403 0.0783
vn 0.9274 -0.2322 0.2933
vn 0.8300 -0.3876 -0.4011
vn 0.6271 -0.1285 -0.7682
vn 0.8346 -0.3473 -0.4276
vn 0.8088 -0.5805 -0.0936
vn 0.8655 -0.4977 -0.0566
vn 0.7191 -0.6256 0.3026
vn 0.7909 -0.5008 0.3515
vn 0.4991 -0.5850 0.6393
vn 0.5523 -0.4375 0.7096
vn 0.2490 -0.4942 0.8329
vn 0.2913 -0.2475 0.9241
vn 0.0853 -0.3441 0.9351
vn 0.1321 -0.1296 0.9827
vn 0.3764 0.0421 -0.9255
vn -0.0710 -0.3155 0.9463
vn 0.3945 -0.0282 -0.9185
vn 0.1421 0.1173 -0.9829
vn 0.1610 -0.0465 -0.9858
vn -0.0712 0.0793 -0.9943
vn -0.0621 -0.2270 -0.9719
vn -0.3562 -0.0803 -0.9309
vn -0.3313 -0.0580 -0.9418
vn -0.6267 -0.2575 -0.7355
vn -0.5898 -0.2107 -0.7796
vn 0.3071 0.1016 -0.9462
vn -0.8067 -0.4041 -0.4312
vn -0.7405 -0.5310 -0.4119
vn -0.8353 -0.5474 -0.0508
vn -0.8096 -0.5808 -0.0851
vn -0.7496 -0.5606 0.3519
vn -0.5282 -0.8386 0.1332
vn -0.5555 -0.4480 0.7005
vn -0.4972 -0.5232 0.6921
vn -0.2810 -0.2263 0.9326
vn -0.2497 -0.4528 0.8559
vn -0.1553 -0.1803 0.9713
vn -0.0808 -0.3346 0.9389
vn 0.0778 -0.2490 0.9654
vn -0.1756 -0.5407 0.8227
vn 0.0119 -0.4532 0.8913
vn 0.6820 -0.2968 0.6684
vn 0.6574 -0.3431 0.6709
vn 0.0558 -0.5006 0.8639
vn 0.0450 -0.6000 0.7988
vn 0.9375 -0.2811 0.2049
vn 0.9939 0.0836 0.0718
vn 0.6495 -0.3512 0.6744
vn 0.4424 -0.3264 0.8353
vn 0.9977 0.0595 0.0319
vn 0.6542 -0.2353 0.7188
vn 0.0991 -0.5549 0.8260
vn 0.0693 -0.4877 0.8703
vn 0.6904 -0.1202 0.7133
vn 0.9779 0.1931 0.0806
vn 0.9772 0.1786 0.1150
vn 0.8804 0.4111 -0.2365
vn 0.9061 0.2636 -0.3309
vn -0.1369 0.5390 -0.8311
vn -0.3398 -0.5690 0.7488
vn 0.2276 -0.4393 0.8691
vn -0.5096 -0.4982 0.7015
vn 0.2478 -0.4006 0.8821
vn 0.2312 -0.3495 0.9079
vn -0.5247 -0.4737 0.7074
vn 0.2756 -0.2779 0.9202
vn 0.0221 -0.3385 0.9407
vn 0.1163 -0.4437 0.8886
vn -0.5694 -0.5186 0.6379
vn 0.1679 -0.5021 0.8484
vn 0.1184 -0.6561 0.7453
vn -0.4521 -0.7724 0.4461
vn -0.0825 -0.3985 0.9135
vn -0.6689 -0.5844 0.4595
vn -0.5763 -0.5962 0.5590
vn -0.5063 -0.5060 0.6983
vn 0.3142 -0.1550 0.9366
vn 0.6455 0.0150 0.7636
vn 0.5855 0.0549 0.8088
vn 0.5164 0.0791 0.8527
vn 0.5235 -0.0631 0.8497
vn -0.2735 -0.5903 -0.7595
vn -0.8119 -0.5681 0.1345
vn -0.4610 -0.4645 0.7561
vn 0.2521 -0.0805 0.9643
vn 0.7827 0.2780 0.5568
vn -0.8508 -0.5255 0.0095
vn 0.2634 -0.0485 0.9635
vn -0.3774 -0.3878 0.8410
vn 0.2732 -0.1083 0.9558
vn -0.8861 -0.4631 -0.0189
vn -0.9204 -0.3908 -0.0139
vn 0.8010 0.5984 0.0195
vn 0.8687 0.4939 0.0377
vn 0.7865 0.6064 0.1172
vn -0.8225 -0.3064 -0.4792
vn -0.8568 0.0255 -0.5150
vn -0.8696 -0.4818 0.1078
vn -0.7816 -0.4632 0.4179
vn -0.7891 -0.4269 -0.4417
vn -0.2622 -0.1932 0.9455
vn 0.0142 -0.0534 0.9985
vn 0.0099 -0.0470 0.9988
vn -0.1115 -0.1332 0.9848
vn -0.8612 -0.3628 -0.3559
vn 0.1015 0.0113 0.9948
vn 0.7685 0.5889 -0.2502
vn -0.6189 -0.3528 0.7018
vn -0.6123 -0.4528 -0.6481
vn -0.8319 -0.3663 -0.4168
vn -0.9231 -0.3291 0.1991
vn -0.2138 -0.0110 0.9768
vn -0.5796 -0.3089 -0.7541
vn 0.8198 0.5011 -0.2773
vn -0.5546 -0.2860 -0.7814
vn -0.6816 -0.2875 -0.6729
vn -0.5362 -0.2213 -0.8146
vn -0.9420 -0.3354 -0.0115
vn -0.5337 -0.1748 -0.8274
vn -0.9129 -0.2898 0.2875
vn -0.3450 -0.0707 0.9359
vn -0.0520 0.0306 0.9982
vn 0.7151 0.3187 -0.6222
vn 0.3047 0.1884 -0.9336
vn -0.2842 -0.1334 -0.9494
vn -0.2903 -0.0942 -0.9523
vn -0.9653 -0.2344 -0.1148
vn -0.9578 -0.2312 -0.1708
vn -0.7027 -0.0992 0.7045
vn -0.9006 -0.2510 -0.3548
vn -0.4621 -0.0342 0.8862
vn -0.8501 -0.2607 -0.4575
vn -0.4205 -0.2053 -0.8837
vn 0.4322 0.1721 0.8852
vn -0.9524 -0.2449 -0.1818
vn -0.1565 -0.3902 -0.9073
vn -0.7653 -0.1308 -0.6302
vn 0.0343 -0.0697 -0.9970
vn -0.7467 -0.0768 -0.6608
vn -0.6968 -0.5447 0.4667
vn -0.9036 0.0413 0.4263
vn -0.5793 0.1145 0.8070
vn -0.4533 0.0613 0.8893
vn -0.8838 -0.1174 -0.4529
vn -0.4922 0.1657 0.8546
vn 0.1132 -0.0924 -0.9893
vn -0.7831 -0.0560 -0.6193
vn -0.8332 -0.0292 -0.5522
vn -0.9095 0.0701 0.4098
vn -0.7145 -0.1055 -0.6917
vn -0.7262 0.0885 0.6817
vn -0.8320 -0.0738 -0.5499
vn 0.9261 -0.0822 -0.3682
vn 0.2133 -0.1117 -0.9706
vn 0.2807 -0.1245 -0.9517
vn 0.1381 -0.0930 -0.9860
vn 0.2880 -0.1127 -0.9510
vn -0.9479 0.3183 -0.0152
vn -0.3951 0.5880 -0.7058
vn -0.2903 0.5298 -0.7969
vn -0.6985 -0.4802 -0.5305
vn -0.9632 0.1317 -0.2342
vn -0.9640 0.1607 -0.2117
vn -0.0028 -0.1339 -0.9910
vn -0.7756 0.5086 -0.3739
vn -0.6552 0.6456 -0.3924
vn 0.4838 0.6983 0.5275
vn -0.8943 0.4461 -0.0342
vn -0.8728 0.4875 0.0234
vn -0.8588 0.5101 0.0473
vn 0.9380 -0.3463 -0.0158
vn 0.9128 -0.4078 -0.0216
vn 0.8554 -0.4576 0.2427
vn 0.4772 -0.4154 0.7744
vn 0.1359 -0.2293 0.9638
vn 0.8314 -0.5537 0.0473
vn -0.2736 -0.0257 0.9615
vn -0.2907 -0.0441 0.9558
vn 0.0882 -0.2335 0.9683
vn 0.6168 -0.4049 0.6750
vn 0.3369 -0.3110 -0.8887
vn 0.8827 -0.4536 0.1230
vn 0.8028 -0.5063 -0.3150
vn 0.8586 0.0765 -0.5069
vn 0.8479 -0.2543 -0.4652
vn 0.9036 -0.4155 0.1047
vn 0.8255 -0.4048 0.3934
vn 0.8249 -0.3609 -0.4351
vn -0.0058 -0.0808 0.9967
vn 0.0931 -0.1145 0.9890
vn -0.0111 -0.0339 0.9994
vn 0.2591 -0.1844 0.9481
vn -0.1235 -0.0295 0.9919
vn -0.4609 0.6362 0.6187
vn -0.7441 0.3864 -0.5451
vn 0.6453 0.6614 -0.3824
vn 0.7319 0.5632 -0.3836
vn 0.0073 0.9688 0.2479
vn 0.3340 -0.4343 0.8366
vn 0.5557 -0.4365 0.7076
vn -0.2078 -0.3543 0.9117
vn 0.5372 -0.4804 0.6933
vn -0.5053 -0.1851 0.8429
vn -0.2196 -0.3600 0.9068
vn 0.3043 -0.5632 0.7683
vn 0.4309 -0.6283 0.6477
vn -0.0655 -0.2809 0.9575
vn -0.1338 -0.5141 0.8472
vn -0.0829 -0.4445 0.8919
vn -0.0068 -0.4278 0.9039
vn -0.0231 -0.3135 0.9493
vn 0.1100 -0.3851 0.9163
vn -0.6083 -0.0722 0.7904
vn -0.5602 -0.0091 0.8283
vn -0.5489 -0.0452 0.8346
vn 0.7004 -0.5419 0.4645
vn 0.5767 -0.6288 0.5216
vn -0.5760 -0.0642 0.8149
vn -0.6579 -0.3809 0.6497
vn -0.6878 -0.3400 0.6414
vn -0.7070 -0.4577 0.5390
vn 0.1686 -0.5336 0.8287
vn 0.0078 -0.4509 0.8926
vn -0.6435 -0.3830 0.6627
vn -0.0406 -0.4747 0.8792
vn -0.0061 -0.5962 0.8028
vn -0.8014 -0.3563 0.4804
vn -0.9981 0.0245 0.0573
vn -0.4177 -0.3557 0.8361
vn -0.6883 -0.1707 0.7051
vn -0.6533 -0.2723 0.7064
vn -0.9888 0.1306 0.0727
vn -0.9685 0.0728 0.2381
vn 0.2003 -0.5597 0.8041
vn -0.9734 0.1092 0.2017
vn -0.1520 0.6005 -0.7851
vn -0.1025 0.5722 -0.8137
vn -0.0212 0.8878 -0.4598
vn -0.1263 0.7141 -0.6886
vn -0.2027 0.6151 -0.7620
vn -0.0244 0.6405 -0.7676
vn 0.0847 0.6551 0.7508
vn 0.1054 0.6583 0.7453
vn 0.1377 0.6387 0.7571
vn 0.3214 0.6370 0.7007
vn 0.2139 0.7077 0.6734
vn 0.3134 0.8215 0.4764
vn 0.4912 0.7331 0.4703
vn 0.3963 0.9096 0.1244
vn 0.5928 0.7995 0.0969
vn 0.2916 0.9164 -0.2742
vn 0.5333 0.8134 -0.2323
vn 0.0599 0.8415 -0.5369
vn 0.3933 0.7571 -0.5217
vn 0.2998 0.5582 0.7737
vn 0.4240 0.5205 0.7412
vn 0.3039 0.5112 0.8039
vn 0.7066 0.6235 0.3345
vn 0.7382 0.6557 -0.1586
vn -0.1724 -0.6640 -0.7276
vn -0.2819 -0.4952 -0.8218
vn -0.2377 -0.5505 -0.8003
vn -0.3319 -0.6292 -0.7029
vn -0.2730 -0.5593 -0.7827
vn -0.4308 -0.5228 -0.7356
vn -0.2856 -0.5194 -0.8054
vn -0.3257 -0.8134 -0.4820
vn -0.5035 -0.7190 -0.4791
vn -0.4017 -0.9067 -0.1289
vn -0.7059 -0.6175 -0.3469
vn -0.5946 -0.7969 -0.1066
vn -0.3622 -0.8958 0.2575
vn 0.0665 -0.5127 0.8560
vn 0.1777 -0.5678 0.8038
vn 0.0732 -0.6819 0.7278
vn -0.5372 -0.8165 0.2115
vn -0.1113 -0.8257 0.5530
vn -0.7415 -0.6526 0.1559
vn -0.3808 -0.7611 0.5250
vn -0.5677 -0.6568 0.4963
vn -0.2281 -0.6400 0.7337
vn -0.4087 -0.6263 0.6639
vn 0.0470 -0.6369 0.7695
vn 0.0310 -0.5571 0.8298
vn 0.2409 -0.6355 0.7336
vn 0.4452 -0.5965 0.6679
vn 0.6055 -0.6177 0.5018
vn 0.4349 -0.7300 0.5273
vn 0.7796 -0.6032 0.1685
vn 0.5923 -0.7720 0.2305
vn 0.7615 -0.5717 -0.3056
vn -0.0223 -0.7005 0.7133
vn 0.6468 -0.7580 -0.0847
vn -0.1492 -0.5897 0.7937
vn 0.5598 -0.6714 -0.4856
vn 0.5184 -0.4802 -0.7076
vn 0.1588 -0.8266 0.5400
vn 0.4218 -0.5691 -0.7058
vn 0.3477 -0.4732 -0.8095
vn 0.4199 -0.8752 0.2400
vn 0.4690 -0.8721 -0.1396
vn 0.2600 -0.5708 -0.7788
vn 0.1964 -0.4846 -0.8524
vn 0.3411 -0.8019 -0.4905
vn 0.2798 -0.6907 -0.6668
vn 0.2185 -0.6281 -0.7469
vn 0.2188 -0.5863 -0.7800
vn 0.2034 -0.5711 -0.7953
vn -0.8994 -0.3986 0.1795
vn -0.8420 -0.3894 -0.3733
vn -0.7942 -0.6076 -0.0062
vn -0.8838 -0.2641 0.3861
vn -0.9001 -0.2391 0.3643
vn -0.7182 -0.6949 0.0357
vn -0.7314 -0.6814 0.0271
vn -0.7740 -0.5887 0.2331
vn -0.7705 -0.5909 0.2391
vn -0.7786 -0.5700 0.2624
vn -0.7745 -0.5782 0.2565
vn -0.8408 -0.5195 0.1525
vn -0.8307 -0.5251 0.1850
vn -0.8796 -0.4749 -0.0284
vn -0.9013 -0.4325 -0.0243
vn -0.8416 -0.4959 -0.2139
vn -0.8112 -0.5147 -0.2776
vn -0.7301 -0.4963 -0.4697
vn -0.7247 -0.5001 -0.4740
vn -0.4480 -0.7362 -0.5072
vn -0.4842 -0.6985 -0.5269
vn -0.0252 -0.6046 -0.7961
vn 0.1914 -0.6232 -0.7583
vn 0.5073 -0.5706 -0.6458
vn 0.5165 -0.5634 -0.6448
vn 0.7435 -0.5293 -0.4087
vn 0.7401 -0.5656 -0.3638
vn 0.8797 -0.4225 -0.2182
vn 0.8783 -0.4272 -0.2146
vn 0.9012 -0.4332 -0.0151
vn 0.9021 -0.4312 -0.0162
vn 0.8530 -0.4909 0.1774
vn 0.8528 -0.4930 0.1723
vn 0.8193 -0.4954 0.2886
vn 0.8218 -0.4753 0.3142
vn 0.8116 -0.5243 0.2578
vn 0.8140 -0.5199 0.2590
vn 0.7646 -0.6419 0.0585
vn 0.7762 -0.6278 0.0581
vn 0.4306 0.5496 -0.7159
vn 0.2102 0.5576 -0.8031
vn 0.0514 0.7055 -0.7068
vn 0.6210 0.5841 -0.5226
vn 0.0858 0.4949 -0.8647
vn 0.6260 0.7588 -0.1795
vn 0.8217 0.5487 -0.1542
vn 0.7900 0.5106 0.3393
vn 0.3327 0.7817 -0.5275
vn 0.6562 0.7358 0.1673
vn 0.1729 0.4083 -0.8963
vn 0.0319 0.2906 -0.9563
vn 0.5243 0.6822 0.5097
vn 0.4649 0.4339 0.7718
vn 0.1440 0.1357 -0.9802
vn 0.0272 -0.0273 -0.9993
vn 0.0130 -0.0310 -0.9994
vn 0.2226 0.6238 -0.7492
vn 0.0483 -0.1554 -0.9867
vn 0.2312 -0.0285 -0.9725
vn 0.1869 -0.1831 -0.9652
vn 0.3670 -0.1174 -0.9228
vn 0.1725 -0.1441 -0.9744
vn 0.0309 0.0328 -0.9990
vn 0.0561 0.2335 -0.9707
vn 0.1268 0.4590 -0.8793
vn 0.0151 0.4628 -0.8863
vn -0.0151 0.5758 -0.8174
vn 0.0652 0.5748 -0.8157
vn 0.0654 0.5818 -0.8107
vn 0.0508 0.5748 -0.8167
vn 0.0416 0.5725 -0.8188
vn 0.1354 0.6005 -0.7881
vn 0.2246 0.5696 -0.7906
vn 0.4090 0.6048 -0.6833
vn 0.2572 0.6213 -0.7401
vn 0.4700 0.4877 -0.7357
vn 0.4410 -0.0063 -0.8975
vn 0.4458 -0.1784 -0.8771
vn 0.5256 0.3394 -0.7801
vn 0.6184 -0.2035 -0.7590
vn 0.7000 -0.2114 -0.6821
vn 0.4490 -0.1252 -0.8847
vn 0.7443 -0.0478 -0.6662
vn 0.7857 0.2037 -0.5841
vn 0.9181 0.2723 -0.2881
vn 0.8546 -0.1318 -0.5023
vn 0.2975 0.0819 -0.9512
vn 0.2680 0.3397 -0.9015
vn 0.7279 -0.2399 -0.6424
vn 0.2069 0.8420 -0.4981
vn 0.8689 -0.1933 -0.4557
vn 0.9027 -0.2315 -0.3628
vn 0.0874 0.9829 -0.1621
vn 0.2037 0.9700 -0.1330
vn 0.2869 0.9401 0.1840
vn 0.8436 -0.1967 -0.4997
vn 0.9557 -0.1784 -0.2342
vn 0.9630 -0.0925 -0.2531
vn 0.9859 -0.1463 -0.0812
vn 0.9967 -0.0518 -0.0624
vn 0.9377 0.3304 0.1071
vn 0.9904 0.1147 -0.0778
vn 0.9904 0.0890 -0.1061
vn 0.9719 -0.1554 0.1770
vn 0.9460 -0.0549 0.3194
vn 0.9806 -0.0797 0.1788
vn 0.9392 0.0918 0.3308
vn 0.9481 0.0264 0.3168
vn 0.8576 0.2159 0.4668
vn 0.8009 0.2954 0.5209
vn 0.7269 0.4093 0.5515
vn 0.5558 0.5259 0.6439
vn 0.6492 0.4291 0.6280
vn 0.9972 -0.0617 0.0415
vn 0.9261 -0.1085 0.3613
vn 0.9683 -0.0854 0.2347
vn 0.9553 0.2933 0.0358
vn 0.9530 0.2078 0.2203
vn 0.8750 -0.1078 0.4720
vn 0.8880 0.2858 -0.3603
vn 0.9935 0.1130 0.0136
vn 0.8370 0.1906 -0.5129
vn 0.9632 0.1428 -0.2275
vn 0.7179 0.4700 -0.5135
vn 0.9647 0.1269 0.2307
vn 0.6061 0.5737 -0.5509
vn 0.7254 0.5794 -0.3717
vn 0.4330 0.6175 -0.6567
vn 0.5579 0.6094 -0.5634
vn 0.6467 0.6060 -0.4632
vn 0.7102 0.6312 -0.3118
vn 0.7917 0.5933 -0.1454
vn 0.7562 0.6535 -0.0331
vn 0.7731 0.5598 0.2982
vn 0.7417 0.6185 0.2594
vn 0.8208 0.5580 0.1217
vn 0.7060 0.5226 0.4779
vn 0.8023 0.4748 0.3616
vn 0.7006 0.4821 0.5260
vn 0.5826 0.4696 0.6634
vn 0.5719 0.4056 0.7130
vn 0.7586 0.3844 0.5261
vn 0.5189 0.3391 0.7847
vn 0.1060 0.2265 0.9682
vn 0.1178 0.2558 0.9595
vn 0.1611 0.2585 0.9525
vn 0.6837 0.3368 0.6474
vn 0.4372 0.2923 0.8505
vn 0.2040 0.2383 0.9495
vn 0.2927 0.2657 0.9185
vn 0.4226 0.2782 0.8625
vn 0.5723 0.3456 0.7436
vn 0.8031 0.3675 0.4689
vn 0.8596 0.4234 0.2859
vn 0.8768 0.4708 -0.0978
vn 0.9591 0.1830 0.2161
vn 0.8818 -0.0242 0.4710
vn 0.7751 -0.1119 0.6218
vn 0.7775 0.2355 0.5831
vn 0.6178 -0.1157 0.7778
vn 0.6622 0.1475 0.7346
vn 0.7900 -0.1217 0.6009
vn 0.8539 0.0607 0.5169
vn 0.7581 -0.0462 0.6505
vn 0.5307 -0.0235 0.8473
vn 0.5872 0.2713 0.7626
vn 0.2871 0.1222 0.9501
vn 0.2169 -0.0659 0.9740
vn 0.3191 -0.0346 0.9471
vn 0.1756 0.3260 0.9289
vn 0.0107 -0.0899 0.9959
vn 0.0376 -0.0816 0.9960
vn 0.1472 0.1059 0.9834
vn 0.3760 0.1305 0.9174
vn -0.0742 0.1880 0.9794
vn -0.0041 0.1698 0.9855
vn 0.0332 0.0701 0.9970
vn -0.0423 -0.0207 0.9989
vn -0.1637 -0.0226 0.9862
vn -0.0323 0.0898 0.9954
vn -0.1341 0.1739 0.9756
vn 0.0116 0.2027 0.9792
vn -0.1338 0.2303 0.9639
vn -0.2098 0.2214 0.9524
vn -0.4005 0.1378 0.9059
vn -0.4579 0.2337 0.8578
vn -0.6911 0.1326 0.7105
vn -0.1883 0.2460 0.9508
vn -0.1429 0.2488 0.9580
vn -0.3206 0.2474 0.9143
vn -0.6054 0.2768 0.7462
vn -0.4603 0.2679 0.8464
vn -0.6268 0.2989 0.7196
vn -0.5806 0.3422 0.7388
vn -0.7114 0.3386 0.6159
vn -0.7612 0.4325 0.4832
vn -0.6225 0.4442 0.6443
vn -0.7491 0.4627 0.4741
vn -0.8255 0.3824 0.4152
vn -0.8528 0.4399 0.2814
vn -0.7882 0.5563 0.2633
vn -0.8222 0.5593 0.1057
vn -0.7818 0.6199 -0.0672
vn -0.7305 0.6082 -0.3106
vn -0.8648 0.4904 0.1077
vn -0.8282 0.5254 -0.1952
vn -0.6780 0.5721 -0.4616
vn -0.7299 0.5222 -0.4410
vn -0.5976 0.5699 -0.5640
vn -0.5661 0.5298 -0.6316
vn -0.4640 0.5900 -0.6608
vn -0.0763 0.5660 -0.8209
vn -0.0978 0.5760 -0.8116
vn -0.0863 0.5703 -0.8169
vn -0.0990 0.5703 -0.8154
vn -0.1625 0.5862 -0.7937
vn -0.1417 0.5315 -0.8351
vn -0.0320 0.5757 -0.8170
vn -0.0579 0.4614 -0.8853
vn -0.2957 0.5969 -0.7459
vn -0.3561 0.5602 -0.7479
vn -0.2205 0.3898 -0.8941
vn -0.0191 0.0248 -0.9995
vn -0.0477 0.2143 -0.9756
vn -0.5166 0.3550 -0.7792
vn -0.0811 -0.1558 -0.9845
vn -0.0166 -0.1819 -0.9832
vn -0.3360 -0.0387 -0.9411
vn -0.1670 -0.2124 -0.9628
vn -0.5724 -0.0449 -0.8187
vn -0.0186 -0.0366 -0.9992
vn -0.0057 0.0918 -0.9958
vn -0.1432 0.1279 -0.9814
vn -0.0489 0.3259 -0.9441
vn -0.2548 -0.1283 -0.9584
vn -0.2035 0.4027 -0.8924
vn -0.2133 0.3177 -0.9239
vn -0.2853 0.5597 -0.7780
vn -0.4423 0.4677 -0.7652
vn -0.0130 0.4563 -0.8897
vn -0.6493 0.5424 -0.5331
vn -0.3973 0.7153 -0.5749
vn -0.6755 0.7140 -0.1844
vn -0.8533 0.4940 -0.1667
vn -0.8284 0.4600 0.3195
vn -0.1908 0.6341 -0.7494
vn -0.7015 0.6944 0.1602
vn -0.5872 0.6139 0.5276
vn -0.5234 0.3942 0.7554
vn -0.2716 0.9478 -0.1671
vn -0.1356 0.8919 -0.4315
vn -0.3633 -0.1151 -0.9245
vn -0.2865 0.3305 -0.8993
vn -0.3093 0.0766 -0.9479
vn -0.2065 0.7961 -0.5689
vn -0.4793 -0.1706 -0.8609
vn -0.1510 0.9783 -0.1416
vn -0.3763 0.9087 0.1805
vn -0.2451 0.9437 0.2221
vn -0.3268 0.8547 0.4035
vn -0.3285 0.8475 0.4169
vn -0.0797 0.3217 0.9435
vn -0.5684 -0.3945 0.7221
vn -0.2706 0.6002 0.7527
vn -0.3151 0.7581 0.5710
vn -0.4134 0.7444 0.5244
vn -0.4546 0.6169 0.6425
vn -0.1524 0.6525 0.7423
vn -0.3733 0.6153 0.6943
vn -0.5963 0.4873 0.6380
vn -0.0153 0.4719 0.8815
vn 0.2982 0.5735 0.7630
vn 0.2773 0.8759 0.3949
vn 0.0828 0.6480 0.7571
vn -0.0530 0.5552 0.8300
vn 0.2621 0.7492 0.6083
vn 0.1788 0.9584 0.2227
vn 0.2704 0.8665 0.4197
vn 0.3586 0.7698 0.5280
vn 0.4051 0.6465 0.6465
vn 0.3164 0.6390 0.7011
vn 0.0081 0.6080 0.7939
vn 0.2548 0.5394 0.8026
vn -0.0100 0.0930 0.9956
vn -0.0300 0.5495 0.8349
vn -0.0188 0.3430 0.9391
vn -0.2144 -0.0802 0.9734
vn -0.2473 0.1245 0.9609
vn -0.4097 -0.0760 0.9091
vn -0.7120 -0.0976 0.6954
vn -0.6660 -0.1901 0.7213
vn -0.5703 -0.0830 0.8173
vn -0.5961 0.2358 0.7675
vn -0.2597 0.4036 0.8773
vn -0.8081 -0.1644 0.5656
vn -0.2341 0.5786 0.7813
vn 0.0212 0.6306 0.7758
vn -0.0103 0.6107 0.7918
vn -0.0010 0.6438 0.7652
vn -0.6636 0.3940 0.6359
vn -0.7539 0.3651 0.5462
vn -0.8214 0.2461 0.5146
vn -0.8817 0.1434 0.4495
vn -0.9391 0.0432 0.3410
vn -0.9577 -0.0678 0.2798
vn -0.9748 -0.1334 0.1788
vn -0.9690 -0.2010 0.1436
vn -0.9822 -0.1527 -0.1094
vn -0.9933 0.0187 -0.1141
vn -0.9955 0.0238 -0.0920
vn -0.9962 0.0875 0.0011
vn -0.8204 0.4469 0.3568
vn -0.8569 -0.2879 -0.4276
vn -0.8551 -0.2395 -0.4599
vn -0.9106 -0.1107 0.3982
vn -0.8381 0.0210 0.5452
vn -0.8745 -0.1298 0.4673
vn -0.9535 -0.1870 0.2364
vn -0.9078 0.0383 0.4177
vn -0.8200 0.2602 0.5099
vn -0.9575 0.0722 0.2792
vn -0.7571 0.3443 0.5551
vn -0.8882 0.3669 0.2767
vn -0.9156 0.3928 -0.0860
vn -0.9989 0.0061 0.0464
vn -0.7813 0.3287 -0.5306
vn -0.9352 0.1199 -0.3331
vn -0.6609 0.3510 -0.6634
vn -0.8666 0.2453 -0.4346
vn -0.9255 0.1684 -0.3393
vn -0.8010 -0.1957 -0.5658
vn -0.6814 -0.2446 -0.6898
vn -0.8611 -0.2497 -0.4430
vn -0.4595 -0.2310 -0.8576
vn -0.7154 -0.2793 -0.6405
vn -0.9905 -0.1325 -0.0378
vn -0.9451 -0.1430 -0.2939
vn -0.9848 0.1648 0.0539
vn -0.9599 -0.1582 0.2316
vn -0.9475 0.0973 0.3045
vn -0.9800 0.0597 0.1900
vn -0.9824 0.1107 -0.1504
vn -0.4198 -0.4945 0.7611
vn 0.0090 -0.4532 0.8913
vn -0.0035 -0.5241 0.8516
vn -0.2594 -0.5945 0.7611
vn -0.6153 -0.5943 0.5179
vn -0.6282 -0.7573 0.1784
vn -0.8194 -0.5505 0.1600
vn -0.7956 -0.5141 -0.3206
vn -0.3350 -0.7575 0.5603
vn -0.6629 -0.7265 -0.1812
vn -0.1919 -0.4374 0.8786
vn -0.5176 -0.6809 -0.5181
vn -0.5231 -0.3295 -0.7860
vn -0.0030 -0.3094 0.9509
vn -0.1283 -0.1607 0.9786
vn -0.1804 -0.6706 0.7195
vn -0.0186 -0.0035 0.9998
vn -0.0039 0.0443 0.9990
vn -0.1311 0.0913 0.9872
vn -0.0360 0.1921 0.9807
vn -0.3048 0.0756 0.9494
vn -0.1934 0.1877 0.9630
vn -0.0893 0.1363 0.9866
vn -0.0270 -0.0059 0.9996
vn -0.1484 -0.2248 0.9630
vn -0.0066 -0.4453 0.8954
vn -0.0831 -0.4894 0.8681
vn 0.0057 -0.5746 0.8184
vn -0.0618 -0.5756 0.8154
vn -0.0489 -0.5752 0.8166
vn -0.0653 -0.5808 0.8114
vn -0.0456 -0.5704 0.8201
vn -0.1306 -0.5909 0.7961
vn -0.2157 -0.5696 0.7931
vn -0.2707 -0.6090 0.7456
vn -0.4364 -0.6157 0.6561
vn -0.4166 -0.5874 0.6938
vn -0.5613 -0.6061 0.5636
vn -0.6181 -0.5615 0.5501
vn -0.6471 -0.6054 0.4635
vn -0.3014 -0.4325 0.8498
vn -0.7191 -0.5764 0.3880
vn -0.7108 -0.6292 0.3143
vn -0.4283 -0.1448 0.8919
vn -0.7425 -0.6208 -0.2516
vn -0.7758 -0.5620 -0.2869
vn -0.7561 -0.6530 0.0441
vn -0.7121 -0.5023 -0.4906
vn -0.7963 -0.4810 -0.3669
vn -0.6152 -0.4518 -0.6461
vn -0.5764 -0.3995 -0.7129
vn -0.7597 -0.3956 -0.5160
vn -0.5344 -0.3320 -0.7773
vn -0.1452 -0.2583 -0.9551
vn -0.0358 -0.2083 -0.9774
vn -0.1685 -0.2502 -0.9534
vn -0.6996 -0.3784 -0.6062
vn -0.4402 -0.2918 -0.8492
vn -0.5476 -0.3216 -0.7725
vn -0.2812 -0.2650 -0.9223
vn -0.4302 -0.2699 -0.8614
vn -0.3707 -0.1516 -0.9163
vn -0.8044 -0.4743 -0.3578
vn -0.8264 -0.5514 -0.1139
vn -0.7922 -0.5886 0.1611
vn -0.8892 -0.4538 0.0578
vn -0.5834 -0.4773 0.6571
vn -0.7979 -0.4150 0.4371
vn -0.5544 -0.3105 0.7722
vn -0.7890 -0.2338 0.5682
vn -0.6297 -0.3004 0.7164
vn -0.3367 0.1051 0.9357
vn -0.4673 0.1960 0.8621
vn -0.6089 0.1361 0.7815
vn -0.5109 0.2243 0.8299
vn -0.2826 -0.1030 0.9537
vn -0.1914 0.1985 0.9612
vn -0.2698 -0.3490 0.8975
vn 0.5736 -0.5630 0.5950
vn -0.0709 -0.8959 0.4385
vn -0.6843 0.2511 0.6846
vn -0.6992 0.1963 0.6875
vn -0.2429 -0.9578 0.1538
vn 0.6537 -0.7305 0.1976
vn -0.8702 0.2313 0.4350
vn -0.9830 0.0772 0.1667
vn -0.9883 -0.1254 -0.0864
vn -0.9980 -0.0402 0.0483
vn -0.8602 0.1907 0.4730
vn -0.9931 -0.0693 0.0944
vn -0.7026 0.2052 0.6813
vn -0.9993 0.0275 0.0239
vn -0.9958 -0.0425 0.0807
vn -0.9993 -0.0201 0.0312
vn 0.7320 0.4710 -0.4923
vn -0.9356 -0.0661 -0.3469
vn -0.9644 -0.0118 -0.2643
vn -0.9724 0.1624 0.1672
vn -0.9701 0.1257 -0.2074
vn -0.8487 -0.2516 -0.4651
vn -0.8400 -0.2940 -0.4560
vn -0.4482 -0.3987 -0.8001
vn -0.6404 -0.4860 -0.5947
vn -0.3568 -0.7707 -0.5280
vn -0.3469 -0.7901 -0.5054
vn -0.2597 -0.7699 -0.5830
vn 0.4884 -0.7682 -0.4139
vn -0.2659 -0.8724 -0.4101
vn 0.5838 -0.7950 -0.1648
vn -0.3236 -0.9312 -0.1678
vn -0.2929 -0.6255 -0.7232
vn -0.3901 -0.3946 -0.8320
vn -0.2299 -0.6630 -0.7124
vn -0.0898 -0.6790 -0.7287
vn 0.0038 -0.4575 -0.8892
vn 0.0226 -0.3089 -0.9508
vn 0.4229 -0.3646 -0.8296
vn 0.0341 -0.5914 -0.8056
vn 0.0714 -0.6338 -0.7702
vn -0.0081 -0.6178 -0.7863
vn 0.2629 -0.5915 -0.7622
vn -0.0586 -0.5878 -0.8069
vn -0.0286 -0.6394 -0.7683
vn -0.6291 -0.4345 -0.6445
vn -0.7808 -0.1082 -0.6153
vn -0.4179 -0.3549 -0.8363
vn -0.9152 0.0716 -0.3967
vn -0.6163 0.0490 -0.7860
vn -0.4047 -0.0481 -0.9132
vn -0.7955 0.1177 -0.5944
vn -0.1194 -0.3456 -0.9308
vn -0.8320 0.0974 0.5462
vn -0.6337 -0.1581 0.7573
vn -0.8000 -0.2161 0.5598
vn -0.9601 0.0885 0.2655
vn -0.9015 -0.3149 0.2970
vn -0.9946 0.0808 -0.0649
vn -0.9581 -0.2860 -0.0130
vn -0.9556 0.0549 -0.2895
vn -0.8670 0.1410 -0.4780
vn -0.8938 0.0726 -0.4425
vn -0.9388 -0.0830 -0.3342
vn -0.6675 0.1464 -0.7301
vn -0.1677 -0.0837 -0.9823
vn -0.2135 0.0895 -0.9728
vn 0.0031 -0.0954 -0.9954
vn -0.3282 0.0227 -0.9443
vn 0.0114 -0.5583 -0.8296
vn 0.0180 -0.3470 -0.9377
vn 0.2251 -0.3276 -0.9176
vn 0.0812 -0.6544 -0.7517
vn 0.5675 -0.6441 -0.5130
vn 0.5499 -0.2952 -0.7813
vn 0.8302 -0.4566 -0.3200
vn 0.7143 -0.6835 -0.1505
vn 0.6737 -0.7161 0.1828
vn 0.8533 -0.4951 0.1635
vn 0.6442 -0.5573 0.5238
vn 0.4274 -0.7211 0.5454
vn 0.4654 -0.5067 0.7257
vn 0.2979 -0.5324 0.7923
vn 0.1185 -0.6542 0.7469
vn 0.0518 -0.4066 0.9121
vn 0.1908 -0.4097 0.8920
vn 0.0138 -0.1382 0.9903
vn 0.1890 -0.6382 0.7463
vn 0.1947 -0.0859 0.9771
vn 0.0016 0.0681 0.9977
vn 0.0107 -0.0073 0.9999
vn 0.1071 0.0898 0.9902
vn 0.0179 0.1947 0.9807
vn 0.1633 0.2015 0.9658
vn 0.3266 0.1255 0.9368
vn 0.2335 0.1298 0.9636
vn 0.0363 -0.0084 0.9993
vn 0.1388 -0.2269 0.9640
vn 0.0330 -0.4410 0.8969
vn 0.1096 -0.4795 0.8707
vn 0.0252 -0.5731 0.8191
vn 0.0921 -0.5703 0.8163
vn 0.0653 -0.5712 0.8182
vn 0.0965 -0.5775 0.8106
vn 0.0736 -0.5694 0.8187
vn 0.1237 -0.5764 0.8077
vn 0.4442 -0.5630 0.6969
vn 0.2958 -0.5975 0.7453
vn 0.1807 -0.5854 0.7903
vn 0.2751 -0.4769 0.8348
vn 0.5001 -0.4714 0.7264
vn 0.4086 -0.1711 0.8965
vn 0.6191 -0.1748 0.7656
vn 0.7291 -0.4394 -0.5247
vn 0.6374 -0.4186 -0.6469
vn 0.7499 -0.4721 -0.4635
vn 0.6051 -0.3614 -0.7094
vn 0.8067 -0.5357 -0.2495
vn 0.7834 -0.5662 -0.2561
vn 0.8411 -0.4079 -0.3552
vn 0.1753 -0.2667 -0.9477
vn -0.1807 -0.9104 -0.3721
vn 0.2864 -0.2570 -0.9230
vn 0.7982 -0.3684 -0.4766
vn 0.5553 -0.2902 -0.7794
vn 0.7253 -0.3003 -0.6195
vn 0.4576 -0.2530 -0.8524
vn 0.6012 -0.2617 -0.7550
vn 0.4971 -0.2442 -0.8326
vn 0.0004 -0.2194 -0.9756
vn 0.2314 -0.1932 -0.9535
vn 0.7907 -0.6105 0.0458
vn 0.8279 -0.5459 0.1289
vn 0.7443 -0.5849 0.3225
vn 0.8738 -0.4761 -0.0989
vn 0.8895 -0.3489 -0.2951
vn 0.7580 -0.5306 0.3793
vn 0.6835 -0.5613 0.4667
vn 0.6392 -0.5353 0.5522
vn 0.5982 -0.5687 0.5645
vn 0.4682 -0.5863 0.6611
vn 0.7744 -0.4201 0.4731
vn 0.6541 -0.2676 0.7075
vn 0.8329 -0.1628 0.5289
vn 0.9772 -0.0999 0.1873
vn 0.9148 -0.3987 0.0654
vn 0.9162 -0.1852 -0.3555
vn 0.9678 0.0273 -0.2501
vn 0.9947 -0.0556 -0.0861
vn 0.9402 0.2374 -0.2444
vn 0.8823 -0.2710 0.3849
vn 0.9811 -0.1933 0.0082
vn 0.9332 -0.1063 -0.3433
vn 0.9381 -0.1960 0.2856
vn 0.7907 -0.0938 0.6050
vn 0.4130 0.2163 0.8847
vn 0.5805 0.0789 0.8104
vn 0.5919 0.2499 0.7663
vn 0.2674 -0.9508 0.1566
vn 0.1286 -0.8920 0.4334
vn 0.2930 -0.3370 0.8948
vn 0.2934 -0.0340 0.9554
vn 0.4200 0.1335 0.8977
vn -0.5345 -0.6010 0.5943
vn -0.6044 -0.7728 0.1937
vn 0.6812 0.2536 0.6868
vn 0.7066 0.2872 0.6467
vn 0.3754 -0.9137 -0.1554
vn -0.5295 -0.8313 -0.1692
vn 0.8461 0.2934 0.4451
vn 0.9784 0.1451 0.1470
vn 0.8771 -0.3601 -0.3177
vn 0.9984 -0.0537 0.0200
vn 0.8532 0.2345 0.4660
vn 0.9948 -0.0277 0.0978
vn 0.9187 -0.2622 0.2954
vn 0.8184 0.2558 0.5146
vn 0.9818 0.1492 -0.1177
vn 0.9702 0.1454 0.1939
vn -0.9959 0.0307 0.0851
vn 0.9428 -0.0362 -0.3313
vn 0.9558 0.0672 -0.2862
vn 0.9763 0.2022 -0.0770
vn 0.8863 -0.1155 -0.4485
vn 0.8192 -0.2448 -0.5187
vn 0.7735 -0.3507 -0.5279
vn 0.6760 -0.4710 -0.5667
vn 0.6769 -0.4181 -0.6058
vn 0.6288 -0.5781 -0.5200
vn 0.4083 -0.7528 -0.5164
vn 0.2911 -0.7264 -0.6225
vn -0.4371 -0.7962 -0.4183
vn 0.3268 -0.8481 -0.4171
vn 0.9369 0.1728 -0.3039
vn 0.1141 -0.5851 -0.8029
vn 0.3642 -0.5246 -0.7695
vn 0.8623 -0.0205 -0.5059
vn 0.6291 -0.2254 -0.7439
vn 0.7798 0.1090 -0.6165
vn 0.3686 -0.0019 -0.9296
vn 0.5750 0.1195 -0.8094
vn 0.8864 0.1635 0.4332
vn 0.7686 0.1790 0.6142
vn 0.9843 0.1381 -0.1096
vn 0.9353 0.1645 -0.3131
vn 0.8405 0.1945 -0.5056
vn 0.8397 0.1406 -0.5245
vn 0.8859 -0.1869 -0.4247
vn 0.8754 0.1217 -0.4679
vn 0.8721 -0.2169 -0.4387
vn 0.9636 0.2670 -0.0138
vn 0.8623 -0.1414 -0.4862
vn 0.6200 -0.0900 -0.7794
vn 0.0314 -0.2054 -0.9782
vn 0.0586 -0.1265 -0.9902
vn 0.2650 -0.0941 -0.9596
vn 0.0510 0.0259 -0.9984
vn -0.5168 0.0327 -0.8555
vn 0.0068 0.0715 -0.9974
vn 0.7399 0.0703 -0.6690
vn 0.3456 0.1055 -0.9324
vn 0.6325 0.1858 -0.7519
vn 0.1860 0.0768 -0.9795
vn 0.1345 -0.1557 -0.9786
vn -0.0022 0.0867 -0.9962
vn -0.6388 0.0563 -0.7673
vn -0.7601 0.1474 -0.6329
vn -0.1184 -0.1366 -0.9835
vn 0.0004 -0.0572 -0.9984
vn 0.0727 -0.1803 -0.9809
vn -0.5974 -0.1540 -0.7870
vn -0.7102 -0.1783 -0.6811
vn -0.6475 -0.3439 -0.6801
vn -0.8657 -0.4002 -0.3006
vn -0.9028 -0.1970 -0.3823
vn -0.8944 -0.0327 -0.4460
vn -0.8972 0.0244 -0.4410
vn -0.9784 -0.1770 -0.1066
vn -0.9948 -0.0474 -0.0899
vn -0.9477 -0.1429 0.2854
vn -0.9026 -0.2642 0.3399
vn -0.7630 -0.6132 -0.2046
vn -0.9568 -0.2906 -0.0063
vn -0.9657 -0.2593 0.0118
vn -0.3246 -0.9430 -0.0735
vn 0.2923 -0.8511 -0.4362
vn 0.2876 -0.8531 -0.4353
vn 0.3794 -0.7755 -0.5046
vn 0.3789 -0.7746 -0.5064
vn 0.4888 -0.7532 -0.4401
vn 0.4834 -0.7544 -0.4441
vn 0.6081 -0.7291 -0.3139
vn 0.6035 -0.7299 -0.3210
vn 0.6528 -0.7268 -0.2135
vn 0.6524 -0.7262 -0.2166
vn 0.6483 -0.7392 -0.1826
vn 0.6504 -0.7371 -0.1836
vn 0.7492 -0.6012 -0.2780
vn 0.7578 -0.5932 -0.2718
vn 0.6514 -0.7324 -0.1979
vn 0.6487 -0.7348 -0.1982
vn 0.6721 -0.7240 -0.1553
vn 0.6917 -0.7067 -0.1490
vn 0.9939 0.0265 0.1073
vn 0.9583 0.0371 0.2833
vn 0.7690 -0.6375 0.0472
vn 0.7337 -0.6755 0.0730
vn 0.6199 -0.7841 0.0298
vn 0.6170 -0.7863 0.0302
vn 0.5871 -0.8082 0.0468
vn 0.5856 -0.8092 0.0471
vn 0.5594 -0.8271 0.0539
vn 0.5581 -0.8280 0.0544
vn 0.5293 -0.8446 0.0801
vn 0.5276 -0.8455 0.0822
vn 0.4763 -0.8695 0.1308
vn 0.4734 -0.8707 0.1332
vn 0.4069 -0.8962 0.1768
vn 0.4054 -0.8967 0.1776
vn 0.3736 -0.9072 0.1932
vn 0.3729 -0.9075 0.1933
vn -0.9689 -0.2288 0.0938
vn -0.9729 -0.2304 0.0192
vn -0.9703 -0.2407 0.0228
vn -0.9680 -0.2274 0.1065
vn -0.9411 -0.2857 -0.1808
vn -0.9175 -0.3314 -0.2200
vn -0.9600 -0.2755 0.0506
vn -0.9550 -0.2918 0.0542
vn -0.9289 -0.3566 0.1003
vn 0.0367 0.7285 -0.6841
vn 0.1626 0.5969 -0.7857
vn -0.1699 0.6187 0.7671
vn -0.2057 0.6420 0.7385
vn -0.1208 0.6596 0.7419
vn -0.3534 0.8071 0.4729
vn -0.2726 0.6910 0.6694
vn -0.3587 0.6102 0.7064
vn 0.2244 0.6374 -0.7372
vn 0.5672 0.6572 -0.4964
vn 0.4049 0.6264 -0.6661
vn -0.0080 0.5592 -0.8290
vn -0.2549 0.6182 -0.7436
vn -0.0578 0.6077 -0.7920
vn -0.4409 0.5967 -0.6705
vn -0.6050 0.6182 -0.5018
vn -0.4261 0.7362 -0.5258
vn -0.7680 0.6117 -0.1897
vn -0.1443 0.8449 -0.5150
vn -0.5821 0.7759 -0.2432
vn -0.8037 0.5498 0.2278
vn -0.3891 0.8960 -0.2140
vn -0.6309 0.7687 0.1048
vn -0.6077 0.5172 0.6027
vn -0.4555 0.8808 0.1294
vn -0.5555 0.7096 0.4334
vn -0.3445 0.4029 0.8479
vn -0.3451 0.4436 0.8272
vn -0.2597 0.5980 0.7583
vn 0.6586 -0.4928 0.5687
vn 0.6600 -0.4946 0.5654
vn 0.7657 -0.5828 0.2720
vn 0.5573 -0.4449 0.7011
vn 0.1090 -0.8991 -0.4240
vn 0.5115 0.0034 -0.8593
vn 0.0958 -0.8600 -0.5012
vn 0.0163 -0.4625 -0.8865
vn -0.0109 -0.4743 -0.8803
vn -0.2242 -0.5926 -0.7736
vn -0.1450 -0.5974 -0.7887
vn -0.1627 -0.7115 -0.6836
vn 0.8160 -0.4866 -0.3120
vn 0.9375 -0.0643 0.3419
vn 0.6613 -0.0282 0.7496
vn 0.9266 -0.3182 0.2004
vn 0.8318 -0.0835 0.5487
vn 0.8353 -0.0662 0.5458
vn 0.8158 -0.0844 0.5721
vn -0.4907 -0.3599 -0.7935
vn -0.6737 -0.4091 -0.6155
vn -0.6711 -0.4076 -0.6193
vn -0.7795 -0.5651 -0.2703
vn 0.4860 -0.8468 -0.2162
vn 0.8109 -0.0177 -0.5849
vn 0.7115 0.2289 -0.6644
vn 0.4277 -0.9018 0.0626
vn 0.5142 -0.5030 0.6947
vn 0.5523 -0.2464 0.7964
vn 0.5674 -0.3715 0.7348
vn 0.6555 -0.5585 0.5083
vn 0.2656 -0.6580 0.7046
vn 0.8899 0.3512 0.2912
vn 0.9960 -0.0892 -0.0071
vn 0.8875 0.4294 0.1675
vn 0.3627 0.9159 -0.1718
vn 0.4670 0.8318 -0.3000
vn 0.5958 0.0468 -0.8017
vn 0.1279 0.0559 -0.9902
vn 0.0780 -0.1790 -0.9807
vn -0.2129 -0.2026 -0.9558
vn -0.7879 0.5653 -0.2442
vn -0.8782 0.3967 -0.2671
vn -0.7150 0.3582 -0.6003
vn -0.6442 0.3989 -0.6526
vn -0.7287 0.4463 0.5194
vn -0.8020 0.2870 0.5239
vn -0.9085 0.4100 -0.0809
vn -0.9010 0.4170 0.1201
vn -0.3408 -0.3829 0.8586
vn -0.6561 -0.4303 0.6200
vn -0.8494 -0.2276 0.4761
vn -0.3892 0.5348 0.7500
vn -0.3037 0.5912 0.7472
vn 0.8815 0.1599 -0.4443
vn 0.6385 -0.7023 -0.3148
vn 0.8735 0.1071 -0.4749
vn 0.4609 -0.7781 -0.4267
vn -0.3283 -0.6163 -0.7158
vn -0.2113 -0.6487 -0.7312
vn -0.3106 -0.7977 -0.5169
vn -0.3090 -0.8002 -0.5141
vn -0.4336 -0.7842 -0.4440
vn -0.4281 -0.7850 -0.4478
vn -0.5552 -0.7682 -0.3187
vn -0.5506 -0.7686 -0.3256
vn -0.6009 -0.7688 -0.2188
vn -0.6006 -0.7681 -0.2219
vn -0.5953 -0.7809 -0.1892
vn -0.5938 -0.7824 -0.1877
vn -0.3191 -0.9459 -0.0593
vn -0.3381 -0.9399 -0.0487
vn -0.5988 -0.7776 -0.1916
vn -0.6005 -0.7758 -0.1937
vn -0.6237 -0.7666 -0.1529
vn -0.6321 -0.7598 -0.1520
vn -0.9051 -0.4147 0.0939
vn -0.9305 -0.3617 0.0577
vn -0.9122 -0.2885 0.2911
vn -0.9031 -0.3015 0.3060
vn -0.5782 -0.8156 0.0225
vn -0.5682 -0.8226 0.0187
vn -0.5320 -0.8457 0.0417
vn -0.5305 -0.8466 0.0419
vn -0.5034 -0.8627 0.0491
vn -0.5021 -0.8634 0.0497
vn -0.4725 -0.8781 0.0758
vn -0.4708 -0.8788 0.0779
vn -0.4183 -0.8994 0.1269
vn -0.4154 -0.9004 0.1293
vn -0.3420 -0.9233 0.1746
vn -0.3387 -0.9244 0.1753
vn -0.3109 -0.9376 0.1556
vn 0.9742 -0.1957 0.1121
vn 0.9367 -0.2115 -0.2791
vn 0.9904 -0.1091 0.0853
vn 0.7748 -0.0865 0.6263
vn 0.9549 -0.1647 0.2470
vn 0.9475 -0.2252 0.2269
vn 0.8855 -0.1938 -0.4224
vn 0.8869 -0.1918 -0.4203
vn 0.9954 -0.0959 -0.0042
vn 0.9955 -0.0942 0.0131
vn -0.0317 -0.9962 -0.0813
vn 0.0502 -0.9966 -0.0651
vn 0.5262 -0.8425 0.1148
vn -0.0455 -0.9660 0.2545
vn -0.0080 -0.9985 -0.0550
vn -0.1390 -0.9867 -0.0838
vn -0.0049 -0.9648 0.2630
vn -0.0658 -0.7922 0.6067
vn -0.0236 -0.7522 0.6585
vn -0.0782 -0.5101 0.8566
vn -0.0496 -0.4274 0.9027
vn -0.0920 -0.0476 0.9946
vn -0.0764 -0.0533 0.9956
vn -0.1050 0.3237 0.9403
vn -0.0979 0.3246 0.9408
vn -0.1178 0.6641 0.7383
vn -0.0962 0.6371 0.7647
vn -0.2442 0.9558 0.1640
vn -0.1553 0.9733 -0.1690
vn -0.1442 0.8757 0.4609
vn -0.1254 0.8954 0.4273
vn -0.1276 0.9894 0.0687
vn -0.1209 0.9446 -0.3050
vn -0.0979 0.7854 -0.6113
vn -0.1106 0.7655 -0.6339
vn -0.2185 0.4718 -0.8542
vn -0.0946 0.4412 -0.8924
vn -0.1829 0.0009 -0.9831
vn -0.0679 0.0695 -0.9953
vn 0.0961 -0.7910 -0.6042
vn 0.2517 -0.7787 -0.5747
vn -0.0378 -0.3503 -0.9359
vn -0.0993 -0.3590 -0.9280
vn -0.0490 -0.7315 -0.6800
vn -0.0985 0.3617 -0.9271
vn -0.1057 -0.4143 -0.9040
vn 0.0373 0.5890 -0.8073
vn -0.0051 0.0718 -0.9974
vn -0.1375 0.9899 0.0350
vn -0.1287 0.9301 -0.3439
vn -0.1357 0.7595 -0.6362
vn -0.1378 0.8976 0.4187
vn -0.1195 -0.3838 -0.9156
vn -0.1332 0.1689 -0.9766
vn -0.1455 0.5346 -0.8325
vn -0.1037 0.7746 -0.6238
vn -0.1003 0.9369 -0.3350
vn -0.0639 -0.7754 -0.6282
vn -0.0309 -0.9237 -0.3818
vn -0.0420 -0.9980 -0.0465
vn -0.0157 -0.9918 -0.1271
vn -0.1022 -0.9732 -0.2058
vn 0.0426 -0.9978 -0.0506
vn 0.5132 -0.8312 -0.2140
vn -0.0752 -0.7166 -0.6934
vn -0.1257 0.1916 -0.9734
vn -0.0698 -0.3074 -0.9490
vn -0.0719 0.6053 -0.7927
vn -0.0696 -0.6810 -0.7290
vn 0.4387 -0.2157 -0.8724
vn 0.7988 0.3325 0.5014
vn 0.9562 -0.2926 -0.0104
vn 0.9565 -0.2917 -0.0106
vn 0.7472 -0.6146 -0.2529
vn 0.8148 -0.4709 -0.3382
vn 0.8153 -0.4698 -0.3384
vn 0.8948 -0.3291 -0.3017
vn 0.8947 -0.3292 -0.3019
vn 0.9534 -0.2490 -0.1705
vn 0.9531 -0.2493 -0.1716
vn 0.9726 -0.2324 -0.0095
vn 0.9725 -0.2328 -0.0097
vn 0.9516 -0.2698 0.1473
vn 0.9514 -0.2701 0.1480
vn 0.8901 -0.3687 0.2681
vn 0.8902 -0.3684 0.2679
vn 0.8054 -0.5193 0.2858
vn 0.8066 -0.5169 0.2867
vn 0.7297 -0.6531 0.2025
vn 0.4044 -0.3430 0.8478
vn -0.0674 -0.4390 0.8959
vn 0.8686 0.2583 -0.4230
vn -0.0639 -0.7735 0.6305
vn 0.9562 -0.2927 -0.0090
vn 0.9565 -0.2916 -0.0083
vn -0.0825 -0.8184 0.5687
vn -0.1128 -0.4353 0.8932
vn -0.0070 0.5346 0.8451
vn -0.0945 0.7283 0.6787
vn -0.1513 0.0353 0.9879
vn -0.1250 0.4338 0.8923
vn -0.0675 0.6948 0.7160
vn -0.1100 0.6923 0.7132
vn 0.0254 0.7416 0.6703
vn -0.0791 0.9956 0.0505
vn -0.0810 0.8960 0.4365
vn 0.0334 0.8332 -0.5520
vn 0.0683 0.9656 -0.2511
vn 0.1045 0.9910 0.0836
vn -0.5201 0.6703 -0.5293
vn 0.1056 0.8442 -0.5255
vn 0.1667 0.9575 -0.2356
vn 0.1783 0.9818 0.0650
vn 0.0667 0.9139 0.4005
vn 0.1480 0.9209 0.3606
vn 0.0777 0.7739 0.6285
vn 0.0196 -0.9976 -0.0665
vn 0.1135 -0.9905 -0.0779
vn -0.4703 -0.8752 0.1137
vn 0.1082 -0.9584 0.2642
vn 0.0779 -0.9963 -0.0375
vn 0.1875 -0.9760 -0.1109
vn 0.0684 -0.9650 0.2531
vn 0.1182 -0.7912 0.6001
vn 0.0696 -0.7470 0.6611
vn 0.1160 -0.4987 0.8590
vn 0.0744 -0.4231 0.9030
vn 0.0932 -0.0446 0.9946
vn 0.0658 -0.0589 0.9961
vn 0.0791 0.3294 0.9409
vn 0.0676 0.3316 0.9410
vn 0.0630 0.6720 0.7378
vn 0.0518 0.6417 0.7652
vn 0.0905 0.9780 -0.1878
vn 0.1986 0.9679 0.1540
vn 0.0810 0.8835 0.4613
vn 0.0628 0.9012 0.4289
vn 0.0608 0.9958 0.0689
vn 0.0509 0.9493 -0.3102
vn 0.0636 0.7776 -0.6255
vn 0.0635 0.7684 -0.6369
vn 0.1872 0.4705 -0.8623
vn 0.0714 0.4477 -0.8913
vn 0.1948 0.0098 -0.9808
vn 0.0771 0.0744 -0.9942
vn 0.1292 -0.3551 -0.9259
vn 0.0830 -0.3510 -0.9327
vn 0.0966 -0.7350 -0.6712
vn 0.6752 -0.5021 -0.5404
vn 0.0676 0.3517 -0.9337
vn 0.1391 -0.4062 -0.9031
vn -0.0645 0.5049 -0.8608
vn 0.0084 0.0730 -0.9973
vn 0.0646 0.9972 0.0379
vn 0.0700 0.9345 -0.3489
vn 0.1028 0.7439 -0.6604
vn 0.0697 0.9048 0.4201
vn 0.1525 -0.3706 -0.9162
vn 0.1304 0.1748 -0.9759
vn 0.1141 0.5456 -0.8302
vn 0.0586 0.7788 -0.6246
vn 0.0410 0.9410 -0.3359
vn 0.1259 -0.7695 -0.6262
vn 0.0983 -0.9231 -0.3718
vn 0.6845 -0.6402 -0.3487
vn 0.0765 -0.9924 -0.0966
vn 0.0965 -0.9941 -0.0488
vn 0.1992 -0.9685 -0.1496
vn 0.1724 -0.9083 -0.3813
vn 0.1084 -0.9923 -0.0605
vn 0.1379 -0.6991 -0.7016
vn -0.4012 -0.8952 -0.1938
vn 0.1044 0.1855 -0.9771
vn 0.1008 -0.2943 -0.9504
vn 0.0220 0.6070 -0.7944
vn 0.1188 -0.6845 -0.7192
vn -0.4180 -0.2420 -0.8756
vn -0.8980 -0.4301 0.0925
vn -0.9348 -0.3548 -0.0187
vn -0.9347 -0.3549 -0.0181
vn -0.7109 -0.6561 -0.2534
vn -0.7792 -0.5231 -0.3453
vn -0.7786 -0.5242 -0.3450
vn -0.8682 -0.3880 -0.3094
vn -0.8683 -0.3879 -0.3093
vn -0.9329 -0.3122 -0.1797
vn -0.9332 -0.3119 -0.1786
vn -0.9546 -0.2974 -0.0180
vn -0.9547 -0.2970 -0.0178
vn -0.9325 -0.3329 0.1399
vn -0.9327 -0.3326 0.1392
vn -0.8660 -0.4269 0.2603
vn -0.8658 -0.4272 0.2605
vn -0.7727 -0.5698 0.2798
vn -0.7714 -0.5719 0.2790
vn -0.4143 -0.3731 0.8302
vn -0.6806 -0.7049 0.1997
vn 0.0902 -0.4426 0.8922
vn 0.1212 -0.7681 0.6288
vn -0.8978 0.1556 -0.4121
vn -0.9344 -0.3558 -0.0177
vn -0.9347 -0.3548 -0.0188
vn 0.1371 -0.8136 0.5651
vn 0.1315 -0.4277 0.8943
vn 0.4277 0.3311 0.8411
vn -0.2212 0.4207 0.8798
vn 0.1454 0.0385 0.9886
vn 0.0948 0.4459 0.8900
vn 0.0374 0.6982 0.7149
vn 0.0632 0.6947 0.7165
vn -0.0902 0.7295 0.6780
vn 0.0161 0.8997 0.4361
vn 0.0100 0.9987 0.0509
vn -0.0789 0.8288 -0.5540
vn -0.1297 0.9591 -0.2516
vn -0.0434 0.6465 -0.7617
vn -0.0221 0.5687 -0.8223
vn -0.0376 0.6406 -0.7670
vn -0.1511 0.8348 -0.5294
vn -0.2279 0.9444 -0.2370
vn -0.1719 0.9811 0.0893
vn -0.2431 0.9680 0.0629
vn -0.1318 0.9052 0.4039
vn -0.2120 0.9088 0.3593
vn -0.1321 0.7675 0.6272
vn -0.0501 0.9984 0.0260
vn 0.0387 0.9966 0.0730
vn 0.0646 0.9624 -0.2639
vn 0.0447 0.9635 -0.2638
vn 0.0829 0.8249 -0.5592
vn 0.0815 0.7895 -0.6083
vn 0.0831 0.4052 -0.9105
vn 0.1153 0.4342 -0.8934
vn 0.0989 -0.1232 -0.9874
vn 0.0129 0.9994 0.0318
vn 0.0644 0.7970 -0.6006
vn 0.0297 -0.7475 -0.6636
vn -0.0647 -0.7983 -0.5987
vn 0.0341 -0.5395 -0.8413
vn -0.1160 -0.9271 -0.3565
vn 0.1528 -0.0317 -0.9878
vn 0.0831 0.5207 -0.8497
vn -0.0382 -0.9170 -0.3971
vn -0.1413 -0.9878 -0.0650
vn 0.1209 -0.4533 -0.8831
vn -0.0512 -0.9962 -0.0705
vn -0.1206 -0.9651 0.2325
vn 0.1067 -0.7222 -0.6834
vn -0.0350 -0.9640 0.2637
vn -0.0701 -0.8686 0.4904
vn 0.0847 -0.8978 -0.4321
vn 0.0231 -0.8295 0.5581
vn 0.0301 -0.6546 0.7554
vn 0.0908 -0.9941 -0.0587
vn 0.0926 -0.9398 0.3288
vn 0.1072 -0.7803 0.6162
vn 0.1074 -0.2032 0.9732
vn 0.0714 -0.2334 0.9698
vn 0.0888 0.2867 0.9539
vn 0.1374 -0.5438 0.8279
vn 0.1191 0.3734 0.9200
vn 0.0859 0.7095 0.6995
vn 0.0665 0.9235 0.3777
vn 0.0769 0.7516 0.6551
vn 0.0313 0.9399 0.3400
vn -0.0489 0.9948 0.0895
vn 0.0302 0.9984 0.0475
vn 0.1336 -0.1683 0.9766
vn 0.0171 0.9920 0.1250
vn 0.0212 0.7194 0.6943
vn -0.0056 0.4144 0.9101
vn -0.0407 -0.0839 0.9956
vn -0.0201 -0.4746 0.8800
vn 0.0880 0.2656 0.9601
vn 0.1659 0.3995 0.9016
vn 0.0383 0.7954 0.6048
vn 0.1405 0.9659 0.2177
vn 0.0643 0.3323 0.9410
vn 0.1108 -0.2696 0.9566
vn 0.1665 -0.1247 0.9781
vn 0.2050 -0.6138 0.7624
vn 0.1402 -0.8478 0.5115
vn 0.1483 -0.4728 0.8686
vn 0.1443 -0.9410 0.3062
vn 0.1418 -0.9843 -0.1047
vn 0.1566 -0.8206 0.5497
vn 0.1367 -0.9884 -0.0659
vn 0.1323 -0.7632 -0.6324
vn 0.1364 -0.9000 -0.4140
vn 0.1299 -0.6624 -0.7378
vn 0.1177 -0.1556 -0.9808
vn 0.1221 -0.3137 -0.9416
vn 0.0976 0.0651 -0.9931
vn 0.0683 0.5798 -0.8119
vn 0.0301 0.9520 -0.3046
vn 0.1281 0.9895 0.0670
vn -0.0250 0.9997 -0.0005
vn -0.1263 0.9523 -0.2779
vn -0.1184 0.9913 0.0579
vn -0.1027 0.9519 -0.2887
vn -0.1263 0.7811 -0.6115
vn -0.1331 0.8182 -0.5594
vn -0.1123 0.4115 -0.9045
vn -0.1399 0.4274 -0.8932
vn -0.0523 -0.1343 -0.9896
vn -0.0823 0.9965 0.0139
vn 0.0324 -0.5464 -0.8369
vn -0.0480 -0.4752 -0.8785
vn 0.1130 -0.7803 -0.6151
vn -0.1164 0.7926 -0.5985
vn 0.0440 -0.7510 -0.6588
vn 0.1802 -0.9173 -0.3551
vn -0.1397 -0.0430 -0.9893
vn -0.1070 0.5110 -0.8529
vn 0.1043 -0.9115 -0.3979
vn 0.2071 -0.9763 -0.0635
vn -0.0982 -0.4686 -0.8780
vn 0.1180 -0.9906 -0.0692
vn 0.1823 -0.9551 0.2336
vn -0.0588 -0.7166 -0.6950
vn 0.0962 -0.9606 0.2607
vn 0.1240 -0.8623 0.4910
vn -0.0197 -0.9007 -0.4339
vn 0.0235 -0.8319 0.5544
vn 0.0132 -0.6703 0.7420
vn -0.0292 -0.9979 -0.0576
vn -0.0333 -0.9439 0.3287
vn -0.0558 -0.7862 0.6155
vn -0.0651 -0.2312 0.9707
vn -0.1139 -0.2456 0.9626
vn -0.1142 0.2805 0.9530
vn -0.1094 -0.5564 0.8237
vn -0.1506 0.3599 0.9207
vn -0.1376 0.7056 0.6951
vn -0.2062 0.9740 0.0940
vn -0.1496 0.9870 0.0583
vn -0.1444 0.9123 0.3833
vn -0.1377 0.7454 0.6523
vn -0.1012 0.9343 0.3418
vn -0.0937 0.9943 0.0504
vn -0.1452 -0.1296 0.9809
vn -0.0386 0.3621 0.9313
vn -0.0700 0.9952 0.0681
vn -0.0767 0.7522 0.6544
vn 0.0550 -0.0729 0.9958
vn 0.0475 -0.4760 0.8782
vn -0.1221 0.2510 0.9602
vn -0.1952 0.3833 0.9028
vn -0.0964 0.8474 0.5222
vn -0.1076 0.5428 0.8330
vn -0.1063 -0.2447 0.9638
vn -0.1692 -0.1353 0.9762
vn -0.1476 -0.6196 0.7709
vn -0.0900 -0.8635 0.4963
vn -0.1211 -0.4781 0.8699
vn -0.0776 -0.9470 0.3116
vn -0.0730 -0.9897 -0.1230
vn -0.0760 -0.8242 0.5612
vn -0.0627 -0.9955 -0.0707
vn -0.0810 -0.7674 -0.6360
vn -0.0609 -0.9043 -0.4226
vn -0.0676 -0.6771 -0.7327
vn -0.0933 -0.1611 -0.9825
vn -0.0851 -0.3355 -0.9382
vn -0.0923 0.0620 -0.9938
vn -0.0986 0.5767 -0.8110
vn -0.0863 0.9504 -0.2989
vn -0.1937 0.9791 0.0613
vn -0.9918 -0.1265 0.0189
vn -0.9922 -0.1228 -0.0199
vn -0.9922 -0.1232 -0.0189
vn -0.9918 -0.1264 0.0198
vn -0.8397 0.3834 -0.3846
vn -0.9929 -0.1080 0.0500
vn -0.8106 0.2094 -0.5469
vn -0.9963 -0.0649 0.0563
vn -0.9977 -0.0369 0.0561
vn -0.9976 -0.0328 0.0614
vn -0.9970 -0.0268 0.0722
vn -0.9970 -0.0268 0.0725
vn -0.7691 -0.5845 -0.2585
vn -0.9970 -0.0225 0.0747
vn -0.7915 -0.6097 -0.0430
vn -0.9996 -0.0113 0.0267
vn -0.7792 -0.6074 0.1543
vn -0.9992 -0.0092 -0.0399
vn -0.7920 -0.5004 0.3498
vn -0.9972 -0.0255 -0.0697
vn -0.9961 -0.0489 -0.0741
vn -0.9961 -0.0486 -0.0741
vn -0.9951 -0.0681 -0.0719
vn -0.9951 -0.0681 -0.0720
vn -0.9942 -0.0806 -0.0706
vn -0.9942 -0.0809 -0.0709
vn -0.9937 -0.0873 -0.0701
vn -0.9960 -0.0804 -0.0394
vn -0.9923 -0.1167 -0.0404
vn -0.9921 -0.1235 -0.0215
vn -0.9922 -0.1231 -0.0203
vn 0.9983 -0.0568 -0.0103
vn 0.9983 -0.0564 -0.0113
vn 0.9978 -0.0601 0.0283
vn 0.9978 -0.0601 0.0274
vn 0.9974 -0.0417 0.0586
vn 0.8155 0.4387 -0.3775
vn 0.9979 0.0017 0.0649
vn 0.7995 0.2631 -0.5400
vn 0.9975 0.0297 0.0647
vn 0.9975 0.0296 0.0647
vn 0.9970 0.0338 0.0700
vn 0.9970 0.0337 0.0700
vn 0.9959 0.0397 0.0812
vn 0.9960 0.0396 0.0807
vn 0.9956 0.0436 0.0831
vn 0.8085 -0.5319 -0.2517
vn 0.9978 0.0554 0.0353
vn 0.8307 -0.5555 -0.0361
vn 0.9979 0.0574 -0.0313
vn 0.8167 -0.5541 0.1612
vn 0.9973 0.0411 -0.0610
vn 0.8206 -0.4466 0.3567
vn 0.9977 0.0179 -0.0655
vn 0.9977 0.0176 -0.0655
vn 0.9980 -0.0016 -0.0634
vn 0.9980 -0.0150 -0.0618
vn 0.9979 -0.0151 -0.0623
vn 0.9978 -0.0281 -0.0600
vn 0.9983 -0.0487 -0.0321
vn 0.9983 -0.0579 -0.0108
vn 0.0230 -0.5239 -0.8515
vn -0.3076 -0.2168 -0.9265
vn 0.3368 -0.1996 -0.9202
vn 0.3387 -0.0828 -0.9372
vn -0.3279 -0.1052 -0.9388
vn -0.1970 0.1964 -0.9605
vn 0.1856 0.2036 -0.9613
vn -0.3125 -0.4223 -0.8509
vn -0.2864 -0.2067 -0.9356
vn 0.3083 -0.1869 -0.9327
vn 0.3399 -0.4371 -0.8327
vn 0.3205 -0.1283 -0.9385
vn -0.2926 -0.1213 -0.9485
vn -0.2063 -0.2636 -0.9423
vn 0.2298 -0.2495 -0.9407
vn -0.5104 -0.0523 -0.8583
vn 0.4976 -0.0216 -0.8671
vn 0.0202 -0.5870 -0.8093
vn 0.0215 -0.5891 -0.8078
vn -0.3902 -0.8826 -0.2624
vn 0.4498 -0.8456 -0.2874
vn 0.9940 0.0416 0.1012
vn 0.8895 0.2336 0.3927
vn 0.6010 0.4287 0.6746
vn 0.7548 -0.6543 0.0465
vn 0.5306 0.4848 0.6953
vn -0.5969 0.4144 0.6870
vn -0.5997 0.4216 0.6801
vn -0.9092 0.1687 0.3808
vn -0.8492 0.2671 0.4556
vn -0.7418 -0.6612 0.1123
vn 0.3085 -0.1626 -0.9372
vn -0.3730 0.5074 0.7768
vn 0.5209 0.7822 -0.3418
vn 0.7348 0.3706 0.5681
vn 0.9505 -0.1235 -0.2850
vn 0.3364 -0.1824 -0.9239
vn 0.8967 -0.0467 -0.4401
vn 0.7465 0.2063 0.6326
vn 0.9419 0.0032 -0.3360
vn 0.9182 0.0900 -0.3857
vn 0.8223 0.1291 0.5542
vn 0.9240 0.0914 -0.3713
vn -0.7644 0.1495 0.6271
vn -0.7671 0.3510 0.5370
vn -0.7104 0.0743 0.6999
vn 0.8264 -0.1559 0.5410
vn 0.8853 0.0943 -0.4553
vn 0.9336 -0.2966 -0.2009
vn 0.6250 -0.4736 0.6206
vn 0.7867 -0.5984 -0.1513
vn -0.8439 -0.2990 0.4454
vn -0.0029 -0.8978 0.4404
vn 0.2244 -0.9525 -0.2062
vn -0.7729 -0.6227 0.1215
vn -0.8815 -0.2874 -0.3746
vn -0.6950 0.2108 -0.6874
vn -0.8978 0.0197 -0.4399
vn -0.5210 -0.2896 -0.8029
vn -0.8962 0.0223 -0.4432
vn -0.9648 -0.0181 -0.2623
vn -0.7920 -0.1628 -0.5885
vn -0.9449 -0.1754 -0.2764
vn 0.1009 0.7007 0.7062
vn 0.0901 0.6052 0.7909
vn 0.0615 0.6579 0.7506
vn 0.0121 0.5380 0.8429
vn 0.1183 0.4621 0.8789
vn 0.1995 0.4271 0.8819
vn -0.1480 0.5972 0.7883
vn -0.1696 0.6850 0.7085
vn -0.1324 0.6362 0.7601
vn -0.0529 0.5499 0.8336
vn -0.1247 0.4662 0.8759
vn -0.1606 0.4431 0.8819
vn -0.9994 -0.0332 0.0070
vn -0.9994 -0.0342 0.0058
vn -0.7318 0.0053 0.6815
vn -0.6826 0.0184 0.7306
vn 0.6482 0.0480 0.7599
vn 0.7371 0.0365 0.6748
vn 0.9989 0.0378 0.0272
vn 0.9989 0.0366 0.0306
vn 0.0037 -0.0507 -0.9987
vn 0.0157 -0.0398 -0.9991
vn 0.0077 -0.0493 -0.9988
vn 0.0080 -0.0570 -0.9983
vn 0.0131 -0.9797 0.2001
vn 0.0090 -0.9794 0.2019
vn 0.0159 -0.9795 0.2007
vn 0.0147 -0.9784 0.2060
vn 0.0179 -0.9794 0.2011
vn -0.0104 0.9806 -0.1959
vn -0.0131 0.9790 -0.2033
vn -0.0098 0.9800 -0.1989
vn -0.0185 0.9783 -0.2065
vn -0.0040 0.9766 -0.2152
vn 0.0164 -0.9774 0.2108
vn 0.0204 -0.9772 0.2113
vn 0.0222 -0.9811 0.1924
vn 0.0252 -0.9840 0.1761
vn 0.0154 -0.9802 0.1977
vn 0.0014 -0.0109 -0.9999
vn -0.0011 -0.0145 -0.9999
vn 0.0052 -0.0183 -0.9998
vn 0.0116 -0.0189 -0.9998
vn -0.9955 -0.0128 0.0940
vn -0.9956 -0.0141 0.0923
vn -0.6918 0.0217 0.7218
vn -0.6355 0.0214 0.7718
vn 0.6636 0.0230 0.7477
vn 0.7486 0.0188 0.6627
vn 0.9998 0.0169 0.0077
vn 0.9998 0.0168 0.0080
vn -0.0294 0.9833 -0.1794
vn -0.0188 0.9783 -0.2063
vn -0.0208 0.9815 -0.1901
vn -0.0250 0.9790 -0.2023
vn -0.0156 0.9814 -0.1914
vn -0.6607 0.1721 0.7307
vn -0.6359 0.2503 0.7301
vn -0.4958 0.5123 0.7012
vn 0.6634 0.6206 -0.4180
vn 0.6227 -0.1410 -0.7697
vn 0.6668 0.2696 -0.6948
vn 0.0473 0.3795 -0.9240
vn -0.5069 -0.7844 -0.3574
vn -0.5483 -0.8303 -0.1004
vn -0.5352 -0.7882 -0.3038
vn 0.4105 0.0987 0.9065
vn 0.3158 0.1664 0.9341
vn 0.4817 0.5298 0.6981
vn -0.6473 -0.5408 0.5371
vn -0.6488 -0.5408 0.5354
vn -0.4546 -0.5106 0.7298
vn -0.8133 -0.5306 0.2386
vn -0.8121 -0.5300 0.2441
vn -0.8749 -0.4614 -0.1470
vn -0.2179 0.9403 -0.2614
vn -0.3531 0.8212 -0.4484
vn -0.5704 0.8162 -0.0920
vn 0.0684 -0.6593 -0.7488
vn 0.4427 -0.4639 -0.7673
vn 0.4752 -0.8592 -0.1896
vn 0.9205 -0.2513 -0.2992
vn -0.5505 -0.6675 -0.5015
vn -0.4210 -0.9031 0.0841
vn -0.9437 -0.1447 0.2974
vn -0.9340 -0.1305 0.3327
vn -0.9216 0.2026 0.3310
vn -0.5297 0.7313 -0.4297
vn -0.9202 -0.2441 0.3061
vn -0.2615 -0.1034 0.9597
vn 0.8912 0.0553 0.4501
vn 0.9868 0.0946 -0.1318
vn -0.5227 0.8162 0.2461
vn -0.9511 -0.0213 0.3083
vn 0.0031 0.9950 0.1001
vn -0.6663 0.6462 -0.3722
vn -0.9730 -0.0777 0.2172
vn 0.0212 0.7898 -0.6130
vn 0.6285 0.5379 -0.5619
vn -0.3931 0.6849 -0.6134
vn -0.9575 -0.0300 -0.2870
vn -0.0161 0.8117 -0.5839
vn -0.5690 0.8188 -0.0764
vn -0.9997 0.0089 0.0211
vn 0.5728 0.7489 0.3332
vn 0.6299 0.6786 -0.3777
vn -0.8538 -0.0716 0.5157
vn 0.9499 -0.0177 0.3120
vn 0.9650 -0.0315 0.2604
vn 0.9354 -0.0830 0.3437
vn 0.2293 -0.0735 0.9706
vn 0.9458 -0.1075 0.3065
vn 0.4191 -0.9065 0.0513
vn 0.9600 -0.0712 0.2708
vn 0.5536 -0.6142 -0.5623
vn -0.1230 -0.9636 -0.2374
vn 0.1766 -0.6395 -0.7482
vn -0.0075 -0.0210 0.9998
vn -0.0071 -0.0198 0.9998
vn -0.0000 -0.0172 0.9999
vn -0.0068 -0.0211 0.9998
vn 0.3809 0.8897 -0.2516
vn -0.4868 0.7891 -0.3746
vn 0.2735 0.9211 -0.2772
vn 0.6263 0.4143 -0.6604
vn -0.5168 0.2850 -0.8073
vn 0.5467 -0.2471 -0.8000
vn -0.6355 -0.3786 -0.6729
vn 0.5185 -0.7552 -0.4011
vn -0.2580 -0.9113 -0.3209
vn -0.4046 -0.8626 -0.3037
vn 0.9898 -0.1423 0.0042
vn 0.9898 -0.1427 0.0023
vn 0.9899 -0.1420 0.0046
vn 0.9899 -0.1419 0.0048
vn 0.9902 -0.1399 0.0049
vn 0.9900 -0.1410 0.0014
vn 0.9900 -0.1408 0.0026
vn 0.9896 -0.1442 0.0012
vn 0.9903 -0.1391 0.0016
vn -0.0099 -0.0231 0.9997
vn -0.0096 -0.0172 0.9998
vn -0.0072 -0.0218 0.9997
vn -0.0071 -0.0218 0.9997
vn -0.1404 -0.9899 -0.0219
vn 0.1406 0.9898 0.0218
vn 0.9900 -0.1407 0.0040
vn 0.9901 -0.1406 0.0040
vn 0.9900 -0.1411 0.0032
vn 0.9893 -0.1459 -0.0022
vn 0.9902 -0.1395 0.0109
vn 0.9899 -0.1419 0.0013
vn 0.9896 -0.1439 0.0017
vn 0.9901 -0.1400 0.0082
vn 0.9915 -0.1250 0.0349
vn 0.9898 -0.1426 -0.0036
vn 0.9849 -0.1728 -0.0020
vn 0.9900 -0.1411 0.0071
vn 0.9895 -0.1445 0.0032
vn 0.9911 -0.1333 0.0026
vn 0.9870 -0.1609 0.0035
vn 0.9903 -0.1389 0.0019
vn 0.9891 -0.1475 0.0026
vn 0.9844 -0.1385 -0.1085
vn 0.9893 -0.1456 0.0086
vn 0.9882 -0.1528 0.0106
vn 0.9904 -0.1382 0.0068
vn 0.9896 -0.1437 0.0033
vn 0.9892 -0.1463 0.0041
vn 0.9899 -0.1420 0.0050
vn 0.9898 -0.1424 0.0036
vn 0.9900 -0.1413 0.0052
vn 0.9901 -0.1406 0.0039
vn 0.9900 -0.1407 0.0038
vn 0.9900 -0.1408 0.0039
vn 0.9900 -0.1407 0.0039
vn 0.9902 -0.1399 0.0034
vn 0.9902 -0.1397 0.0040
vn 0.9900 -0.1411 0.0003
vn 0.9899 -0.1420 0.0019
vn 0.9902 -0.1397 0.0036
vn 0.9899 -0.1418 0.0007
vn 0.9899 -0.1417 0.0015
vn 0.0045 0.0180 -0.9998
vn -0.0028 0.0619 -0.9981
vn -0.0204 -0.0132 -0.9997
vn 0.0066 0.0175 -0.9998
vn -0.0645 -0.0152 0.9978
vn -0.0068 -0.0193 0.9998
vn -0.0082 -0.0192 0.9998
vn -0.0638 -0.0174 0.9978
vn 0.0211 0.0206 -0.9996
vn -0.0036 0.0218 -0.9998
vn -0.0021 0.0235 -0.9997
vn 0.0215 0.0197 -0.9996
vn 0.1406 0.9898 0.0219
vn -0.1404 -0.9899 -0.0218
vn -0.1406 -0.9898 -0.0218
vn -0.1266 -0.9616 0.2433
vn -0.1411 -0.9899 -0.0160
vn -0.1416 -0.9898 -0.0124
vn -0.1441 -0.9684 0.2037
vn -0.7531 -0.4775 0.4527
vn -0.0479 -0.6255 0.7787
vn -0.6485 -0.1544 0.7454
vn 0.0103 0.0168 0.9998
vn 0.1385 0.1940 0.9712
vn 0.1387 0.6470 0.7498
vn -0.5880 0.6399 0.4947
vn 0.1577 0.9430 0.2930
vn 0.1562 0.9632 0.2189
vn 0.1331 0.9907 0.0288
vn 0.1375 0.9903 0.0219
vn -0.5691 0.0623 0.8199
vn -0.4998 0.3724 0.7820
vn -0.9466 0.3183 -0.0510
vn -0.7462 -0.4507 0.4899
vn -0.5924 -0.2509 0.7656
vn -0.9899 0.1415 -0.0038
vn -0.9901 0.1405 -0.0045
vn -0.9900 0.1409 -0.0077
vn -0.9896 0.1435 -0.0061
vn -0.9901 0.1402 -0.0020
vn -0.9896 0.1440 -0.0044
vn 0.0074 0.0220 -0.9997
vn 0.0087 0.0240 -0.9997
vn 0.0053 0.0202 -0.9998
vn 0.0031 0.0218 -0.9998
vn 0.1454 0.9891 0.0245
vn 0.1412 0.9898 0.0183
vn 0.1364 0.9902 0.0282
vn 0.1449 0.9892 0.0219
vn -0.0009 0.0237 -0.9997
vn 0.0071 0.0211 -0.9998
vn 0.0136 0.0186 -0.9997
vn 0.0059 0.0145 -0.9999
vn -0.0124 -0.0182 0.9998
vn -0.0111 -0.0289 0.9995
vn -0.0005 -0.0185 0.9998
vn -0.0109 -0.0206 0.9997
vn -0.9901 0.1405 0.0028
vn -0.9909 0.1347 -0.0049
vn -0.9908 0.1352 -0.0057
vn -0.9903 0.1390 -0.0055
vn 0.9900 -0.1409 0.0113
vn 0.9912 -0.1318 0.0082
vn 0.9909 -0.1347 0.0034
vn 0.9900 -0.1409 0.0036
vn -0.0171 -0.0943 0.9954
vn -0.0174 -0.0941 0.9954
vn -0.0121 -0.0751 0.9971
vn -0.0138 -0.0797 0.9967
vn -0.0018 -0.0150 0.9999
vn -0.0010 -0.0095 1.0000
vn 0.6774 0.3675 0.6373
vn 0.0150 0.1661 0.9860
vn 0.5558 0.7789 0.2906
vn 0.1062 0.9178 0.3825
vn 0.3986 0.8806 -0.2563
vn 0.1020 0.9094 0.4032
vn 0.8764 0.4813 0.0155
vn 0.9901 -0.1393 0.0159
vn 0.9849 -0.1724 0.0153
vn 0.9203 -0.3913 0.0027
vn 0.9201 -0.3918 -0.0017
vn -0.9205 0.2027 -0.3341
vn -0.9235 0.3761 0.0758
vn -0.9357 0.3523 0.0201
vn -0.9795 -0.1599 -0.1227
vn -0.2020 -0.3206 -0.9254
vn -0.7270 -0.6829 -0.0713
vn -0.6123 -0.6662 -0.4257
vn 0.0176 0.0941 -0.9954
vn 0.0174 0.0941 -0.9954
vn 0.0136 0.0799 -0.9967
vn 0.0123 0.0751 -0.9971
vn 0.0011 0.0095 -1.0000
vn 0.0019 0.0150 -0.9999
vn -0.5548 -0.4001 -0.7295
vn -0.0094 -0.0915 -0.9958
vn -0.6121 -0.6663 -0.4258
vn -0.0194 -0.2323 -0.9725
vn 0.0005 -0.0224 0.9997
vn -0.0002 -0.0208 0.9998
vn 0.0006 -0.0224 0.9997
vn 0.4364 0.8135 -0.3843
vn -0.4462 0.8591 -0.2507
vn -0.3361 0.8983 -0.2829
vn -0.6490 0.3785 -0.6599
vn 0.5276 0.3172 -0.7881
vn -0.5277 -0.2840 -0.8006
vn 0.6523 -0.3526 -0.6710
vn -0.4446 -0.7887 -0.4245
vn 0.3317 -0.8863 -0.3233
vn 0.4500 -0.8447 -0.2900
vn -0.9776 -0.2103 -0.0019
vn -0.9773 -0.2117 -0.0025
vn -0.9750 -0.2219 0.0079
vn -0.9789 -0.2045 -0.0023
vn -0.9785 -0.2063 -0.0056
vn -0.9784 -0.2067 -0.0057
vn -0.9782 -0.2074 -0.0058
vn -0.9783 -0.2072 -0.0043
vn -0.9785 -0.2063 -0.0045
vn 0.0048 -0.0230 0.9997
vn 0.0057 -0.0163 0.9999
vn 0.0001 -0.0214 0.9998
vn -0.0000 -0.0214 0.9998
vn 0.2062 -0.9783 -0.0204
vn 0.2061 -0.9783 -0.0204
vn -0.2064 0.9782 0.0204
vn -0.2064 0.9783 0.0204
vn -0.9782 -0.2075 -0.0012
vn -0.9784 -0.2067 -0.0009
vn -0.9789 -0.2040 -0.0048
vn -0.9786 -0.2059 -0.0057
vn -0.9769 -0.2135 -0.0028
vn -0.9777 -0.2098 -0.0114
vn -0.9783 -0.2074 0.0017
vn -0.9793 -0.2022 -0.0004
vn -0.9786 -0.2055 -0.0058
vn -0.9788 -0.2048 -0.0061
vn -0.9785 -0.2062 -0.0045
vn -0.9787 -0.2054 -0.0054
vn -0.9785 -0.2063 -0.0024
vn -0.9784 -0.2066 -0.0050
vn -0.9788 -0.2048 -0.0050
vn -0.9785 -0.2062 -0.0048
vn -0.9789 -0.2043 -0.0014
vn -0.9770 -0.2133 -0.0029
vn -0.9792 -0.2030 -0.0036
vn -0.9769 -0.2136 0.0061
vn -0.9779 -0.2086 -0.0102
vn -0.9786 -0.2059 -0.0044
vn -0.9785 -0.2060 -0.0036
vn -0.9785 -0.2063 -0.0046
vn -0.9785 -0.2064 -0.0046
vn -0.9785 -0.2060 -0.0046
vn -0.9785 -0.2061 -0.0047
vn -0.9786 -0.2060 -0.0044
vn -0.9784 -0.2068 -0.0040
vn -0.9786 -0.2058 -0.0045
vn -0.9784 -0.2068 -0.0042
vn -0.0128 0.0192 -0.9997
vn 0.0180 0.0232 -0.9996
vn -0.0107 0.0154 -0.9998
vn 0.0185 0.0239 -0.9995
vn 0.0094 -0.0149 0.9998
vn -0.0319 -0.0263 0.9991
vn 0.0097 -0.0184 0.9998
vn 0.0207 -0.0207 0.9996
vn -0.0075 0.0230 -0.9997
vn 0.0076 0.0267 -0.9996
vn -0.0065 0.0182 -0.9998
vn 0.0098 0.0237 -0.9997
vn 0.2063 -0.9783 -0.0204
vn 0.2064 -0.9783 -0.0203
vn 0.2009 -0.9795 -0.0155
vn 0.1750 -0.9565 0.2332
vn 0.2033 -0.9791 -0.0107
vn 0.1922 -0.9439 0.2684
vn 0.7535 -0.4690 0.4607
vn 0.0946 -0.6324 0.7689
vn 0.6477 -0.1030 0.7549
vn -0.0053 -0.0060 1.0000
vn 0.5404 0.3399 0.7697
vn -0.1552 0.5878 0.7940
vn 0.5242 0.6926 0.4955
vn -0.2118 0.9325 0.2925
vn -0.2061 0.9388 0.2759
vn -0.2012 0.9791 0.0279
vn -0.2069 0.9780 0.0250
vn 0.4656 0.4046 0.7871
vn 0.5567 0.0999 0.8247
vn 0.9856 0.0254 0.1675
vn 0.7705 -0.4000 0.4963
vn 0.6012 -0.2111 0.7707
vn 0.9784 0.2067 0.0071
vn 0.9784 0.2067 0.0036
vn 0.9794 0.2019 -0.0045
vn 0.9786 0.2056 0.0039
vn 0.9784 0.2068 0.0046
vn 0.9793 0.2024 0.0067
vn -0.0012 0.0225 -0.9997
vn 0.0012 0.0203 -0.9998
vn 0.0007 0.0194 -0.9998
vn 0.0029 0.0180 -0.9998
vn -0.2122 0.9771 0.0137
vn -0.1998 0.9796 0.0195
vn -0.2009 0.9794 0.0226
vn -0.2078 0.9779 0.0220
vn -0.0106 0.0183 -0.9998
vn -0.0031 0.0255 -0.9997
vn -0.0039 0.0238 -0.9997
vn 0.0001 0.0209 -0.9998
vn -0.0002 -0.0207 0.9998
vn -0.0021 -0.0240 0.9997
vn -0.0018 -0.0286 0.9996
vn -0.0001 -0.0209 0.9998
vn 0.9783 0.2073 0.0024
vn 0.9785 0.2062 0.0030
vn 0.9783 0.2074 0.0025
vn 0.9785 0.2063 0.0030
vn -0.9788 -0.2047 -0.0085
vn -0.9785 -0.2063 -0.0035
vn -0.9785 -0.2061 -0.0045
vn -0.9785 -0.2063 -0.0000
vn 0.0149 -0.0931 0.9955
vn 0.0151 -0.0929 0.9956
vn 0.0086 -0.0744 0.9972
vn 0.0105 -0.0788 0.9968
vn -0.0058 -0.0151 0.9999
vn -0.0069 -0.0097 0.9999
vn -0.7018 0.3257 0.6336
vn -0.0346 0.1644 0.9858
vn -0.6090 0.7371 0.2929
vn -0.1704 0.9086 0.3813
vn -0.4796 0.8402 -0.2532
vn -0.1626 0.8872 0.4317
vn -0.9068 0.4214 0.0079
vn -0.9816 -0.1886 0.0301
vn -0.9680 -0.2492 0.0302
vn -0.8929 -0.4503 -0.0022
vn -0.8927 -0.4507 -0.0093
vn 0.8907 0.4545 0.0115
vn 0.8908 0.4541 0.0151
vn 0.9672 0.2537 -0.0119
vn 0.9859 0.1658 -0.0228
vn 0.9403 -0.3400 -0.0170
vn 0.5942 -0.3557 -0.7214
vn 0.7726 -0.6348 -0.0111
vn 0.6590 -0.6238 -0.4203
vn -0.0152 0.0930 -0.9955
vn -0.0153 0.0930 -0.9955
vn -0.0104 0.0790 -0.9968
vn -0.0087 0.0744 -0.9972
vn 0.0068 0.0097 -0.9999
vn 0.0057 0.0151 -0.9999
vn 0.5864 -0.3621 -0.7246
vn 0.0240 -0.0904 -0.9956
vn 0.6589 -0.6238 -0.4203
vn 0.0432 -0.2302 -0.9722
vn 0.0288 -0.9688 -0.2461
vn -0.3817 0.6299 0.6764
vn 0.1645 -0.9855 0.0415
vn -0.3255 -0.7265 0.6052
vn 0.0698 0.1181 0.9905
vn -0.3262 -0.9283 -0.1784
vn 0.4633 -0.3646 -0.8077
vn 0.2303 -0.4878 -0.8420
vn -0.1321 0.9745 0.1813
vn -0.0618 0.9896 -0.1300
vn 0.5803 -0.0079 -0.8143
vn -0.7925 0.0494 0.6078
vn 0.4232 0.8710 -0.2497
vn 0.4623 0.7263 0.5087
vn 0.6199 0.7289 0.2905
vn -0.2013 0.5670 0.7988
vn 0.5070 0.5624 0.6532
vn -0.7502 0.6574 0.0711
vn -0.7350 -0.5524 -0.3931
vn -0.5580 -0.2900 -0.7775
vn 0.4170 -0.4127 -0.8098
vn 0.5063 -0.3542 -0.7862
vn -0.0416 0.9654 -0.2574
vn 0.2050 0.3114 -0.9279
vn -0.5870 0.1783 -0.7897
vn -0.6600 0.7266 -0.1909
vn 0.0302 0.1015 0.9944
vn 0.6630 0.2785 0.6949
vn 0.1901 -0.8481 0.4945
vn -0.6524 -0.7474 0.1260
vn 0.0349 -0.7303 -0.6823
vn 0.6382 -0.2982 -0.7098
vn -0.2146 -0.6582 -0.7216
vn -0.4655 -0.8823 -0.0697
vn 0.0787 -0.9892 -0.1237
vn 0.4449 -0.8882 -0.1148
vn 0.9847 0.0647 0.1619
vn 0.3429 -0.0494 0.9381
vn 0.5031 0.7423 0.4427
vn -0.1035 0.9924 0.0673
vn -0.2900 0.7651 -0.5749
vn -0.5939 0.7970 0.1099
vn -0.0741 0.8814 -0.4664
vn -0.8964 -0.3390 0.2854
vn -0.6432 0.6900 0.3319
vn 0.1125 0.7880 -0.6053
vn 0.5321 0.8465 0.0197
vn 0.9502 0.1830 -0.2522
vn 0.9446 0.1613 -0.2860
vn 0.9584 0.0897 -0.2709
vn 0.7755 -0.0147 0.6312
vn 0.9558 0.0925 -0.2791
vn -0.2316 -0.0917 0.9685
vn 0.5867 -0.7794 -0.2199
vn 0.9356 0.0986 -0.3391
vn 0.1808 -0.5741 -0.7985
vn -0.2177 -0.6694 -0.7103
vn 0.0098 -0.9998 -0.0147
vn -0.9012 -0.1669 0.4000
vn 0.5451 0.8303 0.1159
vn 0.0821 0.9927 0.0880
vn 0.2462 0.7817 -0.5729
vn -0.4155 0.8252 -0.3826
vn -0.3793 -0.0864 0.9212
vn -0.9897 -0.0052 0.1430
vn -0.3668 -0.8895 -0.2724
vn -0.0230 -0.9944 -0.1030
vn 0.5249 -0.8493 -0.0567
vn 0.2475 -0.6328 -0.7337
vn 0.8569 -0.4533 0.2456
vn 0.4747 -0.8709 0.1268
vn 0.3148 -0.6511 -0.6907
vn 0.9986 0.0505 -0.0177
vn -0.5595 -0.7970 -0.2276
vn -0.1271 -0.6014 -0.7888
vn 0.3202 -0.1182 0.9400
vn -0.9482 0.0520 -0.3134
vn -0.9531 0.0463 -0.2992
vn -0.8017 -0.0138 0.5975
vn -0.9655 0.0636 -0.2524
vn -0.4635 0.8693 -0.1718
vn -0.9485 0.1076 -0.2979
vn -0.1126 0.7762 -0.6203
vn -0.9444 0.1447 -0.2953
vn 0.5724 0.7086 0.4125
vn -0.0238 0.9024 -0.4302
vn 0.8927 -0.3748 0.2502
vn 0.2377 0.6214 0.7466
vn -0.0451 0.9955 0.0828
vn 0.1681 0.6098 0.7746
vn -0.1143 0.9841 0.1356
vn -0.3386 0.0525 -0.9395
vn -0.3771 0.0929 -0.9215
vn 0.1197 -0.9859 -0.1166
vn 0.0577 -0.9894 -0.1329
vn 0.3259 -0.7505 0.5749
vn 0.2941 -0.7413 0.6032
vn -0.2341 -0.7552 0.6123
vn -0.3519 -0.7224 0.5952
vn -0.0111 -0.9962 -0.0861
vn -0.0295 -0.9886 -0.1475
vn 0.3798 0.1013 -0.9195
vn 0.3440 0.0974 -0.9339
vn 0.0189 0.9818 0.1889
vn -0.0043 0.9940 0.1094
vn -0.2449 0.6088 0.7546
vn -0.2545 0.6084 0.7517
vn -0.4778 0.8376 -0.2648
vn -0.4068 0.8689 -0.2819
vn -0.4404 0.8556 -0.2720
vn -0.5078 0.7923 0.3382
vn -0.5123 0.7915 0.3332
vn -0.5775 0.7902 0.2050
vn -0.4356 0.8118 0.3889
vn 0.5933 0.1760 -0.7855
vn 0.5898 0.2529 -0.7669
vn 0.4254 0.1985 -0.8830
vn 0.0448 0.8326 0.5520
vn -0.3222 0.8471 0.4226
vn -0.3112 0.8493 0.4264
vn -0.4601 0.8305 0.3139
vn -0.4622 0.8303 0.3113
vn -0.5203 0.8375 0.1671
vn -0.5203 0.8371 0.1689
vn -0.5149 0.8547 0.0659
vn -0.5148 0.8548 0.0657
vn -0.5200 0.8539 -0.0186
vn -0.5202 0.8538 -0.0203
vn -0.5097 0.8518 -0.1207
vn -0.5100 0.8518 -0.1197
vn -0.4616 0.8638 -0.2021
vn -0.4620 0.8632 -0.2036
vn -0.0098 0.9599 -0.2801
vn -0.0425 0.9760 -0.2136
vn 0.3324 0.9354 0.1206
vn -0.1049 0.8939 0.4359
vn -0.0427 0.9375 0.3453
vn 0.4456 0.8952 -0.0009
vn 0.4622 0.8867 -0.0144
vn 0.4562 0.8871 0.0699
vn 0.4562 0.8871 0.0701
vn 0.4619 0.8699 0.1731
vn 0.4618 0.8703 0.1714
vn 0.4031 0.8592 0.3150
vn 0.4010 0.8593 0.3176
vn 0.2679 0.8662 0.4218
vn 0.2579 0.8676 0.4251
vn -0.0842 0.8172 0.5702
vn -0.2268 0.9706 0.0805
vn -0.2974 0.9504 0.0915
vn -0.2854 0.9565 0.0603
vn 0.2861 0.9582 -0.0035
vn 0.3913 0.9202 0.0134
vn 0.3759 0.9258 0.0407
vn -0.8022 0.5350 -0.2652
vn -0.6538 -0.4785 0.5862
vn -0.7996 0.4852 -0.3540
vn -0.5502 -0.5484 0.6297
vn 0.0916 0.6712 0.7356
vn -0.8269 0.5075 -0.2421
vn 0.0947 0.6617 0.7438
vn 0.1087 0.7488 0.6538
vn 0.1163 0.6762 0.7275
vn -0.6719 -0.4631 0.5781
vn 0.8201 -0.4888 0.2975
vn 0.7035 -0.6921 0.1618
vn -0.1563 -0.4841 0.8610
vn -0.2430 -0.9105 -0.3345
vn 0.6735 0.6044 -0.4256
vn 0.1037 0.7793 0.6180
vn 0.6890 0.5011 -0.5237
vn 0.6862 0.5073 -0.5213
vn 0.7934 -0.5038 0.3417
vn 0.4478 0.5844 -0.6767
vn 0.5083 0.5040 -0.6983
vn 0.5252 0.3468 -0.7771
vn 0.4432 0.6055 -0.6610
vn 0.3950 0.6301 -0.6685
vn 0.4956 0.5619 -0.6623
vn 0.5017 0.5659 -0.6542
vn 0.5783 0.4882 -0.6536
vn 0.5941 0.4651 -0.6563
vn 0.6572 0.4052 -0.6355
vn 0.6762 0.3734 -0.6350
vn 0.7353 0.3138 -0.6007
vn 0.7536 0.2810 -0.5943
vn 0.8111 0.2189 -0.5423
vn 0.8308 0.1790 -0.5270
vn 0.8707 0.1343 -0.4731
vn 0.9179 0.0562 -0.3929
vn 0.9169 0.0789 -0.3912
vn 0.9572 0.0052 -0.2894
vn 0.9893 -0.0561 -0.1348
vn 0.9913 -0.0342 -0.1270
vn 0.9955 -0.0777 0.0548
vn 0.9876 -0.0997 0.1212
vn 0.9740 -0.0901 0.2076
vn 0.9583 -0.1073 0.2648
vn 0.9425 -0.0963 0.3200
vn 0.9246 -0.1097 0.3649
vn 0.9006 -0.0882 0.4256
vn 0.8794 -0.0934 0.4668
vn 0.8383 -0.0430 0.5435
vn 0.8117 -0.0357 0.5830
vn 0.7505 0.0429 0.6595
vn 0.7222 0.0564 0.6894
vn 0.6539 0.1511 0.7414
vn 0.6314 0.1677 0.7571
vn 0.5697 0.2683 0.7768
vn 0.5605 0.2720 0.7822
vn 0.5389 0.4078 0.7371
vn 0.5291 0.3882 0.7546
vn 0.5633 0.3876 0.7297
vn 0.5763 0.3821 0.7224
vn 0.6236 0.2262 0.7483
vn 0.6329 -0.7742 -0.0122
vn 0.9993 0.0309 0.0200
vn 0.6371 -0.5239 0.5653
vn 0.6533 -0.0217 0.7568
vn 0.6355 0.4771 0.6071
vn 0.6141 0.7876 0.0508
vn 0.6284 0.5595 -0.5404
vn 0.5851 0.1011 -0.8047
vn -0.6420 0.7651 0.0498
vn -0.9996 -0.0238 -0.0164
vn -0.6796 0.4344 0.5911
vn -0.6829 -0.0633 0.7278
vn -0.5565 0.5987 -0.5761
vn -0.6487 -0.5428 0.5334
vn -0.5945 -0.8024 -0.0518
vn -0.5475 -0.5438 -0.6361
vn -0.0156 0.8001 -0.5997
vn -0.2181 0.9662 0.1370
vn 0.2177 0.9672 -0.1309
vn -0.0204 0.8513 -0.5243
vn -0.2922 0.2899 -0.9113
vn 0.6812 0.6801 0.2710
vn -0.9679 0.2073 0.1425
vn -0.7521 0.6307 -0.1911
vn 0.9076 0.4102 -0.0893
vn -0.0331 0.9166 0.3985
vn -0.3657 0.6768 -0.6389
vn -0.5495 0.5341 0.6424
vn 0.3437 0.6418 -0.6855
vn -0.1557 0.5729 0.8047
vn -0.4322 0.5800 -0.6905
vn -0.7961 0.4214 0.4344
vn 0.3039 0.5575 -0.7726
vn -0.3068 0.5201 0.7971
vn -0.4264 0.4873 -0.7620
vn -0.8656 0.3716 0.3357
vn -0.4264 0.4880 -0.7616
vn -0.9017 0.3041 0.3075
vn -0.4836 0.3299 -0.8107
vn -0.9025 0.3015 0.3075
vn -0.4804 0.3352 -0.8105
vn -0.9275 0.2019 0.3147
vn -0.6005 0.1863 -0.7776
vn -0.9275 0.2014 0.3148
vn -0.5967 0.1897 -0.7797
vn -0.9467 0.0989 0.3067
vn -0.7321 0.0717 -0.6774
vn -0.9467 0.0988 0.3067
vn -0.1107 -0.3117 -0.9437
vn -0.5830 -0.3793 0.7185
vn -0.8485 -0.0906 -0.5214
vn -0.9646 0.0424 0.2602
vn -0.2738 -0.5032 -0.8196
vn -0.6964 -0.5335 0.4800
vn -0.9036 -0.2640 -0.3374
vn -0.9786 0.0013 0.2057
vn -0.9034 -0.2629 -0.3388
vn -0.6580 -0.7322 0.1758
vn -0.9295 -0.3176 -0.1876
vn -0.9847 -0.1098 0.1353
vn -0.3980 -0.8105 -0.4297
vn -0.5386 -0.8265 -0.1637
vn -0.9684 -0.2491 -0.0155
vn 0.9210 0.3602 0.1485
vn -0.7687 0.6144 0.1777
vn 0.7513 0.6258 -0.2096
vn -0.8932 0.4285 -0.1364
vn -0.0699 0.5724 0.8170
vn 0.2396 0.6821 -0.6909
vn -0.1007 0.6459 0.7568
vn -0.4526 0.5953 -0.6639
vn 0.0910 0.5947 0.7988
vn 0.3964 0.6084 -0.6875
vn 0.7580 0.4901 0.4303
vn -0.3337 0.5362 -0.7753
vn 0.2645 0.5392 0.7995
vn 0.3996 0.5149 -0.7584
vn 0.8360 0.4284 0.3430
vn 0.3995 0.5156 -0.7580
vn 0.8767 0.3634 0.3152
vn 0.4675 0.3616 -0.8067
vn 0.8777 0.3609 0.3152
vn 0.4638 0.3667 -0.8065
vn 0.9092 0.2631 0.3226
vn 0.5934 0.2261 -0.7725
vn 0.9093 0.2627 0.3226
vn 0.5894 0.2293 -0.7746
vn 0.9353 0.1617 0.3148
vn 0.7316 0.1205 -0.6710
vn 0.9353 0.1616 0.3148
vn 0.1393 -0.3034 -0.9426
vn 0.6007 -0.3398 0.7236
vn 0.8571 -0.0337 -0.5141
vn 0.9574 0.1066 0.2685
vn 0.3067 -0.4908 -0.8155
vn 0.7262 -0.4861 0.4861
vn 0.7010 -0.3964 -0.5928
vn 0.9745 0.0665 0.2141
vn -0.3368 -0.7997 -0.4971
vn 0.7039 -0.6867 0.1817
vn 0.5560 -0.7423 -0.3740
vn 0.9886 -0.0440 0.1438
vn 0.5869 -0.7963 -0.1468
vn 0.9794 -0.2018 0.0065
vn -0.0108 -0.7942 0.6076
vn 0.0108 -0.8153 0.5789
vn 0.0711 -0.8412 0.5361
vn -0.0103 -0.4900 0.8716
vn 0.0610 -0.8434 0.5339
vn 0.6342 0.0775 0.7693
vn 0.6336 0.0851 0.7689
vn 0.6408 0.0641 0.7650
vn 0.6010 0.0947 0.7936
vn 0.6013 0.0708 0.7959
vn -0.0015 0.1718 -0.9851
vn 0.0679 0.3844 0.9207
vn 0.1158 0.3881 0.9143
vn 0.0680 0.3838 0.9209
vn 0.1285 0.3889 0.9123
vn 0.2388 0.3968 0.8863
vn 0.2579 0.3998 0.8796
vn 0.3634 0.3926 0.8449
vn 0.4225 0.4155 0.8055
vn 0.4696 0.4638 0.7513
vn 0.5840 0.4239 0.6923
vn 0.6371 0.4210 0.6456
vn 0.7595 0.4355 0.4833
vn 0.7652 0.4319 0.4774
vn 0.8765 0.4630 0.1323
vn 0.8735 0.4836 0.0564
vn 0.8082 0.4936 -0.3212
vn 0.7998 0.5031 -0.3275
vn 0.7149 0.5015 -0.4873
vn 0.7228 0.5014 -0.4756
vn 0.6439 0.5082 -0.5719
vn 0.6520 0.5078 -0.5630
vn 0.5256 0.5106 -0.6805
vn 0.5421 0.5107 -0.6673
vn 0.3389 0.5086 -0.7915
vn 0.3618 0.5073 -0.7822
vn 0.1729 0.5033 -0.8467
vn 0.1894 0.5030 -0.8433
vn 0.0939 0.5056 -0.8576
vn 0.0918 0.5076 -0.8567
vn 0.0676 0.5051 -0.8604
vn 0.0691 0.5054 -0.8601
vn -0.1014 0.3787 0.9200
vn -0.1013 0.3787 0.9199
vn -0.1619 0.3792 0.9110
vn -0.1493 0.3792 0.9132
vn -0.2965 0.3806 0.8759
vn -0.2733 0.3820 0.8828
vn -0.4485 0.3887 0.8048
vn -0.3948 0.3795 0.8367
vn -0.4925 0.4167 0.7641
vn -0.6450 0.3947 0.6544
vn -0.6396 0.3808 0.6678
vn -0.7962 0.3884 0.4640
vn -0.7952 0.3843 0.4690
vn -0.8988 0.4283 0.0934
vn -0.8798 0.3925 0.2680
vn -0.8828 0.4304 -0.1882
vn -0.8252 0.4503 -0.3409
vn -0.7532 0.4518 -0.4781
vn -0.7397 0.4608 -0.4903
vn -0.6810 0.4633 -0.5670
vn -0.6727 0.4643 -0.5761
vn -0.5692 0.4736 -0.6721
vn -0.5526 0.4747 -0.6851
vn -0.3847 0.4842 -0.7859
vn -0.3643 0.4849 -0.7951
vn -0.2092 0.4928 -0.8446
vn -0.1982 0.4907 -0.8485
vn -0.1202 0.4978 -0.8590
vn -0.1123 0.4982 -0.8598
vn -0.0959 0.5018 -0.8596
vn -0.0942 0.5000 -0.8609
vn 0.8390 -0.5419 -0.0485
vn 0.8640 -0.4907 0.1132
vn 0.8385 -0.5425 -0.0511
vn 0.8610 -0.5009 0.0879
vn 0.8898 -0.3720 0.2643
vn 0.8790 -0.4122 0.2398
vn 0.8863 -0.2055 0.4151
vn 0.8651 -0.2652 0.4257
vn 0.8882 -0.0181 0.4590
vn 0.8798 0.0366 0.4739
vn 0.7963 0.1999 0.5709
vn 0.7835 0.2172 0.5822
vn 0.5920 0.3612 0.7205
vn 0.6679 0.3210 0.6715
vn 0.3862 0.4501 0.8052
vn 0.4315 0.4326 0.7916
vn 0.1171 0.5842 0.8031
vn 0.1007 0.5882 0.8024
vn -0.3874 0.7691 0.5083
vn -0.3270 0.6851 0.6509
vn -0.0001 0.9488 0.3159
vn 0.0406 0.9818 0.1854
vn 0.2794 0.9583 -0.0590
vn 0.2637 0.9643 -0.0255
vn 0.3758 0.8281 -0.4159
vn 0.3763 0.8431 -0.3841
vn 0.3239 0.5845 -0.7439
vn 0.3330 0.6143 -0.7153
vn 0.3521 0.3246 -0.8779
vn 0.3567 0.3435 -0.8688
vn 0.5242 0.0565 -0.8497
vn 0.5140 0.1996 -0.8343
vn 0.6557 -0.0775 -0.7510
vn 0.5156 -0.3949 -0.7604
vn 0.4790 -0.4137 -0.7742
vn 0.2264 -0.6623 -0.7142
vn 0.6873 -0.6012 -0.4077
vn 0.7145 -0.6155 -0.3327
vn 0.7880 -0.5747 -0.2208
vn 0.7966 -0.5707 -0.1993
vn 0.8391 -0.5419 -0.0485
vn 0.8386 -0.5424 -0.0511
vn -0.8006 -0.5966 -0.0555
vn -0.8000 -0.5972 -0.0581
vn -0.8265 -0.5571 0.0807
vn -0.8303 -0.5472 0.1059
vn -0.8558 -0.4639 0.2291
vn -0.8674 -0.4239 0.2605
vn -0.9825 -0.0438 0.1812
vn -0.9787 -0.1042 0.1770
vn -0.8883 -0.0124 0.4591
vn -0.8957 -0.0668 0.4396
vn -0.8012 0.1643 0.5754
vn -0.8177 0.1525 0.5551
vn -0.7568 0.3127 0.5740
vn -0.7044 0.3516 0.6166
vn -0.7267 0.4759 0.4954
vn -0.1840 0.5640 0.8050
vn -0.2006 0.5625 0.8021
vn -0.2288 0.7834 0.5779
vn -0.0456 0.8040 0.5929
vn -0.0226 0.9519 0.3056
vn -0.0767 0.9669 0.2432
vn -0.3132 0.9490 -0.0369
vn -0.3484 0.9347 -0.0706
vn -0.4283 0.8163 -0.3876
vn -0.4265 0.8014 -0.4194
vn -0.3672 0.5909 -0.7183
vn -0.3558 0.5618 -0.7468
vn -0.3575 0.3327 -0.8726
vn -0.3727 0.3185 -0.8716
vn -0.4776 0.1307 -0.8688
vn -0.5082 0.0088 -0.8612
vn -0.6735 -0.1372 -0.7264
vn -0.4199 -0.4306 -0.7989
vn -0.4886 -0.5129 -0.7059
vn -0.2066 -0.6823 -0.7013
vn -0.6493 -0.6400 -0.4109
vn -0.6569 -0.6470 -0.3871
vn -0.7525 -0.6254 -0.2065
vn -0.7475 -0.6255 -0.2236
vn -0.8001 -0.5971 -0.0581
vn -0.8007 -0.5965 -0.0556
vn -0.3800 0.3950 0.8364
vn -0.4269 0.3717 0.8243
vn -0.1036 0.9794 0.1735
vn 0.6027 0.7907 -0.1074
vn 0.5922 0.8003 -0.0941
vn 0.5581 0.8261 -0.0783
vn 0.5802 0.8090 -0.0942
vn 0.1099 0.9904 0.0834
vn 0.7295 0.6047 0.3196
vn 0.7269 0.6043 0.3263
vn 0.7301 0.6054 0.3170
vn 0.2940 -0.9131 -0.2827
vn -0.0985 -0.0844 -0.9916
vn 0.0154 0.0600 -0.9981
vn 0.0479 0.0843 -0.9953
vn -0.0296 0.8709 -0.4906
vn -0.3268 -0.1934 -0.9251
vn -0.1893 -0.0580 -0.9802
vn -0.1391 0.0130 -0.9902
vn -0.0220 0.9590 -0.2827
vn -0.3891 0.2779 -0.8783
vn -0.1204 0.9892 -0.0834
vn -0.4090 0.1922 -0.8920
vn -0.4520 0.0662 -0.8896
vn 0.1301 0.5035 -0.8542
vn 0.0746 0.5392 -0.8388
vn -0.1956 0.9678 0.1585
vn 0.2926 0.3721 -0.8809
vn -0.0258 0.1492 -0.9885
vn -0.0249 0.1451 -0.9891
vn -0.0315 0.1468 -0.9887
vn -0.1154 0.9805 0.1590
vn -0.5141 0.5299 0.6745
vn -0.4865 0.5429 0.6845
vn -0.1761 0.9833 0.0452
vn -0.0789 0.5359 0.8406
vn -0.0847 0.5269 0.8457
vn 0.1371 0.9514 0.2758
vn 0.5312 0.2494 0.8097
vn 0.5206 0.2404 0.8192
vn 0.5799 0.1286 0.8045
vn 0.5801 0.1374 0.8029
vn 0.2804 0.8897 0.3604
vn -0.1545 0.9632 0.2201
vn -0.4067 0.4984 0.7656
vn -0.4067 0.5198 0.7513
vn 0.3593 0.5297 0.7683
vn 0.0783 0.9726 0.2189
vn 0.3661 0.5285 0.7659
vn -0.5458 0.6628 -0.5127
vn -0.4647 0.7539 -0.4644
vn -0.1100 0.9939 0.0064
vn -0.6543 0.5027 -0.5649
vn -0.6203 0.7799 -0.0834
vn -0.6376 0.7646 -0.0946
vn -0.1812 0.9800 0.0822
vn -0.6362 0.7646 -0.1032
vn -0.5809 0.8113 -0.0665
vn -0.1691 0.9820 0.0836
vn -0.7785 0.5410 0.3183
vn -0.7764 0.5415 0.3225
vn -0.7697 0.5578 0.3106
vn -0.1882 0.9663 0.1758
vn -0.5936 0.4445 0.6709
vn -0.5480 0.5260 0.6504
vn -0.5124 0.5764 0.6366
vn -0.4567 0.6702 0.5851
vn 0.4480 0.6761 0.5849
vn 0.4560 0.6754 0.5795
vn 0.4562 0.6776 0.5768
vn 0.0121 0.9866 0.1626
vn 0.3788 0.4197 0.8248
vn 0.3807 0.4060 0.8308
vn -0.1360 0.9625 0.2349
vn -0.3768 0.4278 0.8216
vn -0.3871 0.4283 0.8165
vn 0.0545 0.5255 0.8491
vn 0.1262 0.9908 0.0481
vn 0.0036 0.5201 0.8541
vn -0.5524 0.2735 0.7874
vn -0.5057 0.2448 0.8273
vn -0.1624 0.9542 0.2513
vn -0.1838 0.9499 0.2527
vn -0.4335 0.3090 0.8466
vn -0.4179 0.3301 0.8464
vn -0.0115 0.8959 -0.4442
vn 0.5604 0.6634 -0.4958
vn 0.4374 0.7365 -0.5160
vn 0.0954 0.9887 -0.1156
vn -0.0544 0.9776 0.2033
vn -0.6527 0.0345 0.7568
vn -0.6368 0.0459 0.7697
vn -0.0163 0.2309 0.9728
vn -0.0093 0.2225 0.9749
vn -0.0185 0.2262 0.9739
vn 0.0095 0.2279 0.9736
vn -0.0890 0.2128 0.9730
vn 0.0274 0.1643 0.9860
vn 0.4807 0.0251 0.8765
vn 0.4901 0.0206 0.8714
vn 0.0004 0.2259 0.9742
vn -0.0029 0.2343 0.9722
vn -0.0055 0.2316 0.9728
vn -0.0091 0.2193 0.9756
vn -0.0249 0.1997 0.9795
vn -0.0334 0.1774 0.9836
vn -0.3668 0.0644 0.9281
vn -0.6461 -0.0338 0.7625
vt 0.512738 0.085652
vt 0.560286 0.059609
vt 0.569794 0.083760
vt 0.515196 0.090538
vt 0.547076 0.130026
vt 0.588590 0.119547
vt 0.585229 0.172195
vt 0.635966 0.204117
vt 0.640137 0.214596
vt 0.617937 0.209509
vt 0.588293 0.107230
vt 0.569709 0.057130
vt 0.570374 0.063052
vt 0.560547 0.058350
vt 0.562012 0.058075
vt 0.559570 0.059357
vt 0.513184 0.084412
vt 0.513672 0.084778
vt 0.570231 0.056021
vt 0.570788 0.056430
vt 0.512277 0.085371
vt 0.512669 0.085698
vt 0.643386 0.040036
vt 0.643311 0.039630
vt 0.504883 0.089844
vt 0.647046 0.036851
vt 0.646927 0.036248
vt 0.648438 0.036224
vt 0.684570 0.034088
vt 0.686047 0.034062
vt 0.686035 0.034454
vt 0.687012 0.033304
vt 0.687834 0.039388
vt 0.692995 0.029547
vt 0.699707 0.030156
vt 0.701172 0.030426
vt 0.701172 0.030975
vt 0.742676 0.042908
vt 0.744344 0.043370
vt 0.743672 0.043816
vt 0.699593 0.041221
vt 0.748030 0.042989
vt 0.747950 0.042364
vt 0.749023 0.042694
vt 0.787109 0.056702
vt 0.788721 0.057258
vt 0.788111 0.057556
vt 0.797141 0.060222
vt 0.796866 0.058988
vt 0.787363 0.082527
vt 0.767572 0.107086
vt 0.787058 0.063132
vt 0.797852 0.059967
vt 0.842773 0.085754
vt 0.843913 0.086506
vt 0.843288 0.086676
vt 0.850966 0.090977
vt 0.807653 0.131832
vt 0.840634 0.091645
vt 0.852536 0.091682
vt 0.846496 0.100390
vt 0.763216 0.127232
vt 0.801169 0.147216
vt 0.720285 0.201502
vt 0.843244 0.086637
vt 0.839862 0.092524
vt 0.803384 0.136465
vt 0.738488 0.208026
vt 0.728027 0.220330
vt 0.714365 0.214345
vt 0.701429 0.198439
vt 0.714036 0.158921
vt 0.752702 0.137108
vt 0.732687 0.099817
vt 0.767974 0.106104
vt 0.787082 0.063101
vt 0.748153 0.043009
vt 0.788062 0.057535
vt 0.743672 0.043804
vt 0.730811 0.095723
vt 0.743645 0.043826
vt 0.731180 0.094563
vt 0.700665 0.030839
vt 0.697163 0.098040
vt 0.688947 0.086520
vt 0.684525 0.196140
vt 0.699716 0.210440
vt 0.684082 0.209097
vt 0.739273 0.229969
vt 0.751768 0.218925
vt 0.747564 0.242552
vt 0.761690 0.232602
vt 0.750981 0.255371
vt 0.762842 0.252811
vt 0.750981 0.268555
vt 0.760966 0.270292
vt 0.748054 0.283203
vt 0.759178 0.289762
vt 0.745135 0.292245
vt 0.755857 0.294297
vt 0.875770 0.322880
vt 0.874700 0.332339
vt 0.917208 0.344766
vt 0.917493 0.335196
vt 0.925261 0.346436
vt 0.878126 0.319741
vt 0.928176 0.332513
vt 0.879577 0.318191
vt 0.928319 0.330393
vt 0.814462 0.276596
vt 0.882689 0.283331
vt 0.939453 0.287592
vt 0.812481 0.273896
vt 0.883779 0.278864
vt 0.803973 0.246091
vt 0.834754 0.243036
vt 0.876539 0.239216
vt 0.937799 0.278567
vt 0.938381 0.280204
vt 0.928561 0.335363
vt 0.928711 0.334229
vt 0.928711 0.330811
vt 0.929688 0.329102
vt 0.929199 0.328857
vt 0.939941 0.288818
vt 0.939453 0.288574
vt 0.940430 0.287598
vt 0.939941 0.286133
vt 0.938925 0.281514
vt 0.933594 0.232178
vt 0.933105 0.232056
vt 0.933469 0.230338
vt 0.933105 0.230835
vt 0.933110 0.230722
vt 0.931614 0.224250
vt 0.828806 0.239953
vt 0.873500 0.234938
vt 0.930469 0.222607
vt 0.931152 0.222534
vt 0.930664 0.220703
vt 0.916992 0.178223
vt 0.916939 0.176918
vt 0.916504 0.175537
vt 0.916504 0.177124
vt 0.916016 0.175781
vt 0.913630 0.168987
vt 0.908393 0.181151
vt 0.860224 0.200704
vt 0.860576 0.194768
vt 0.907916 0.172663
vt 0.913075 0.167241
vt 0.891599 0.130865
vt 0.892090 0.132202
vt 0.880898 0.140230
vt 0.890620 0.129764
vt 0.836634 0.169075
vt 0.772272 0.205432
vt 0.837407 0.162340
vt 0.885240 0.123464
vt 0.881676 0.127706
vt 0.885863 0.123397
vt 0.885254 0.122131
vt 0.884766 0.122375
vt 0.853027 0.092712
vt 0.885248 0.123481
vt 0.836850 0.162265
vt 0.644044 0.039186
vt 0.652904 0.090051
vt 0.643557 0.040137
vt 0.646975 0.036835
vt 0.655861 0.091958
vt 0.686028 0.034452
vt 0.688647 0.086618
vt 0.667639 0.197911
vt 0.668945 0.209464
vt 0.652201 0.200203
vt 0.654297 0.211662
vt 0.626953 0.220334
vt 0.612886 0.157115
vt 0.604066 0.219491
vt 0.615716 0.230219
vt 0.593340 0.232742
vt 0.607408 0.242673
vt 0.591915 0.253028
vt 0.603505 0.254883
vt 0.593218 0.270400
vt 0.604479 0.269775
vt 0.595629 0.290160
vt 0.607902 0.286865
vt 0.599432 0.294434
vt 0.608882 0.290283
vt 0.480168 0.332459
vt 0.478079 0.323002
vt 0.588063 0.105348
vt 0.569826 0.057246
vt 0.570791 0.056424
vt 0.642336 0.100056
vt 0.565689 0.193418
vt 0.518850 0.162042
vt 0.560388 0.152837
vt 0.547309 0.130608
vt 0.509918 0.099820
vt 0.515253 0.090688
vt 0.473477 0.126870
vt 0.503445 0.090672
vt 0.469972 0.122493
vt 0.469971 0.121216
vt 0.502441 0.091736
vt 0.469618 0.122155
vt 0.473389 0.126709
vt 0.517796 0.161926
vt 0.471681 0.136392
vt 0.463632 0.130020
vt 0.464622 0.128799
vt 0.441660 0.166506
vt 0.463135 0.131226
vt 0.517922 0.168514
vt 0.446838 0.170923
vt 0.569893 0.196247
vt 0.494491 0.194471
vt 0.441517 0.167866
vt 0.438721 0.175049
vt 0.438232 0.174805
vt 0.437696 0.176411
vt 0.447040 0.180214
vt 0.438232 0.176270
vt 0.438203 0.176428
vt 0.423584 0.220093
vt 0.423935 0.221981
vt 0.423340 0.221924
vt 0.494449 0.200483
vt 0.422535 0.223610
vt 0.421369 0.230164
vt 0.420967 0.229724
vt 0.421387 0.230225
vt 0.420654 0.231567
vt 0.421388 0.231567
vt 0.415771 0.278076
vt 0.416267 0.279718
vt 0.416016 0.279785
vt 0.415373 0.281250
vt 0.414553 0.287098
vt 0.414062 0.285889
vt 0.413818 0.287109
vt 0.414307 0.288574
vt 0.414795 0.288330
vt 0.424561 0.328857
vt 0.425133 0.329052
vt 0.425293 0.330811
vt 0.425344 0.332551
vt 0.425600 0.335279
vt 0.425293 0.333984
vt 0.432649 0.328837
vt 0.428753 0.346436
vt 0.436770 0.335192
vt 0.437304 0.344662
vt 0.476054 0.320079
vt 0.475132 0.318402
vt 0.471933 0.283168
vt 0.470284 0.278794
vt 0.479053 0.239159
vt 0.481008 0.234645
vt 0.513788 0.275151
vt 0.521184 0.243174
vt 0.521727 0.240063
vt 0.872058 0.358875
vt 0.869334 0.361925
vt 0.847225 0.348138
vt 0.837016 0.368471
vt 0.852884 0.381190
vt 0.844307 0.344831
vt 0.842774 0.348137
vt 0.831913 0.370117
vt 0.831299 0.378073
vt 0.833823 0.403338
vt 0.809061 0.419210
vt 0.817261 0.406397
vt 0.810059 0.416992
vt 0.818274 0.421864
vt 0.807617 0.424072
vt 0.814941 0.426758
vt 0.825150 0.427481
vt 0.820801 0.431641
vt 0.831591 0.432969
vt 0.825195 0.437988
vt 0.834047 0.443048
vt 0.826660 0.444824
vt 0.832641 0.453306
vt 0.827148 0.453369
vt 0.831143 0.463623
vt 0.825196 0.464598
vt 0.799805 0.422852
vt 0.829809 0.466364
vt 0.800770 0.416896
vt 0.791992 0.421143
vt 0.792680 0.416007
vt 0.783691 0.421143
vt 0.783681 0.416322
vt 0.774902 0.422119
vt 0.774711 0.416076
vt 0.767090 0.423828
vt 0.764474 0.417874
vt 0.764648 0.416504
vt 0.759277 0.426758
vt 0.755996 0.422318
vt 0.753418 0.431641
vt 0.749117 0.427485
vt 0.749023 0.438232
vt 0.742097 0.432936
vt 0.747070 0.445312
vt 0.740726 0.443723
vt 0.747070 0.452881
vt 0.741491 0.453348
vt 0.748521 0.465995
vt 0.742377 0.463689
vt 0.743445 0.466392
vt 0.740225 0.464216
vt 0.680607 0.480978
vt 0.680190 0.475889
vt 0.658120 0.480702
vt 0.657715 0.486328
vt 0.652832 0.486816
vt 0.653251 0.480845
vt 0.652354 0.479246
vt 0.678930 0.473364
vt 0.651870 0.478360
vt 0.724628 0.466553
vt 0.678728 0.455140
vt 0.714322 0.454599
vt 0.724609 0.466553
vt 0.650290 0.455447
vt 0.649401 0.451903
vt 0.677686 0.452881
vt 0.738224 0.453356
vt 0.723145 0.453369
vt 0.740398 0.453276
vt 0.723145 0.453369
vt 0.713403 0.438095
vt 0.677754 0.452876
vt 0.703142 0.436192
vt 0.683529 0.433025
vt 0.649432 0.451896
vt 0.656241 0.427754
vt 0.655915 0.423188
vt 0.683627 0.430168
vt 0.661158 0.423624
vt 0.702550 0.434305
vt 0.725586 0.439697
vt 0.741815 0.432849
vt 0.693763 0.414428
vt 0.697253 0.433357
vt 0.739258 0.442871
vt 0.666259 0.402225
vt 0.666587 0.401166
vt 0.666016 0.397221
vt 0.669518 0.398702
vt 0.693478 0.411232
vt 0.729980 0.427490
vt 0.747085 0.426021
vt 0.729978 0.427489
vt 0.705831 0.398935
vt 0.705932 0.395400
vt 0.737305 0.418457
vt 0.693433 0.411180
vt 0.683661 0.377730
vt 0.680074 0.380616
vt 0.680664 0.375591
vt 0.669364 0.398608
vt 0.666019 0.397212
vt 0.741758 0.432664
vt 0.741699 0.432843
vt 0.680668 0.375491
vt 0.681152 0.375000
vt 0.699397 0.363087
vt 0.721999 0.386915
vt 0.706121 0.395562
vt 0.700250 0.362117
vt 0.721222 0.380883
vt 0.701660 0.358019
vt 0.704149 0.360892
vt 0.733279 0.415554
vt 0.736051 0.398495
vt 0.748117 0.426238
vt 0.754395 0.420430
vt 0.755755 0.421680
vt 0.753590 0.398620
vt 0.740122 0.372016
vt 0.752684 0.392485
vt 0.754395 0.420410
vt 0.721196 0.380845
vt 0.734150 0.362299
vt 0.704450 0.361200
vt 0.741521 0.369026
vt 0.701673 0.357897
vt 0.727043 0.347166
vt 0.729903 0.343866
vt 0.731401 0.347066
vt 0.764163 0.416754
vt 0.755280 0.397213
vt 0.731565 0.347385
vt 0.729999 0.343740
vt 0.751471 0.338331
vt 0.759492 0.365234
vt 0.753380 0.337196
vt 0.760732 0.363857
vt 0.754319 0.340770
vt 0.766984 0.391344
vt 0.758789 0.405029
vt 0.773901 0.414208
vt 0.773926 0.414305
vt 0.783626 0.413296
vt 0.776896 0.365997
vt 0.753432 0.337151
vt 0.774742 0.334057
vt 0.777344 0.333252
vt 0.776355 0.337772
vt 0.781267 0.336795
vt 0.781204 0.332077
vt 0.781757 0.359804
vt 0.783687 0.413237
vt 0.781254 0.332032
vt 0.797839 0.362395
vt 0.801688 0.334473
vt 0.804157 0.334695
vt 0.800259 0.361726
vt 0.796694 0.385381
vt 0.792967 0.414077
vt 0.792920 0.414304
vt 0.843750 0.344237
vt 0.804219 0.334731
vt 0.844235 0.344734
vt 0.800617 0.359709
vt 0.810059 0.416992
vt 0.833496 0.463867
vt 0.833216 0.463630
vt 0.848633 0.466353
vt 0.740234 0.463867
vt 0.744729 0.463362
vt 0.724638 0.466553
vt 0.834473 0.443330
vt 0.834308 0.442940
vt 0.848145 0.439830
vt 0.832520 0.432861
vt 0.831952 0.432680
vt 0.843763 0.427707
vt 0.907226 0.397947
vt 0.903737 0.399418
vt 0.893553 0.382081
vt 0.868378 0.398918
vt 0.893507 0.381212
vt 0.880434 0.411599
vt 0.893063 0.376577
vt 0.867545 0.396337
vt 0.890067 0.378714
vt 0.849214 0.409648
vt 0.826571 0.426033
vt 0.843769 0.427694
vt 0.826098 0.426440
vt 0.892578 0.375977
vt 0.893065 0.376466
vt 0.874383 0.364129
vt 0.853009 0.386588
vt 0.867510 0.396354
vt 0.852608 0.381516
vt 0.869675 0.361512
vt 0.872070 0.358990
vt 0.873481 0.363091
vt 0.819823 0.420655
vt 0.817996 0.422643
vt 0.739477 0.442962
vt 0.739258 0.443344
vt 0.916994 0.428955
vt 0.923323 0.452138
vt 0.889190 0.433114
vt 0.895307 0.452899
vt 0.917007 0.428269
vt 0.869205 0.436612
vt 0.850586 0.453369
vt 0.834908 0.443282
vt 0.848145 0.439734
vt 0.871176 0.434630
vt 0.889634 0.430672
vt 0.917269 0.423737
vt 0.907136 0.402682
vt 0.880207 0.414778
vt 0.907227 0.397950
vt 0.903689 0.399454
vt 0.880608 0.411531
vt 0.875977 0.433597
vt 0.832446 0.432867
vt 0.843750 0.427734
vt 0.894503 0.473600
vt 0.893051 0.475933
vt 0.848631 0.466315
vt 0.833495 0.463941
vt 0.892754 0.480999
vt 0.915056 0.480722
vt 0.914747 0.486279
vt 0.919922 0.486816
vt 0.919922 0.480836
vt 0.920399 0.479246
vt 0.920959 0.478363
vt 0.922842 0.455718
vt 0.894540 0.455329
vt 0.923350 0.452146
vt 0.895461 0.452881
vt 0.857033 0.454595
vt 0.850586 0.453369
vt 0.835449 0.453369
vt 0.833528 0.453148
vt 0.967766 0.837906
vt 0.974593 0.852017
vt 0.976030 0.858286
vt 0.859715 0.760270
vt 0.877536 0.768858
vt 0.858887 0.760894
vt 0.884054 0.793980
vt 0.891089 0.775489
vt 0.906212 0.781545
vt 0.899337 0.801088
vt 0.920409 0.791507
vt 0.912161 0.807165
vt 0.939437 0.805663
vt 0.925395 0.815850
vt 0.956569 0.821837
vt 0.936208 0.827719
vt 0.859931 0.795184
vt 0.878565 0.814981
vt 0.861334 0.814939
vt 0.897622 0.819534
vt 0.909180 0.827148
vt 0.908033 0.752240
vt 0.895574 0.754395
vt 0.896086 0.753114
vt 0.910968 0.742358
vt 0.900003 0.740204
vt 0.911232 0.731764
vt 0.903322 0.730469
vt 0.920410 0.750486
vt 0.919366 0.740349
vt 0.928711 0.747560
vt 0.919547 0.731366
vt 0.925754 0.738823
vt 0.939450 0.741696
vt 0.959452 0.715332
vt 0.958984 0.718750
vt 0.955560 0.726071
vt 0.933097 0.735689
vt 0.949695 0.734370
vt 0.925781 0.728516
vt 0.939057 0.730397
vt 0.929688 0.725098
vt 0.944929 0.723519
vt 0.932129 0.720703
vt 0.934084 0.715332
vt 0.950138 0.715332
vt 0.944973 0.706981
vt 0.932129 0.709961
vt 0.929688 0.705566
vt 0.939053 0.700256
vt 0.925781 0.702148
vt 0.933080 0.694996
vt 0.919837 0.699362
vt 0.955558 0.704593
vt 0.925823 0.691693
vt 0.958984 0.711914
vt 0.919377 0.690191
vt 0.912598 0.698730
vt 0.949697 0.696293
vt 0.910817 0.690568
vt 0.905302 0.699703
vt 0.939449 0.688969
vt 0.928711 0.683104
vt 0.899415 0.688405
vt 0.903341 0.700195
vt 0.920410 0.680177
vt 0.912048 0.679432
vt 0.904784 0.677741
vt 0.895639 0.676271
vt 0.895569 0.676392
vt 0.859496 0.789503
vt 0.861183 0.814941
vt 0.858445 0.788139
vt 0.858887 0.760743
vt 0.858892 0.760248
vt 0.859348 0.957523
vt 0.859344 0.957031
vt 0.876684 0.948865
vt 0.876953 0.949707
vt 0.891222 0.941844
vt 0.891602 0.942383
vt 0.905805 0.934550
vt 0.906250 0.935059
vt 0.920319 0.925356
vt 0.920898 0.926270
vt 0.939941 0.912109
vt 0.939508 0.911566
vt 0.957520 0.895996
vt 0.956543 0.895508
vt 0.968750 0.879883
vt 0.967652 0.879648
vt 0.976985 0.858461
vt 0.976033 0.858245
vt 0.967806 0.837942
vt 0.968750 0.837402
vt 0.956612 0.821842
vt 0.957031 0.821289
vt 0.939455 0.805666
vt 0.939941 0.805176
vt 0.920898 0.791016
vt 0.920410 0.791504
vt 0.905778 0.782724
vt 0.906250 0.781738
vt 0.891388 0.775538
vt 0.891602 0.774902
vt 0.877115 0.768636
vt 0.876953 0.767578
vt 0.859387 0.760246
vt 0.859388 0.759766
vt 0.363525 0.726562
vt 0.382496 0.715920
vt 0.368648 0.736817
vt 0.358148 0.717777
vt 0.390185 0.730674
vt 0.364922 0.698995
vt 0.351318 0.710449
vt 0.341350 0.702181
vt 0.378954 0.704105
vt 0.355518 0.691525
vt 0.399168 0.692559
vt 0.414452 0.722048
vt 0.346551 0.683991
vt 0.329341 0.694897
vt 0.408045 0.690076
vt 0.438489 0.684706
vt 0.454065 0.692758
vt 0.387926 0.679128
vt 0.479630 0.659462
vt 0.420936 0.674570
vt 0.463446 0.644256
vt 0.421457 0.664810
vt 0.485928 0.613116
vt 0.507374 0.621780
vt 0.496540 0.600756
vt 0.520654 0.580490
vt 0.535284 0.595341
vt 0.574109 0.568916
vt 0.588867 0.556152
vt 0.621346 0.501027
vt 0.608517 0.536990
vt 0.629883 0.511719
vt 0.600918 0.481152
vt 0.517965 0.564136
vt 0.515140 0.533474
vt 0.588376 0.471683
vt 0.497785 0.555950
vt 0.473239 0.602035
vt 0.448047 0.638139
vt 0.488542 0.567554
vt 0.446428 0.620696
vt 0.423054 0.638205
vt 0.400126 0.666420
vt 0.454658 0.591528
vt 0.459187 0.580131
vt 0.437130 0.564739
vt 0.437202 0.583803
vt 0.396973 0.671875
vt 0.392822 0.675781
vt 0.402405 0.654003
vt 0.382560 0.681192
vt 0.413919 0.630780
vt 0.402910 0.642240
vt 0.375732 0.679688
vt 0.372011 0.688106
vt 0.361825 0.684363
vt 0.430599 0.608428
vt 0.401399 0.636573
vt 0.422803 0.578987
vt 0.410667 0.591568
vt 0.397149 0.625417
vt 0.399170 0.632324
vt 0.395752 0.629395
vt 0.391602 0.627441
vt 0.387207 0.627441
vt 0.381571 0.628066
vt 0.383224 0.622088
vt 0.373291 0.631475
vt 0.373237 0.624517
vt 0.367876 0.628121
vt 0.368652 0.634766
vt 0.364691 0.639828
vt 0.361727 0.646298
vt 0.354431 0.625414
vt 0.414953 0.573866
vt 0.377948 0.590517
vt 0.397044 0.567371
vt 0.422411 0.555642
vt 0.407678 0.544322
vt 0.383211 0.551985
vt 0.442695 0.563025
vt 0.426202 0.550286
vt 0.453430 0.560581
vt 0.439574 0.550605
vt 0.469707 0.544422
vt 0.417824 0.537803
vt 0.490371 0.528078
vt 0.479004 0.513104
vt 0.575190 0.464115
vt 0.557111 0.455832
vt 0.528140 0.443286
vt 0.501777 0.430830
vt 0.466382 0.495035
vt 0.491449 0.426286
vt 0.469927 0.445223
vt 0.482039 0.421873
vt 0.456445 0.487128
vt 0.448867 0.408858
vt 0.433480 0.476030
vt 0.438087 0.431398
vt 0.436029 0.404099
vt 0.418960 0.397731
vt 0.411615 0.470849
vt 0.399415 0.391153
vt 0.332118 0.432447
vt 0.341309 0.374999
vt 0.351562 0.376464
vt 0.395881 0.469587
vt 0.381106 0.384821
vt 0.351827 0.447847
vt 0.365234 0.379890
vt 0.365723 0.482736
vt 0.378892 0.487473
vt 0.392333 0.514481
vt 0.421435 0.520341
vt 0.444386 0.530104
vt 0.410251 0.540478
vt 0.391759 0.529682
vt 0.376190 0.540176
vt 0.385521 0.524609
vt 0.361533 0.537435
vt 0.368190 0.523306
vt 0.365583 0.577671
vt 0.357942 0.612594
vt 0.353571 0.607734
vt 0.349545 0.606109
vt 0.350135 0.614690
vt 0.344806 0.608248
vt 0.338730 0.586796
vt 0.347167 0.530829
vt 0.343627 0.612622
vt 0.318344 0.572750
vt 0.322014 0.531394
vt 0.339544 0.505590
vt 0.352789 0.509922
vt 0.327181 0.462858
vt 0.322256 0.489769
vt 0.317682 0.507249
vt 0.316406 0.516602
vt 0.296029 0.524055
vt 0.315042 0.506843
vt 0.294293 0.491287
vt 0.305951 0.464199
vt 0.300517 0.430912
vt 0.280987 0.448019
vt 0.280085 0.510818
vt 0.267498 0.492445
vt 0.260024 0.520465
vt 0.281494 0.376463
vt 0.291504 0.375000
vt 0.267579 0.379855
vt 0.253590 0.484736
vt 0.251707 0.384843
vt 0.234081 0.426312
vt 0.222663 0.394998
vt 0.216893 0.436733
vt 0.195314 0.428572
vt 0.196905 0.404106
vt 0.183384 0.409090
vt 0.208575 0.478792
vt 0.189380 0.462372
vt 0.150169 0.422194
vt 0.159082 0.458519
vt 0.141479 0.426269
vt 0.131677 0.430691
vt 0.176838 0.486929
vt 0.166611 0.499059
vt 0.104463 0.443350
vt 0.150704 0.518922
vt 0.075576 0.455826
vt 0.132418 0.534300
vt 0.057594 0.464118
vt 0.003147 0.511719
vt 0.011434 0.500794
vt 0.025478 0.538194
vt 0.043884 0.556151
vt 0.030946 0.482036
vt 0.103685 0.571870
vt 0.058765 0.568802
vt 0.098099 0.595714
vt 0.044558 0.471682
vt 0.113942 0.545768
vt 0.124781 0.578501
vt 0.125457 0.621683
vt 0.137227 0.600235
vt 0.142538 0.564492
vt 0.143141 0.617061
vt 0.155071 0.662850
vt 0.155782 0.604404
vt 0.166292 0.641598
vt 0.165837 0.599156
vt 0.190664 0.680328
vt 0.204576 0.713936
vt 0.225828 0.687771
vt 0.224423 0.725080
vt 0.197359 0.663581
vt 0.235743 0.690050
vt 0.247797 0.732177
vt 0.252391 0.719753
vt 0.269287 0.726562
vt 0.264160 0.736816
vt 0.274903 0.717773
vt 0.253899 0.704312
vt 0.267885 0.698990
vt 0.281494 0.710449
vt 0.290986 0.702547
vt 0.243133 0.689474
vt 0.277174 0.691384
vt 0.286289 0.684036
vt 0.301522 0.695268
vt 0.260724 0.687953
vt 0.250971 0.685003
vt 0.219015 0.670411
vt 0.239990 0.675781
vt 0.235962 0.671875
vt 0.248533 0.680457
vt 0.232526 0.666213
vt 0.257080 0.679688
vt 0.270817 0.684183
vt 0.263428 0.674805
vt 0.276853 0.675587
vt 0.267822 0.669434
vt 0.316265 0.689077
vt 0.312824 0.690508
vt 0.297633 0.672069
vt 0.280313 0.665131
vt 0.271240 0.662598
vt 0.272705 0.653320
vt 0.292313 0.659892
vt 0.283299 0.644289
vt 0.271331 0.646288
vt 0.317052 0.667106
vt 0.335539 0.676989
vt 0.356129 0.675498
vt 0.339143 0.659745
vt 0.321893 0.656855
vt 0.352545 0.665148
vt 0.369385 0.674805
vt 0.364990 0.669434
vt 0.361572 0.662598
vt 0.360107 0.653320
vt 0.349519 0.644314
vt 0.337509 0.626480
vt 0.346633 0.621258
vt 0.315858 0.598029
vt 0.316304 0.617978
vt 0.316667 0.609158
vt 0.298071 0.584600
vt 0.288929 0.608515
vt 0.282339 0.531656
vt 0.265901 0.540687
vt 0.275898 0.576365
vt 0.283237 0.605891
vt 0.282764 0.614740
vt 0.287005 0.615657
vt 0.275596 0.600233
vt 0.288348 0.625723
vt 0.301762 0.627957
vt 0.316406 0.643027
vt 0.301243 0.651207
vt 0.278595 0.625176
vt 0.268126 0.639806
vt 0.264160 0.634766
vt 0.264967 0.628121
vt 0.259521 0.631467
vt 0.256828 0.624445
vt 0.251181 0.627987
vt 0.245728 0.627441
vt 0.235155 0.625679
vt 0.241211 0.627441
vt 0.237061 0.629395
vt 0.233765 0.632324
vt 0.231445 0.636719
vt 0.229804 0.642890
vt 0.216753 0.625701
vt 0.262258 0.611059
vt 0.275752 0.613626
vt 0.249900 0.553247
vt 0.242180 0.586690
vt 0.239386 0.530305
vt 0.242388 0.519518
vt 0.220794 0.534927
vt 0.234793 0.484918
vt 0.213006 0.518279
vt 0.190973 0.533278
vt 0.206148 0.543200
vt 0.164681 0.552123
vt 0.188195 0.555013
vt 0.174880 0.590755
vt 0.182419 0.570878
vt 0.195102 0.565185
vt 0.191440 0.587118
vt 0.199297 0.625499
vt 0.205934 0.604187
vt 0.179763 0.627969
vt 0.230685 0.654409
vt 0.217312 0.574603
vt 0.209469 0.578401
vt 0.210468 0.556097
vt 0.235109 0.565483
vt 0.224020 0.545763
vt 0.215888 0.544228
vt 0.201038 0.554240
vt 0.259766 0.978516
vt 0.256836 0.983887
vt 0.247834 0.980982
vt 0.250463 0.974111
vt 0.262941 0.973634
vt 0.259117 0.963116
vt 0.266846 0.969727
vt 0.272346 0.965522
vt 0.251331 0.965503
vt 0.264526 0.958758
vt 0.241514 0.957207
vt 0.269671 0.954755
vt 0.278076 0.961914
vt 0.232000 0.974983
vt 0.235134 0.957474
vt 0.245578 0.956893
vt 0.218089 0.953979
vt 0.209102 0.956694
vt 0.215599 0.944657
vt 0.194469 0.936703
vt 0.231101 0.946453
vt 0.205641 0.930369
vt 0.191618 0.916174
vt 0.182122 0.919015
vt 0.187205 0.905948
vt 0.167642 0.905340
vt 0.171997 0.896675
vt 0.144839 0.890660
vt 0.135986 0.883789
vt 0.125018 0.874629
vt 0.115241 0.854447
vt 0.109863 0.860840
vt 0.126307 0.842296
vt 0.171720 0.884170
vt 0.133425 0.835939
vt 0.141115 0.830568
vt 0.177585 0.872447
vt 0.151743 0.826181
vt 0.190288 0.866438
vt 0.168167 0.818796
vt 0.182813 0.890698
vt 0.196064 0.858329
vt 0.183759 0.811230
vt 0.196530 0.902861
vt 0.195057 0.806071
vt 0.202045 0.820348
vt 0.189578 0.808114
vt 0.214719 0.799083
vt 0.221010 0.832537
vt 0.222289 0.796377
vt 0.232298 0.793361
vt 0.235075 0.836862
vt 0.243773 0.790545
vt 0.279541 0.783690
vt 0.279262 0.816076
vt 0.271982 0.784071
vt 0.244968 0.844676
vt 0.254391 0.787645
vt 0.252349 0.841656
vt 0.263918 0.785138
vt 0.259654 0.837523
vt 0.266755 0.857074
vt 0.229786 0.853292
vt 0.209333 0.844314
vt 0.203985 0.848965
vt 0.217530 0.868910
vt 0.195161 0.879145
vt 0.206524 0.877691
vt 0.194151 0.889475
vt 0.209658 0.888622
vt 0.205393 0.897538
vt 0.198044 0.910916
vt 0.211841 0.923847
vt 0.205789 0.906876
vt 0.235296 0.942071
vt 0.241943 0.947266
vt 0.240398 0.944502
vt 0.244019 0.949707
vt 0.248678 0.952347
vt 0.249756 0.954585
vt 0.239127 0.937409
vt 0.226849 0.928184
vt 0.255065 0.956420
vt 0.253174 0.951660
vt 0.238817 0.931201
vt 0.239186 0.923889
vt 0.239624 0.927734
vt 0.241089 0.925293
vt 0.225229 0.912039
vt 0.242920 0.923828
vt 0.218248 0.915883
vt 0.243618 0.920899
vt 0.245239 0.922852
vt 0.247681 0.922852
vt 0.250937 0.923479
vt 0.255114 0.925243
vt 0.253658 0.921141
vt 0.232873 0.903900
vt 0.243326 0.900860
vt 0.258924 0.924472
vt 0.257568 0.927246
vt 0.259766 0.930176
vt 0.261524 0.933498
vt 0.261230 0.942383
vt 0.262201 0.937509
vt 0.266285 0.944065
vt 0.259521 0.946289
vt 0.264240 0.949633
vt 0.256836 0.949219
vt 0.260973 0.954379
vt 0.269545 0.924099
vt 0.282954 0.959373
vt 0.274170 0.948242
vt 0.273195 0.941028
vt 0.286274 0.945332
vt 0.286623 0.958008
vt 0.290517 0.959549
vt 0.289763 0.939598
vt 0.278009 0.933604
vt 0.286621 0.931512
vt 0.297367 0.947877
vt 0.272906 0.921283
vt 0.294547 0.923061
vt 0.267137 0.919568
vt 0.265747 0.915259
vt 0.269231 0.916228
vt 0.256147 0.909709
vt 0.267946 0.911369
vt 0.269807 0.911848
vt 0.264197 0.908817
vt 0.272147 0.915049
vt 0.217554 0.899416
vt 0.205598 0.898748
vt 0.211513 0.893980
vt 0.227752 0.895383
vt 0.219777 0.887783
vt 0.232885 0.892537
vt 0.226218 0.882961
vt 0.240096 0.883673
vt 0.256026 0.895426
vt 0.250293 0.880177
vt 0.236096 0.876004
vt 0.263195 0.888309
vt 0.272437 0.911063
vt 0.275210 0.893609
vt 0.286742 0.907081
vt 0.269783 0.869488
vt 0.286534 0.917695
vt 0.286328 0.913124
vt 0.302180 0.915624
vt 0.299392 0.940905
vt 0.303609 0.954686
vt 0.295166 0.961914
vt 0.300792 0.965439
vt 0.308760 0.958705
vt 0.314174 0.963074
vt 0.306396 0.969727
vt 0.310300 0.973635
vt 0.321923 0.965431
vt 0.313477 0.978516
vt 0.323049 0.974003
vt 0.316404 0.983888
vt 0.337063 0.977065
vt 0.331629 0.957327
vt 0.348425 0.968253
vt 0.327654 0.957081
vt 0.336859 0.953797
vt 0.366196 0.954460
vt 0.354313 0.953715
vt 0.355962 0.945606
vt 0.378711 0.936736
vt 0.367686 0.930273
vt 0.345386 0.943741
vt 0.377470 0.912807
vt 0.391072 0.918947
vt 0.386016 0.905913
vt 0.405395 0.905487
vt 0.400479 0.895741
vt 0.428509 0.890601
vt 0.447267 0.875488
vt 0.437256 0.883789
vt 0.458058 0.854573
vt 0.463379 0.860840
vt 0.451170 0.846680
vt 0.394673 0.872128
vt 0.439695 0.835940
vt 0.445548 0.840828
vt 0.394585 0.887970
vt 0.383848 0.882057
vt 0.378089 0.902694
vt 0.369945 0.898659
vt 0.352751 0.812610
vt 0.350828 0.796414
vt 0.359178 0.799292
vt 0.340825 0.793330
vt 0.370986 0.821219
vt 0.378275 0.806100
vt 0.351433 0.835678
vt 0.293701 0.783691
vt 0.301270 0.784176
vt 0.309324 0.785137
vt 0.339183 0.844925
vt 0.329588 0.790521
vt 0.327909 0.846524
vt 0.318851 0.787629
vt 0.320822 0.842011
vt 0.312978 0.850720
vt 0.293997 0.815148
vt 0.303847 0.840844
vt 0.383545 0.808104
vt 0.370230 0.844744
vt 0.389500 0.811233
vt 0.363621 0.844112
vt 0.343114 0.865400
vt 0.376459 0.858478
vt 0.404661 0.818594
vt 0.384066 0.866155
vt 0.421380 0.826179
vt 0.432125 0.830570
vt 0.369434 0.874582
vt 0.375297 0.887731
vt 0.362250 0.885825
vt 0.353159 0.879009
vt 0.355513 0.868916
vt 0.333275 0.863166
vt 0.340075 0.872465
vt 0.346578 0.879491
vt 0.334279 0.872072
vt 0.357081 0.887422
vt 0.347201 0.883028
vt 0.336870 0.876433
vt 0.352797 0.887477
vt 0.363086 0.894949
vt 0.361524 0.925888
vt 0.368480 0.904029
vt 0.358355 0.919025
vt 0.318236 0.956301
vt 0.323486 0.954592
vt 0.329102 0.949707
vt 0.331299 0.947266
vt 0.333031 0.944432
vt 0.324570 0.952332
vt 0.320068 0.951660
vt 0.346138 0.928223
vt 0.333982 0.937532
vt 0.312249 0.954398
vt 0.316406 0.949219
vt 0.334329 0.931309
vt 0.332332 0.922560
vt 0.333496 0.927734
vt 0.332275 0.925293
vt 0.341369 0.922886
vt 0.330322 0.923828
vt 0.328125 0.922852
vt 0.349536 0.911879
vt 0.325629 0.922918
vt 0.344261 0.895229
vt 0.322286 0.923482
vt 0.318134 0.925225
vt 0.318864 0.921092
vt 0.335093 0.901264
vt 0.315109 0.923459
vt 0.315674 0.927246
vt 0.313446 0.930018
vt 0.311735 0.933537
vt 0.306594 0.922471
vt 0.311044 0.937510
vt 0.312012 0.942383
vt 0.306542 0.942719
vt 0.313721 0.946289
vt 0.309026 0.949614
vt 0.323015 0.902760
vt 0.300930 0.920988
vt 0.303698 0.919586
vt 0.308980 0.915180
vt 0.305451 0.916065
vt 0.306996 0.911770
vt 0.302857 0.911792
vt 0.304980 0.910806
vt 0.350624 0.897597
vt 0.358538 0.901393
vt 0.340023 0.891478
vt 0.329221 0.885504
vt 0.315946 0.895203
vt 0.322174 0.877571
vt 0.327927 0.868205
vt 0.318267 0.874204
vt 0.329947 0.865590
vt 0.321767 0.860870
vt 0.323467 0.866040
vt 0.313611 0.864704
vt 0.292101 0.831585
vt 0.288276 0.851829
vt 0.302493 0.860443
vt 0.286621 0.861816
vt 0.287109 0.857422
vt 0.286555 0.868697
vt 0.315574 0.870774
vt 0.302829 0.871764
vt 0.309673 0.891746
vt 0.296007 0.900297
vt 0.300059 0.912812
vt 0.285484 0.893124
vt 0.261697 0.872113
vt 0.254211 0.872109
vt 0.274339 0.854454
vt 0.285934 0.856473
vt 0.281096 0.831847
vt 0.260098 0.860444
vt 0.252763 0.865341
vt 0.251414 0.858597
vt 0.230868 0.864357
vt 0.235529 0.871368
vt 0.245243 0.868201
vt 0.238797 0.871680
vt 0.226771 0.879399
vt 0.225842 0.875830
vt 0.217409 0.880578
vt 0.217948 0.885911
vt 0.630190 0.512114
vt 0.574703 0.569339
vt 0.574205 0.568860
vt 0.629849 0.511775
vt 0.615623 0.493946
vt 0.614993 0.494474
vt 0.599609 0.479004
vt 0.599121 0.479492
vt 0.588867 0.470947
vt 0.588379 0.471680
vt 0.575684 0.463379
vt 0.575195 0.464111
vt 0.557617 0.455322
vt 0.557129 0.455811
vt 0.538574 0.447266
vt 0.538086 0.447754
vt 0.518847 0.438338
vt 0.519019 0.439044
vt 0.500977 0.429932
vt 0.500977 0.430420
vt 0.491699 0.425537
vt 0.491455 0.426270
vt 0.482790 0.421605
vt 0.482210 0.421944
vt 0.449391 0.408229
vt 0.448858 0.408823
vt 0.436279 0.403320
vt 0.436035 0.404053
vt 0.419189 0.397217
vt 0.418945 0.397949
vt 0.399658 0.390381
vt 0.399414 0.391113
vt 0.381348 0.384277
vt 0.381104 0.384766
vt 0.365479 0.379150
vt 0.365234 0.379883
vt 0.351562 0.375732
vt 0.351562 0.376465
vt 0.341064 0.374268
vt 0.341309 0.375000
vt 0.330134 0.441315
vt 0.341064 0.374269
vt 0.341308 0.375004
vt 0.330567 0.442642
vt 0.322806 0.484290
vt 0.321899 0.485720
vt 0.317449 0.504681
vt 0.318292 0.504115
vt 0.967762 0.879391
vt 0.974599 0.865248
vt 0.858887 0.956405
vt 0.876981 0.948661
vt 0.859706 0.956692
vt 0.905760 0.934565
vt 0.891063 0.941869
vt 0.884142 0.924786
vt 0.947179 0.841791
vt 0.916016 0.835938
vt 0.921387 0.846191
vt 0.957311 0.858398
vt 0.947437 0.875532
vt 0.924808 0.858398
vt 0.921387 0.870605
vt 0.916016 0.881348
vt 0.936218 0.889560
vt 0.909180 0.890137
vt 0.956520 0.895501
vt 0.925415 0.901308
vt 0.900879 0.896484
vt 0.939410 0.911656
vt 0.912146 0.910118
vt 0.887122 0.900948
vt 0.919637 0.924087
vt 0.899368 0.916295
vt 0.869703 0.903011
vt 0.861329 0.902833
vt 0.859231 0.934654
vt 0.310303 0.973633
vt 0.306396 0.969727
vt 0.290153 0.959895
vt 0.295159 0.961911
vt 0.286646 0.958006
vt 0.286743 0.958008
vt 0.283101 0.959889
vt 0.281982 0.960449
vt 0.858578 0.925880
vt 0.861226 0.902730
vt 0.860350 0.915550
vt 0.859217 0.932533
vt 0.857910 0.940918
vt 0.858898 0.957047
vt 0.858887 0.956504
vt 0.274170 0.963867
vt 0.274414 0.963867
vt 0.270752 0.966797
vt 0.301128 0.965708
vt 0.300567 0.965148
vt 0.295166 0.961914
vt 0.873535 0.814941
vt 0.871673 0.814453
vt 0.882812 0.815785
vt 0.861430 0.814941
vt 0.861270 0.814960
vt 0.900894 0.820786
vt 0.902300 0.822636
vt 0.892090 0.817383
vt 0.909141 0.827148
vt 0.916016 0.835938
vt 0.921029 0.846549
vt 0.924805 0.858398
vt 0.924316 0.858398
vt 0.920882 0.870605
vt 0.908691 0.890137
vt 0.900708 0.896313
vt 0.892090 0.899902
vt 0.892090 0.899414
vt 0.882812 0.901769
vt 0.872153 0.902820
vt 0.873535 0.902344
vt 0.861331 0.902344
vt 0.861324 0.902832
vt 0.058382 0.569338
vt 0.003176 0.511756
vt 0.058840 0.568850
vt 0.002570 0.511729
vt 0.017906 0.493277
vt 0.017670 0.494547
vt 0.033356 0.479004
vt 0.033783 0.479492
vt 0.044189 0.470947
vt 0.044556 0.471680
vt 0.057312 0.463379
vt 0.057587 0.464111
vt 0.075317 0.455322
vt 0.075562 0.455811
vt 0.094299 0.447266
vt 0.094543 0.447754
vt 0.113565 0.438561
vt 0.113251 0.439324
vt 0.131836 0.429932
vt 0.132080 0.430420
vt 0.141235 0.425537
vt 0.141479 0.426270
vt 0.150257 0.421550
vt 0.150551 0.422015
vt 0.183499 0.408206
vt 0.183816 0.408877
vt 0.196655 0.403320
vt 0.196899 0.404053
vt 0.213623 0.397217
vt 0.213867 0.397949
vt 0.233154 0.390381
vt 0.233398 0.391113
vt 0.251465 0.384277
vt 0.251709 0.384766
vt 0.267578 0.379150
vt 0.267578 0.379883
vt 0.281250 0.375732
vt 0.281494 0.376465
vt 0.291625 0.374636
vt 0.291748 0.374268
vt 0.301536 0.433384
vt 0.291504 0.375000
vt 0.302339 0.443605
vt 0.310611 0.483460
vt 0.310226 0.485275
vt 0.315489 0.505326
vt 0.314757 0.505329
vt 0.679337 0.968235
vt 0.764169 0.990236
vt 0.769960 0.971113
vt 0.683841 0.954335
vt 0.624198 0.949540
vt 0.567863 0.927729
vt 0.571287 0.920897
vt 0.674504 0.938877
vt 0.573737 0.914064
vt 0.665643 0.925509
vt 0.575696 0.906743
vt 0.635925 0.909831
vt 0.577136 0.899410
vt 0.636610 0.899564
vt 0.578125 0.892090
vt 0.639901 0.890111
vt 0.579097 0.884276
vt 0.581588 0.869141
vt 0.580163 0.864033
vt 0.579574 0.876953
vt 0.643606 0.879953
vt 0.644913 0.869258
vt 0.644357 0.858910
vt 0.640853 0.848820
vt 0.579083 0.854006
vt 0.631496 0.839479
vt 0.578115 0.846192
vt 0.630094 0.829839
vt 0.577134 0.838871
vt 0.574030 0.820405
vt 0.572587 0.821277
vt 0.575673 0.831546
vt 0.627950 0.819890
vt 0.636805 0.807335
vt 0.639488 0.835135
vt 0.637810 0.818148
vt 0.649228 0.837318
vt 0.646378 0.827411
vt 0.658899 0.869629
vt 0.658832 0.858398
vt 0.658500 0.847079
vt 0.659532 0.880859
vt 0.742614 0.803562
vt 0.702254 0.819283
vt 0.736221 0.828803
vt 0.757773 0.840964
vt 0.760486 0.854985
vt 0.692859 0.796376
vt 0.682857 0.784944
vt 0.687155 0.768731
vt 0.623343 0.788774
vt 0.567909 0.810526
vt 0.766141 0.749505
vt 0.771520 0.769083
vt 0.768788 0.786223
vt 0.759663 0.814579
vt 0.791908 0.797879
vt 0.792119 0.825541
vt 0.781727 0.784673
vt 0.801369 0.811020
vt 0.772949 0.768555
vt 0.766113 0.749512
vt 0.767090 0.749512
vt 0.802246 0.810059
vt 0.811523 0.822266
vt 0.810547 0.822754
vt 0.819824 0.836426
vt 0.818359 0.836914
vt 0.824707 0.853516
vt 0.823730 0.853516
vt 0.826660 0.870605
vt 0.825195 0.870605
vt 0.824707 0.887695
vt 0.823242 0.887207
vt 0.819336 0.904297
vt 0.817871 0.903809
vt 0.811035 0.918457
vt 0.810059 0.917480
vt 0.801270 0.930664
vt 0.800522 0.929717
vt 0.790959 0.942353
vt 0.771484 0.971680
vt 0.780722 0.955553
vt 0.765625 0.990723
vt 0.764160 0.990234
vt 0.744311 0.950684
vt 0.749348 0.937334
vt 0.791482 0.914733
vt 0.728953 0.922774
vt 0.742071 0.911437
vt 0.657745 0.891946
vt 0.754240 0.899101
vt 0.802381 0.901507
vt 0.764535 0.870076
vt 0.766774 0.884988
vt 0.802825 0.838694
vt 0.806787 0.854456
vt 0.809131 0.870117
vt 0.810550 0.822753
vt 0.807187 0.886230
vt 0.764167 0.990236
vt 0.687656 0.970642
vt 0.769966 0.971114
vt 0.681411 0.953703
vt 0.626872 0.950496
vt 0.567887 0.927743
vt 0.571284 0.920896
vt 0.675349 0.939048
vt 0.573729 0.914062
vt 0.665277 0.925437
vt 0.575689 0.906740
vt 0.635502 0.909757
vt 0.577150 0.899415
vt 0.636478 0.899545
vt 0.578115 0.892088
vt 0.639933 0.890117
vt 0.579098 0.884276
vt 0.580129 0.863963
vt 0.581588 0.869141
vt 0.579579 0.876953
vt 0.643548 0.879951
vt 0.644924 0.869253
vt 0.644374 0.858908
vt 0.640936 0.848815
vt 0.579084 0.854006
vt 0.631526 0.839475
vt 0.578111 0.846192
vt 0.630231 0.829819
vt 0.577135 0.838871
vt 0.628053 0.819871
vt 0.575667 0.831547
vt 0.636778 0.807346
vt 0.573662 0.824731
vt 0.639495 0.835168
vt 0.637776 0.818155
vt 0.649044 0.837338
vt 0.646381 0.827410
vt 0.658917 0.869629
vt 0.658822 0.858398
vt 0.658477 0.847068
vt 0.659546 0.880859
vt 0.741532 0.803629
vt 0.702713 0.819242
vt 0.737713 0.828692
vt 0.757633 0.841197
vt 0.760846 0.854978
vt 0.692056 0.796494
vt 0.681365 0.785314
vt 0.571448 0.817311
vt 0.626313 0.787813
vt 0.681289 0.770406
vt 0.567870 0.810548
vt 0.761651 0.769952
vt 0.766144 0.749505
vt 0.768980 0.786200
vt 0.771973 0.769043
vt 0.760010 0.814559
vt 0.791965 0.797875
vt 0.793596 0.825421
vt 0.781716 0.784679
vt 0.801364 0.811021
vt 0.800543 0.929719
vt 0.790957 0.942363
vt 0.780693 0.955552
vt 0.743973 0.950644
vt 0.750291 0.937425
vt 0.790603 0.914683
vt 0.728328 0.922704
vt 0.741787 0.911416
vt 0.657798 0.891893
vt 0.754262 0.898991
vt 0.802127 0.901780
vt 0.766739 0.884989
vt 0.764833 0.870073
vt 0.802787 0.838704
vt 0.806800 0.854459
vt 0.803223 0.824219
vt 0.809128 0.870117
vt 0.807188 0.886230
vt 0.672367 0.618162
vt 0.634031 0.632569
vt 0.677170 0.627466
vt 0.632495 0.640469
vt 0.663612 0.640278
vt 0.683495 0.635765
vt 0.690868 0.642103
vt 0.667684 0.647181
vt 0.698075 0.647873
vt 0.604950 0.642335
vt 0.628176 0.648388
vt 0.698540 0.665141
vt 0.709473 0.663086
vt 0.703982 0.654814
vt 0.712891 0.672852
vt 0.657285 0.655446
vt 0.623875 0.655111
vt 0.701374 0.673938
vt 0.713867 0.683594
vt 0.664824 0.660790
vt 0.701901 0.683594
vt 0.712891 0.693848
vt 0.671572 0.667596
vt 0.701107 0.692804
vt 0.709961 0.703613
vt 0.676001 0.675261
vt 0.698986 0.702043
vt 0.704556 0.711907
vt 0.675181 0.683594
vt 0.675377 0.691898
vt 0.670142 0.699465
vt 0.674104 0.714522
vt 0.698356 0.718779
vt 0.691146 0.725029
vt 0.661026 0.705983
vt 0.663087 0.719427
vt 0.683865 0.731395
vt 0.677682 0.739732
vt 0.652437 0.724401
vt 0.632939 0.727218
vt 0.672865 0.749028
vt 0.631663 0.734449
vt 0.642383 0.709998
vt 0.604618 0.725500
vt 0.607709 0.715102
vt 0.611537 0.710581
vt 0.612585 0.705232
vt 0.614250 0.700243
vt 0.607745 0.707858
vt 0.603361 0.709068
vt 0.572750 0.709002
vt 0.571291 0.714845
vt 0.574217 0.703124
vt 0.575395 0.698080
vt 0.604228 0.704033
vt 0.604943 0.696927
vt 0.576168 0.689978
vt 0.609375 0.699707
vt 0.611804 0.689401
vt 0.576174 0.684082
vt 0.611550 0.694484
vt 0.611932 0.684082
vt 0.576172 0.678165
vt 0.611074 0.678625
vt 0.608960 0.673338
vt 0.575475 0.670683
vt 0.607262 0.668420
vt 0.607078 0.663367
vt 0.573748 0.662634
vt 0.572267 0.657227
vt 0.571285 0.653322
vt 0.672364 0.618164
vt 0.677175 0.627465
vt 0.642087 0.629694
vt 0.631459 0.640750
vt 0.683476 0.635769
vt 0.664691 0.640029
vt 0.690901 0.642095
vt 0.668694 0.647000
vt 0.698078 0.647873
vt 0.603120 0.643012
vt 0.704102 0.654785
vt 0.692226 0.657648
vt 0.627231 0.648590
vt 0.698290 0.665162
vt 0.657453 0.655418
vt 0.623403 0.655193
vt 0.701387 0.673937
vt 0.664176 0.660882
vt 0.701889 0.683594
vt 0.671294 0.667622
vt 0.701053 0.692802
vt 0.675795 0.675270
vt 0.699130 0.702056
vt 0.704556 0.711907
vt 0.675090 0.683594
vt 0.675707 0.691910
vt 0.670358 0.699481
vt 0.698346 0.718776
vt 0.674126 0.714525
vt 0.691138 0.725027
vt 0.661181 0.706001
vt 0.667161 0.720136
vt 0.683863 0.731394
vt 0.672852 0.749023
vt 0.667788 0.747002
vt 0.677684 0.739732
vt 0.651960 0.724302
vt 0.632408 0.727076
vt 0.630124 0.733963
vt 0.642291 0.709986
vt 0.614010 0.711017
vt 0.602343 0.724763
vt 0.607704 0.715101
vt 0.612580 0.705231
vt 0.614217 0.700240
vt 0.607757 0.707798
vt 0.603340 0.709063
vt 0.571290 0.714843
vt 0.573695 0.705217
vt 0.575400 0.698046
vt 0.604145 0.704026
vt 0.604939 0.696973
vt 0.576169 0.689708
vt 0.611771 0.689398
vt 0.576174 0.684082
vt 0.611537 0.694484
vt 0.611953 0.684082
vt 0.576171 0.678103
vt 0.611057 0.678623
vt 0.608990 0.673335
vt 0.575472 0.670655
vt 0.607285 0.668423
vt 0.606995 0.663392
vt 0.573713 0.662506
vt 0.572266 0.657227
vt 0.571286 0.653321
vt 0.569824 0.920410
vt 0.566406 0.926758
vt 0.567871 0.927734
vt 0.571289 0.920898
vt 0.572266 0.913574
vt 0.573730 0.914062
vt 0.574219 0.906250
vt 0.575684 0.906738
vt 0.575684 0.899414
vt 0.577148 0.899414
vt 0.576660 0.892090
vt 0.578125 0.892090
vt 0.577637 0.884277
vt 0.579102 0.884277
vt 0.578125 0.876953
vt 0.579590 0.876953
vt 0.578125 0.869141
vt 0.579590 0.869141
vt 0.578125 0.861816
vt 0.579590 0.861816
vt 0.577637 0.854004
vt 0.579102 0.854004
vt 0.576660 0.846680
vt 0.578125 0.846191
vt 0.575684 0.838867
vt 0.577148 0.838867
vt 0.574219 0.832031
vt 0.575684 0.831543
vt 0.572266 0.824707
vt 0.569824 0.817871
vt 0.566406 0.811523
vt 0.567871 0.810547
vt 0.119263 0.095276
vt 0.128540 0.106689
vt 0.109802 0.106628
vt 0.100400 0.117888
vt 0.137941 0.118088
vt 0.134277 0.156862
vt 0.103638 0.156739
vt 0.126752 0.238854
vt 0.122864 0.288818
vt 0.113708 0.288818
vt 0.110454 0.240532
vt 0.108430 0.213579
vt 0.129150 0.211116
vt 0.134277 0.156860
vt 0.103638 0.156740
vt 0.259099 0.131983
vt 0.297308 0.131904
vt 0.260254 0.153809
vt 0.296387 0.153809
vt 0.264566 0.176485
vt 0.292073 0.176488
vt 0.233977 0.177121
vt 0.231959 0.181865
vt 0.214937 0.119397
vt 0.225254 0.117536
vt 0.218824 0.181449
vt 0.179920 0.119878
vt 0.173900 0.181265
vt 0.160959 0.181862
vt 0.158972 0.176936
vt 0.166906 0.117794
vt 0.056183 0.343018
vt 0.041567 0.341978
vt 0.057190 0.341629
vt 0.060797 0.274179
vt 0.063792 0.286003
vt 0.058929 0.341309
vt 0.064447 0.267820
vt 0.064020 0.238756
vt 0.066905 0.244588
vt 0.068750 0.227775
vt 0.073462 0.159496
vt 0.076476 0.159061
vt 0.036053 0.239663
vt 0.038126 0.274528
vt 0.027257 0.159477
vt 0.072886 0.109573
vt 0.076475 0.159104
vt 0.074598 0.107967
vt 0.063398 0.095442
vt 0.065010 0.093064
vt 0.029546 0.107833
vt 0.050238 0.084181
vt 0.050501 0.081403
vt 0.037235 0.091927
vt 0.027034 0.107241
vt 0.024616 0.158976
vt 0.026507 0.159256
vt 0.024613 0.158944
vt 0.031525 0.227670
vt 0.033095 0.244144
vt 0.035189 0.267578
vt 0.035707 0.285684
vt 0.102417 0.365479
vt 0.088261 0.337191
vt 0.116269 0.332878
vt 0.098161 0.313773
vt 0.077576 0.300049
vt 0.071949 0.311543
vt 0.088740 0.338191
vt 0.116261 0.332894
vt 0.097442 0.313143
vt 0.071955 0.311533
vt 0.254883 0.254883
vt 0.254883 0.263672
vt 0.243450 0.263995
vt 0.242019 0.265426
vt 0.161310 0.265420
vt 0.161225 0.263748
vt 0.152954 0.263672
vt 0.152954 0.254639
vt 0.160035 0.276123
vt 0.160034 0.267090
vt 0.243286 0.267090
vt 0.243287 0.276123
vt 0.161011 0.263672
vt 0.196104 0.270695
vt 0.159060 0.293701
vt 0.242669 0.294189
vt 0.243727 0.263930
vt 0.242310 0.265381
vt 0.205513 0.268745
vt 0.242668 0.265869
vt 0.159060 0.266113
vt 0.161032 0.265385
vt 0.159061 0.293701
vt 0.161048 0.263685
vt 0.242669 0.294189
vt 0.205569 0.270752
vt 0.243774 0.263916
vt 0.160037 0.276123
vt 0.160036 0.267090
vt 0.243280 0.267090
vt 0.243281 0.276123
vt 0.242007 0.264251
vt 0.240665 0.265556
vt 0.161017 0.265382
vt 0.242261 0.265388
vt 0.195904 0.268740
vt 0.242671 0.265869
vt 0.159062 0.266113
vt 0.161011 0.265381
vt 0.873535 0.902344
vt 0.891039 0.899635
vt 0.882812 0.901367
vt 0.924318 0.858406
vt 0.916019 0.835944
vt 0.924316 0.858398
vt 0.895840 0.897870
vt 0.900391 0.895996
vt 0.862794 0.814941
vt 0.862794 0.814941
vt 0.262939 0.973633
vt 0.913728 0.884093
vt 0.920898 0.870605
vt 0.331923 0.011621
vt 0.331055 0.011634
vt 0.331903 0.096161
vt 0.331055 0.096134
vt 0.338363 0.011611
vt 0.338377 0.096076
vt 0.347657 0.011563
vt 0.347168 0.096165
vt 0.347656 0.095912
vt 0.347656 0.097534
vt 0.347653 0.181577
vt 0.338359 0.181635
vt 0.331900 0.181668
vt 0.331055 0.181724
vt 0.338352 0.266116
vt 0.347649 0.266039
vt 0.331064 0.266144
vt 0.338052 0.351502
vt 0.347644 0.351563
vt 0.332171 0.351505
vt 0.331055 0.351490
vt 0.331055 0.351754
vt 0.331055 0.266418
vt 0.331837 0.351825
vt 0.331952 0.266272
vt 0.331055 0.181817
vt 0.338267 0.266372
vt 0.337964 0.351751
vt 0.332014 0.181731
vt 0.347654 0.266327
vt 0.347659 0.351832
vt 0.347654 0.181835
vt 0.338270 0.181771
vt 0.347552 0.096130
vt 0.338272 0.096268
vt 0.347658 0.011717
vt 0.338318 0.011729
vt 0.331103 0.096173
vt 0.331287 0.011754
vt 0.900391 0.568359
vt 0.897946 0.566895
vt 0.823730 0.568359
vt 0.825195 0.566895
vt 0.830321 0.548212
vt 0.823729 0.568347
vt 0.835616 0.536391
vt 0.854540 0.529500
vt 0.866870 0.525733
vt 0.882193 0.536356
vt 0.893848 0.544972
vt 0.897948 0.566884
vt 0.897949 0.566895
vt 0.826172 0.558105
vt 0.832520 0.542969
vt 0.844238 0.532227
vt 0.860840 0.527832
vt 0.875000 0.530762
vt 0.888184 0.541016
vt 0.896484 0.556152
vt 0.886717 0.600098
vt 0.881348 0.597168
vt 0.823730 0.600098
vt 0.832031 0.597168
vt 0.881348 0.606934
vt 0.881348 0.619629
vt 0.886719 0.624023
vt 0.886719 0.603516
vt 0.832031 0.619629
vt 0.832031 0.606934
vt 0.823730 0.603516
vt 0.823730 0.624023
vt 0.893066 0.605957
vt 0.893066 0.620605
vt 0.898438 0.620605
vt 0.898438 0.605957
vt 0.893066 0.583984
vt 0.893066 0.598145
vt 0.898438 0.598145
vt 0.898438 0.583984
vt 0.816406 0.635252
vt 0.909177 0.635251
vt 0.886719 0.624023
vt 0.890625 0.624023
vt 0.886719 0.603516
vt 0.900391 0.624023
vt 0.900391 0.603516
vt 0.890625 0.603516
vt 0.816406 0.577496
vt 0.886718 0.600098
vt 0.823730 0.581543
vt 0.890625 0.600098
vt 0.886718 0.581543
vt 0.900391 0.600098
vt 0.909180 0.577037
vt 0.900391 0.581543
vt 0.890625 0.581543
vt 0.899414 0.555176
vt 0.906250 0.552734
vt 0.890625 0.539062
vt 0.895996 0.533203
vt 0.876465 0.527832
vt 0.879395 0.520020
vt 0.860840 0.524414
vt 0.860840 0.515625
vt 0.842773 0.529785
vt 0.839355 0.522461
vt 0.830078 0.541504
vt 0.824707 0.536621
vt 0.823242 0.557617
vt 0.816406 0.555664
vt 0.832031 0.584473
vt 0.881348 0.597168
vt 0.881348 0.584473
vt 0.881347 0.619629
vt 0.881348 0.606934
vt 0.881348 0.584473
vt 0.886717 0.581543
vt 0.881348 0.619629
vt 0.886718 0.624023
vt 0.832031 0.606934
vt 0.886717 0.603516
vt 0.881348 0.584473
vt 0.881348 0.597168
vt 0.886719 0.600098
vt 0.886719 0.581543
vt 0.937500 0.610870
vt 0.924805 0.635742
vt 0.937500 0.635741
vt 0.924805 0.611412
vt 0.924805 0.600098
vt 0.937500 0.595883
vt 0.926270 0.592512
vt 0.937500 0.585449
vt 0.926270 0.578125
vt 0.937500 0.573031
vt 0.924805 0.570801
vt 0.924805 0.560509
vt 0.937499 0.557526
vt 0.924805 0.535156
vt 0.937500 0.535156
vt 0.774902 0.541992
vt 0.788086 0.544922
vt 0.799788 0.554199
vt 0.749512 0.554199
vt 0.761230 0.544922
vt 0.741699 0.567871
vt 0.807617 0.567871
vt 0.810059 0.583627
vt 0.739258 0.583514
vt 0.810059 0.622070
vt 0.739258 0.622070
vt 0.937500 0.499023
vt 0.924805 0.499023
vt 0.937500 0.535155
vt 0.924805 0.535156
vt 0.723144 0.588867
vt 0.723145 0.606443
vt 0.709964 0.606445
vt 0.709961 0.588869
vt 0.723145 0.578125
vt 0.723145 0.588867
vt 0.709963 0.588867
vt 0.709961 0.578125
vt 0.709963 0.617188
vt 0.709964 0.606445
vt 0.723145 0.606445
vt 0.723145 0.617188
vt 0.733887 0.588867
vt 0.733887 0.606445
vt 0.723145 0.606444
vt 0.699219 0.606445
vt 0.699219 0.588870
vt 0.709961 0.606445
vt 0.709961 0.588869
vt 0.960938 0.576660
vt 0.956055 0.577637
vt 0.956055 0.587891
vt 0.960449 0.586914
vt 0.955566 0.598145
vt 0.959961 0.598633
vt 0.955566 0.605469
vt 0.958984 0.607910
vt 0.955566 0.625488
vt 0.958496 0.629395
vt 0.951660 0.631264
vt 0.956055 0.631348
vt 0.952637 0.605957
vt 0.955673 0.595910
vt 0.952637 0.595576
vt 0.952148 0.577637
vt 0.963493 0.597262
vt 0.964844 0.576660
vt 0.960937 0.576673
vt 0.959499 0.603021
vt 0.962402 0.608398
vt 0.962402 0.629883
vt 0.947266 0.576660
vt 0.947754 0.586914
vt 0.952637 0.587891
vt 0.948730 0.598633
vt 0.952637 0.598145
vt 0.949219 0.607910
vt 0.948242 0.629395
vt 0.951660 0.625977
vt 0.897949 0.566895
vt 0.830205 0.548488
vt 0.823730 0.568348
vt 0.835790 0.536231
vt 0.854114 0.529613
vt 0.867121 0.525788
vt 0.882350 0.536478
vt 0.893938 0.545136
vt 0.897947 0.566884
vt 0.825195 0.566895
vt 0.886719 0.600098
vt 0.816406 0.635253
vt 0.909180 0.635254
vt 0.886719 0.624023
vt 0.886719 0.603516
vt 0.909180 0.577085
vt 0.816406 0.577085
vt 0.886719 0.600098
vt 0.886719 0.581543
vt 0.900391 0.581543
vt 0.890625 0.581543
vt 0.881348 0.597168
vt 0.881348 0.619629
vt 0.886719 0.581543
vt 0.832031 0.619629
vt 0.886719 0.624023
vt 0.881348 0.606934
vt 0.924805 0.635742
vt 0.924805 0.611581
vt 0.937500 0.635742
vt 0.937500 0.610847
vt 0.937500 0.595891
vt 0.926270 0.592246
vt 0.926270 0.578125
vt 0.937500 0.574581
vt 0.924805 0.560433
vt 0.937500 0.559318
vt 0.924805 0.535156
vt 0.937500 0.535156
vt 0.749532 0.554199
vt 0.799805 0.554199
vt 0.741699 0.567871
vt 0.810059 0.583852
vt 0.739258 0.583612
vt 0.810059 0.622070
vt 0.739258 0.622070
vt 0.924805 0.499023
vt 0.937500 0.499023
vt 0.924805 0.535156
vt 0.937500 0.535154
vt 0.723145 0.606444
vt 0.709961 0.588867
vt 0.709963 0.606445
vt 0.723141 0.617188
vt 0.709965 0.606445
vt 0.709961 0.617188
vt 0.709961 0.578125
vt 0.723144 0.578125
vt 0.709961 0.588867
vt 0.733887 0.588869
vt 0.733887 0.606445
vt 0.723145 0.606443
vt 0.699219 0.606444
vt 0.699219 0.588867
vt 0.709961 0.588867
vt 0.951660 0.631273
vt 0.955664 0.596090
vt 0.952637 0.595533
vt 0.960074 0.595921
vt 0.963507 0.597093
vt 0.651534 0.528191
vt 0.651367 0.514648
vt 0.651390 0.501953
vt 0.657487 0.519162
vt 0.659791 0.501953
vt 0.654942 0.546394
vt 0.651367 0.543457
vt 0.651367 0.557617
vt 0.663334 0.521038
vt 0.667529 0.501953
vt 0.667969 0.523772
vt 0.657928 0.554978
vt 0.667003 0.543457
vt 0.668028 0.557617
vt 0.667991 0.577737
vt 0.660946 0.574234
vt 0.667934 0.603027
vt 0.658820 0.603027
vt 0.655873 0.575442
vt 0.651410 0.603027
vt 0.651367 0.583984
vt 0.651367 0.569824
vt 0.687498 0.520766
vt 0.687499 0.525391
vt 0.669922 0.525391
vt 0.669922 0.520717
vt 0.669921 0.515851
vt 0.687500 0.516121
vt 0.687498 0.509506
vt 0.669922 0.509471
vt 0.669922 0.503454
vt 0.687500 0.503418
vt 0.359863 0.011585
vt 0.356934 0.011570
vt 0.359863 0.094570
vt 0.356934 0.094670
vt 0.359863 0.178568
vt 0.356934 0.178669
vt 0.359863 0.261709
vt 0.356934 0.261711
vt 0.359863 0.345456
vt 0.356934 0.345458
vt 0.326419 0.351748
vt 0.326660 0.266148
vt 0.325567 0.266198
vt 0.319128 0.351582
vt 0.319189 0.266209
vt 0.309818 0.266249
vt 0.309814 0.351795
vt 0.309822 0.181662
vt 0.319174 0.181680
vt 0.309817 0.096113
vt 0.325599 0.181595
vt 0.319121 0.096116
vt 0.309829 0.011542
vt 0.319403 0.011618
vt 0.326434 0.011603
vt 0.326516 0.096072
vt 0.326660 0.181677
vt 0.356934 0.345452
vt 0.356934 0.261751
vt 0.359863 0.345452
vt 0.359863 0.261671
vt 0.356934 0.178702
vt 0.359863 0.178561
vt 0.356934 0.094668
vt 0.359863 0.094479
vt 0.356934 0.011553
vt 0.359863 0.011570
vt 0.326660 0.096352
vt 0.325515 0.096221
vt 0.326344 0.011783
vt 0.326660 0.181802
vt 0.319214 0.096292
vt 0.319386 0.011803
vt 0.325603 0.181774
vt 0.309820 0.011707
vt 0.309898 0.096179
vt 0.319190 0.181657
vt 0.309846 0.181761
vt 0.319227 0.266334
vt 0.309910 0.266474
vt 0.319166 0.351814
vt 0.310224 0.351586
vt 0.325610 0.266392
vt 0.326261 0.351751
vt 0.326660 0.266402
vt 0.384020 0.011727
vt 0.384033 0.083118
vt 0.368897 0.011726
vt 0.368901 0.083030
vt 0.384029 0.155154
vt 0.368896 0.155041
vt 0.384030 0.226369
vt 0.368904 0.226493
vt 0.384032 0.298569
vt 0.368941 0.298586
vt 0.368930 0.011487
vt 0.384023 0.011495
vt 0.368902 0.083486
vt 0.384026 0.083664
vt 0.368895 0.154975
vt 0.384030 0.154896
vt 0.368898 0.227120
vt 0.384030 0.226885
vt 0.368927 0.298347
vt 0.384026 0.298332
vt 0.873535 0.815681
vt 0.862815 0.815433
vt 0.862815 0.815430
vt 0.915527 0.835938
vt 0.915039 0.836426
vt 0.908203 0.827882
vt 0.920171 0.846680
vt 0.862817 0.901367
vt 0.873535 0.901604
vt 0.862810 0.901855
vt 0.260221 0.944336
vt 0.260986 0.950195
vt 0.260498 0.950195
vt 0.261963 0.956055
vt 0.262451 0.955566
vt 0.265137 0.960449
vt 0.265381 0.959961
vt 0.269287 0.963379
vt 0.269531 0.962891
vt 0.273926 0.963867
vt 0.278320 0.962891
vt 0.282227 0.960938
vt 0.286566 0.958061
vt 0.286811 0.958005
vt 0.290138 0.960499
vt 0.294048 0.961495
vt 0.294922 0.962891
vt 0.299072 0.963867
vt 0.299316 0.963867
vt 0.303711 0.962891
vt 0.303955 0.963379
vt 0.307861 0.959961
vt 0.308105 0.960449
vt 0.310791 0.955566
vt 0.311279 0.956055
vt 0.312256 0.950195
vt 0.312744 0.950195
vt 0.313009 0.944336
vt 0.861814 0.814942
vt 0.861324 0.814941
vt 0.873535 0.815197
vt 0.861814 0.902345
vt 0.873301 0.902281
vt 0.861309 0.902344
vt 0.118042 0.647461
vt 0.118042 0.632324
vt 0.114089 0.647738
vt 0.114067 0.631725
vt 0.084720 0.651691
vt 0.113586 0.651855
vt 0.084718 0.628580
vt 0.058649 0.651365
vt 0.058655 0.628828
vt 0.113586 0.628418
vt 0.034912 0.628418
vt 0.034352 0.632241
vt 0.058655 0.632071
vt 0.058655 0.628418
vt 0.034393 0.647716
vt 0.058654 0.651484
vt 0.034912 0.651855
vt 0.030457 0.647461
vt 0.030457 0.632324
vt 0.959473 0.381104
vt 0.986328 0.387451
vt 0.956055 0.387451
vt 0.986328 0.376221
vt 0.956055 0.376387
vt 0.986328 0.356125
vt 0.956055 0.356009
vt 0.956055 0.344240
vt 0.986328 0.341309
vt 0.956055 0.331168
vt 0.986328 0.327393
vt 0.956055 0.316103
vt 0.986328 0.311768
vt 0.956055 0.298535
vt 0.986328 0.294922
vt 0.956055 0.286133
vt 0.986328 0.276855
vt 0.956055 0.276855
vt 0.956055 0.267578
vt 0.986328 0.258545
vt 0.956055 0.258545
vt 0.956055 0.245305
vt 0.986328 0.238770
vt 0.956055 0.225082
vt 0.986328 0.218140
vt 0.956055 0.204429
vt 0.986328 0.197754
vt 0.956055 0.183539
vt 0.986328 0.178101
vt 0.956055 0.163961
vt 0.986328 0.159302
vt 0.956055 0.146345
vt 0.986328 0.141846
vt 0.956055 0.130917
vt 0.986328 0.126221
vt 0.956055 0.115695
vt 0.986328 0.112244
vt 0.986328 0.088240
vt 0.956055 0.096468
vt 0.956055 0.080688
vt 0.986328 0.073608
vt 0.956055 0.073608
vt 0.678711 0.526855
vt 0.681153 0.527342
vt 0.677246 0.528320
vt 0.677246 0.531250
vt 0.678711 0.533203
vt 0.681152 0.533691
vt 0.683105 0.532227
vt 0.683105 0.529297
vt 0.673828 0.533691
vt 0.669916 0.531252
vt 0.675781 0.532227
vt 0.675781 0.529297
vt 0.671387 0.533203
vt 0.673828 0.527344
vt 0.671387 0.526855
vt 0.669922 0.528320
vt 0.232645 0.196536
vt 0.224927 0.204801
vt 0.167876 0.204425
vt 0.162814 0.190531
vt 0.234131 0.189819
vt 0.235372 0.631693
vt 0.230298 0.640543
vt 0.236953 0.629760
vt 0.244597 0.627930
vt 0.230188 0.646094
vt 0.249564 0.627856
vt 0.229614 0.647461
vt 0.250244 0.628418
vt 0.230469 0.654297
vt 0.254883 0.629395
vt 0.229980 0.654297
vt 0.254639 0.629883
vt 0.231689 0.661133
vt 0.259521 0.631348
vt 0.231201 0.661133
vt 0.259277 0.631836
vt 0.233521 0.666504
vt 0.233032 0.666992
vt 0.263916 0.635254
vt 0.236206 0.671387
vt 0.268066 0.640137
vt 0.267822 0.640137
vt 0.240234 0.675781
vt 0.271240 0.646484
vt 0.270752 0.646484
vt 0.245117 0.678711
vt 0.244995 0.679199
vt 0.272217 0.653320
vt 0.250488 0.680664
vt 0.250488 0.681152
vt 0.270752 0.662598
vt 0.257080 0.679199
vt 0.267578 0.668945
vt 0.263184 0.674805
vt 0.400289 0.634563
vt 0.397652 0.631803
vt 0.394384 0.628751
vt 0.388292 0.627930
vt 0.402648 0.645250
vt 0.383151 0.627869
vt 0.403225 0.646315
vt 0.382568 0.628418
vt 0.402344 0.654297
vt 0.377930 0.629395
vt 0.402832 0.654297
vt 0.378174 0.629883
vt 0.401123 0.661133
vt 0.373291 0.631348
vt 0.401611 0.661133
vt 0.373535 0.631836
vt 0.399414 0.666504
vt 0.399658 0.666992
vt 0.368896 0.635254
vt 0.396484 0.671387
vt 0.364746 0.640137
vt 0.364990 0.640137
vt 0.392578 0.675781
vt 0.361816 0.646484
vt 0.362061 0.646484
vt 0.387695 0.678711
vt 0.387939 0.679199
vt 0.360596 0.653320
vt 0.382324 0.680664
vt 0.382568 0.681152
vt 0.363519 0.665515
vt 0.375732 0.679199
vt 0.369629 0.674805
vt 0.170333 0.108122
vt 0.175336 0.093484
vt 0.221896 0.108034
vt 0.210449 0.090759
vt 0.218646 0.094231
vt 0.146362 0.723633
vt 0.154053 0.715820
vt 0.143677 0.721191
vt 0.141172 0.718710
vt 0.149658 0.716797
vt 0.099182 0.786621
vt 0.101868 0.786621
vt 0.100525 0.777832
vt 0.962891 0.006180
vt 0.951172 0.006180
vt 0.962891 0.024033
vt 0.951172 0.024033
vt 0.938477 0.006180
vt 0.938477 0.024033
vt 0.922852 0.006180
vt 0.917728 0.024033
vt 0.904785 0.006180
vt 0.877119 0.006180
vt 0.874362 0.024033
vt 0.854769 0.006180
vt 0.855853 0.024033
vt 0.817120 0.006180
vt 0.815503 0.024033
vt 0.798807 0.006180
vt 0.797810 0.024033
vt 0.770328 0.006180
vt 0.771262 0.024033
vt 0.742676 0.006180
vt 0.742676 0.024033
vt 0.723633 0.006180
vt 0.723633 0.024033
vt 0.708496 0.006180
vt 0.708496 0.024033
vt 0.693171 0.006180
vt 0.694308 0.024033
vt 0.670569 0.006180
vt 0.669178 0.024033
vt 0.655762 0.006180
vt 0.655762 0.024033
vt 0.655762 0.006016
vt 0.655762 0.023865
vt 0.666992 0.023865
vt 0.666992 0.006016
vt 0.680176 0.023865
vt 0.680176 0.006016
vt 0.699965 0.023865
vt 0.695801 0.006016
vt 0.713379 0.006016
vt 0.742377 0.023865
vt 0.742646 0.006016
vt 0.763241 0.023865
vt 0.764717 0.006016
vt 0.801903 0.023865
vt 0.796519 0.006016
vt 0.811541 0.006016
vt 0.819779 0.023865
vt 0.843969 0.006016
vt 0.847195 0.023865
vt 0.875977 0.023865
vt 0.875977 0.006016
vt 0.895020 0.023865
vt 0.895020 0.006016
vt 0.910156 0.023865
vt 0.910156 0.006016
vt 0.926055 0.023865
vt 0.926511 0.006016
vt 0.949049 0.023865
vt 0.951483 0.006016
vt 0.962891 0.023865
vt 0.962891 0.006016
vt 0.497070 0.975586
vt 0.497070 0.969238
vt 0.482910 0.975586
vt 0.482910 0.969238
vt 0.497070 0.962891
vt 0.482910 0.962891
vt 0.497070 0.951657
vt 0.482910 0.951968
vt 0.497070 0.939941
vt 0.482910 0.939941
vt 0.497070 0.930176
vt 0.482910 0.930176
vt 0.497070 0.917969
vt 0.482910 0.917969
vt 0.497070 0.907715
vt 0.482910 0.907715
vt 0.497070 0.896973
vt 0.482910 0.896973
vt 0.497070 0.880647
vt 0.482910 0.883301
vt 0.482910 0.861764
vt 0.497070 0.860352
vt 0.497070 0.848145
vt 0.482910 0.848145
vt 0.497070 0.835449
vt 0.482910 0.835449
vt 0.497070 0.824707
vt 0.482910 0.824707
vt 0.497070 0.813477
vt 0.482910 0.813477
vt 0.497070 0.799933
vt 0.482910 0.802734
vt 0.482910 0.792969
vt 0.497070 0.776079
vt 0.482910 0.775352
vt 0.497070 0.753176
vt 0.482910 0.746692
vt 0.497070 0.744629
vt 0.497070 0.737793
vt 0.482910 0.737793
vt 0.497070 0.731445
vt 0.482910 0.731445
vt 0.496338 0.731934
vt 0.483154 0.731934
vt 0.483154 0.737793
vt 0.496338 0.737793
vt 0.483154 0.744629
vt 0.496338 0.744629
vt 0.483154 0.756415
vt 0.496338 0.754888
vt 0.483154 0.767578
vt 0.496338 0.767578
vt 0.483154 0.777344
vt 0.496338 0.777344
vt 0.483154 0.789062
vt 0.496338 0.789845
vt 0.483154 0.799316
vt 0.483154 0.810059
vt 0.496338 0.810059
vt 0.483154 0.824219
vt 0.496338 0.830188
vt 0.483154 0.845244
vt 0.496338 0.846680
vt 0.483154 0.858887
vt 0.496338 0.858887
vt 0.483154 0.871582
vt 0.496338 0.871582
vt 0.483154 0.882324
vt 0.496338 0.882324
vt 0.483154 0.893555
vt 0.496338 0.893555
vt 0.483154 0.904297
vt 0.496338 0.907251
vt 0.483154 0.914813
vt 0.496338 0.932151
vt 0.483154 0.935817
vt 0.496338 0.953470
vt 0.483154 0.960975
vt 0.496338 0.962402
vt 0.483154 0.969238
vt 0.496338 0.969238
vt 0.483154 0.975098
vt 0.496338 0.975098
vt 0.160254 0.734392
vt 0.166635 0.732657
vt 0.162598 0.732422
vt 0.060638 0.764648
vt 0.070737 0.762693
vt 0.056244 0.763672
vt 0.055603 0.761230
vt 0.061493 0.755371
vt 0.051483 0.755371
vt 0.061521 0.755401
vt 0.048750 0.752676
vt 0.055206 0.749023
vt 0.103245 0.784458
vt 0.103634 0.776856
vt 0.111511 0.781250
vt 0.110566 0.773455
vt 0.109658 0.782969
vt 0.103638 0.776855
vt 0.122009 0.776367
vt 0.119812 0.769531
vt 0.110601 0.773436
vt 0.120020 0.778668
vt 0.081190 0.769537
vt 0.080689 0.778809
vt 0.090393 0.773438
vt 0.079041 0.776367
vt 0.100516 0.777829
vt 0.097961 0.785155
vt 0.151733 0.726074
vt 0.157460 0.719249
vt 0.146388 0.723643
vt 0.156616 0.728027
vt 0.168285 0.719824
vt 0.151729 0.726072
vt 0.160278 0.730469
vt 0.165040 0.726505
vt 0.156612 0.728025
vt 0.162365 0.731450
vt 0.168698 0.728104
vt 0.151245 0.743652
vt 0.163797 0.740163
vt 0.156353 0.738299
vt 0.037402 0.740148
vt 0.049744 0.743652
vt 0.044632 0.738267
vt 0.119805 0.769535
vt 0.133423 0.769531
vt 0.130371 0.762695
vt 0.132239 0.772423
vt 0.130354 0.762708
vt 0.145386 0.761230
vt 0.139526 0.755371
vt 0.144775 0.763672
vt 0.140381 0.764648
vt 0.149536 0.755371
vt 0.145898 0.749001
vt 0.152346 0.752601
vt 0.145874 0.749023
vt 0.158325 0.748047
vt 0.151229 0.743667
vt 0.162842 0.746582
vt 0.160889 0.745117
vt 0.038239 0.746582
vt 0.049724 0.743634
vt 0.040100 0.745117
vt 0.038391 0.732422
vt 0.034486 0.732731
vt 0.040804 0.734377
vt 0.156372 0.738281
vt 0.168665 0.735046
vt 0.160644 0.734376
vt 0.032873 0.719872
vt 0.044434 0.728027
vt 0.049296 0.726082
vt 0.044426 0.728031
vt 0.035960 0.726541
vt 0.040710 0.730469
vt 0.032172 0.728087
vt 0.038668 0.731444
vt 0.067688 0.769531
vt 0.068645 0.772436
vt 0.070747 0.762700
vt 0.081177 0.769531
vt 0.054688 0.723633
vt 0.059991 0.718783
vt 0.048280 0.716102
vt 0.501953 0.717281
vt 0.481204 0.788333
vt 0.479736 0.715333
vt 0.496998 0.797569
vt 0.487749 0.827702
vt 0.498562 0.839999
vt 0.499470 0.875881
vt 0.497715 0.883511
vt 0.501465 0.725114
vt 0.479736 0.715342
vt 0.481201 0.790463
vt 0.497196 0.791617
vt 0.487642 0.826609
vt 0.497920 0.828560
vt 0.497643 0.883955
vt 0.499459 0.875723
s 1
usemtl Cloth
f 1210/1203/1210 1211/1204/1211 1212/1205/1212
f 1209/1206/1213 1210/1203/1210 1212/1205/1212
f 1213/1207/1214 1209/1206/1213 1212/1205/1212
f 1213/1207/1214 1212/1205/1212 1214/1208/1215
f 1215/1209/1216 1213/1207/1214 1214/1208/1215
f 1215/1209/1216 1214/1208/1215 1217/1210/1217
f 1217/1210/1217 1218/1211/1218 1216/1212/1219
f 1216/1212/1219 1215/1209/1216 1217/1210/1217
f 1217/1210/1217 1214/1208/1215 1219/1213/1220
f 1214/1208/1215 1212/1205/1212 1219/1213/1220
f 1219/1213/1220 1221/1214/1221 1220/1215/1222
f 1212/1205/1212 1221/1214/1221 1219/1213/1220
f 1212/1205/1212 1211/1204/1211 1221/1214/1221
f 1222/1216/1223 1223/1217/1224 1211/1204/1211
f 1211/1204/1211 1223/1217/1224 1221/1214/1221
f 1224/1218/1225 1222/1216/1223 1211/1204/1211
f 1225/1219/1226 1224/1218/1225 1211/1204/1211
f 1227/1220/1227 1225/1219/1226 1211/1204/1211
f 1221/1214/1228 1228/1221/1229 1226/1222/1230
f 1229/1223/1231 1225/1219/1226 1227/1220/1227
f 1230/1224/1232 1229/1223/1231 1227/1220/1227
f 1226/1222/1230 1228/1221/1229 1231/1225/1233
f 1228/1221/1229 1232/1226/1234 1231/1225/1233
f 1233/1227/1235 1229/1223/1231 1230/1224/1232
f 1231/1225/1233 1232/1226/1234 1234/1228/1236
f 1232/1226/1234 1235/1229/1237 1234/1228/1236
f 1235/1229/1237 1236/1230/1238 1234/1228/1236
f 1234/1228/1236 1236/1230/1238 1237/1231/1239
f 1236/1230/1238 1238/1232/1240 1237/1231/1239
f 1237/1231/1239 1238/1232/1240 1239/1233/1241
f 1239/1233/1241 1238/1232/1240 1241/1234/1242
f 1241/1234/1242 1242/1235/1243 1239/1233/1241
f 1241/1234/1242 1243/1236/1244 1242/1235/1243
f 1244/1237/1245 1246/1238/1246 1245/1239/1247
f 1245/1239/1247 1246/1238/1246 1247/1240/1248
f 1246/1238/1246 1248/1241/1249 1247/1240/1248
f 1247/1240/1248 1248/1241/1249 1249/1242/1250
f 1243/1236/1244 1250/1243/1251 1242/1235/1243
f 1249/1242/1250 1248/1241/1249 1251/1244/1252
f 1248/1241/1249 1252/1245/1253 1251/1244/1252
f 1252/1245/1253 1253/1246/1254 1251/1244/1252
f 1251/1244/1252 1253/1246/1254 1254/1247/1255
f 1253/1246/1254 1255/1248/1256 1254/1247/1255
f 1254/1247/1255 1255/1248/1256 1256/1249/1257
f 1256/1249/1257 1255/1248/1256 1258/1250/1258
f 1255/1248/1256 1259/1251/1259 1258/1250/1258
f 1258/1250/1258 1261/1252/1260 1256/1249/1257
f 1256/1249/1257 1262/1253/1261 1257/1254/1262
f 1259/1251/1259 1263/1255/1263 1258/1250/1258
f 1258/1250/1258 1263/1255/1263 1264/1256/1264
f 1263/1255/1263 1265/1257/1265 1264/1256/1264
f 1264/1256/1264 1265/1257/1265 1266/1258/1266
f 1266/1258/1266 1265/1257/1265 1268/1259/1267
f 1266/1258/1266 1270/1260/1268 1267/1261/1269
f 1256/1249/1257 1261/1252/1260 1262/1253/1261
f 1269/1262/1270 1271/1263/1271 1268/1259/1267
f 1261/1252/1260 1272/1264/1272 1262/1253/1261
f 1266/1258/1266 1268/1259/1267 1270/1260/1268
f 1271/1263/1271 1273/1265/1273 1268/1259/1267
f 1262/1253/1261 1272/1264/1272 1274/1266/1274
f 1268/1259/1267 1273/1265/1273 1270/1260/1268
f 1258/1250/1258 1275/1267/1275 1261/1252/1260
f 1275/1267/1275 1276/1268/1276 1261/1252/1260
f 1261/1252/1260 1276/1268/1276 1272/1264/1272
f 1276/1268/1276 1277/1269/1277 1272/1264/1272
f 1277/1269/1277 1278/1270/1278 1272/1264/1272
f 1272/1264/1272 1278/1270/1278 1274/1266/1274
f 1278/1270/1278 1279/1271/1279 1274/1266/1274
f 1279/1271/1279 1280/1272/1280 1274/1266/1274
f 1274/1266/1274 1280/1272/1280 1281/1273/1281
f 1283/1274/1282 1274/1266/1274 1281/1273/1281
f 1282/1275/1283 1274/1266/1274 1283/1274/1282
f 1284/1276/1284 1282/1275/1283 1283/1274/1282
f 1285/1277/1285 1282/1275/1283 1284/1276/1284
f 1286/1278/1286 1285/1277/1285 1284/1276/1284
f 1260/1279/1287 1286/1278/1286 1284/1276/1284
f 1287/1280/1288 1286/1278/1286 1260/1279/1287
f 1249/1281/1289 1260/1279/1287 1284/1276/1284
f 1288/1282/1290 1249/1281/1289 1284/1276/1284
f 1288/1282/1290 1284/1276/1284 1283/1274/1282
f 1283/1274/1282 1281/1273/1281 1288/1282/1290
f 1290/1283/1291 1289/1284/1292 1291/1285/1293
f 1243/1236/1244 1291/1285/1293 1250/1243/1251
f 1291/1285/1293 1289/1284/1292 1292/1286/1294
f 1250/1243/1251 1291/1285/1293 1292/1286/1294
f 1242/1235/1243 1250/1243/1251 1293/1287/1295
f 1250/1243/1251 1292/1286/1294 1293/1287/1295
f 1289/1284/1292 1281/1273/1281 1292/1286/1294
f 1292/1286/1294 1281/1273/1281 1294/1288/1296
f 1293/1287/1295 1292/1286/1294 1294/1288/1296
f 1281/1273/1281 1295/1289/1297 1294/1288/1296
f 1280/1272/1280 1295/1289/1297 1281/1273/1281
f 1295/1289/1297 1297/1290/1298 1294/1288/1296
f 1296/1291/1299 1279/1271/1279 1278/1270/1278
f 1299/1292/1300 1296/1291/1299 1278/1270/1278
f 1298/1293/1301 1296/1291/1299 1299/1292/1300
f 1302/1294/1302 1298/1293/1301 1299/1292/1300
f 1300/1295/1303 1298/1293/1301 1302/1294/1302
f 1303/1296/1304 1300/1295/1303 1302/1294/1302
f 1304/1297/1305 1300/1295/1303 1303/1296/1304
f 1306/1298/1306 1304/1297/1305 1303/1296/1304
f 1305/1299/1307 1304/1297/1305 1306/1298/1306
f 1307/1300/1308 1305/1299/1307 1306/1298/1306
f 1308/1301/1309 1305/1299/1307 1307/1300/1308
f 1309/1302/1310 1308/1301/1309 1307/1300/1308
f 1310/1303/1311 1309/1302/1310 1307/1300/1308
f 1311/1304/1312 1309/1302/1310 1310/1303/1311
f 1312/1305/1313 1311/1304/1312 1310/1303/1311
f 1313/1306/1314 1312/1305/1313 1310/1303/1311
f 1314/1307/1315 1312/1305/1313 1313/1306/1314
f 1315/1308/1316 1310/1303/1311 1307/1300/1308
f 1313/1306/1314 1310/1303/1311 1315/1308/1316
f 1316/1309/1317 1313/1306/1314 1315/1308/1316
f 1315/1308/1316 1307/1300/1308 1318/1310/1318
f 1315/1308/1316 1318/1310/1318 1317/1311/1319
f 1316/1309/1317 1315/1308/1316 1317/1311/1319
f 1318/1310/1318 1307/1300/1308 1319/1312/1320
f 1319/1312/1320 1307/1300/1308 1306/1298/1306
f 1320/1313/1321 1318/1310/1318 1319/1312/1320
f 1335/1314/1322 1318/1310/1318 1320/1313/1321
f 1317/1311/1319 1318/1310/1318 1335/1314/1322
f 1320/1313/1321 1319/1312/1320 1321/1315/1323
f 1321/1315/1323 1319/1312/1320 1306/1298/1306
f 1322/1316/1324 1320/1313/1321 1321/1315/1323
f 1321/1315/1323 1306/1298/1306 1303/1296/1304
f 1323/1317/1325 1321/1315/1323 1303/1296/1304
f 1324/1318/1326 1321/1315/1323 1323/1317/1325
f 1322/1316/1324 1321/1315/1323 1324/1318/1326
f 1325/1319/1327 1322/1316/1324 1324/1318/1326
f 1326/1320/1328 1322/1316/1324 1325/1319/1327
f 1338/1321/1329 1322/1316/1324 1326/1320/1328
f 1335/1314/1322 1320/1313/1321 1322/1316/1324
f 1327/1322/1330 1313/1306/1314 1316/1309/1317
f 1327/1322/1330 1314/1307/1315 1313/1306/1314
f 1316/1309/1317 1328/1323/1331 1327/1322/1330
f 1317/1311/1319 1329/1324/1332 1316/1309/1317
f 1330/1325/1333 1329/1324/1332 1317/1311/1319
f 1331/1326/1334 1330/1325/1333 1317/1311/1319
f 1332/1327/1335 1330/1325/1333 1331/1326/1334
f 1333/1328/1336 1332/1327/1335 1331/1326/1334
f 1334/1329/1337 1332/1327/1335 1333/1328/1336
f 1335/1314/1322 1334/1329/1337 1333/1328/1336
f 1336/1330/1338 1334/1329/1337 1335/1314/1322
f 1337/1331/1339 1336/1330/1338 1335/1314/1322
f 1337/1331/1339 1335/1314/1322 1322/1316/1324
f 1337/1331/1339 1322/1316/1324 1338/1321/1329
f 1339/1332/1340 1338/1321/1329 1326/1320/1328
f 1340/1333/1341 1339/1332/1340 1326/1320/1328
f 1341/1334/1342 1339/1332/1340 1340/1333/1341
f 1342/1335/1343 1341/1334/1342 1340/1333/1341
f 1343/1336/1344 1341/1334/1342 1342/1335/1343
f 1344/1337/1345 1341/1334/1342 1343/1336/1344
f 1340/1333/1341 1326/1320/1328 1325/1319/1327
f 1340/1333/1341 1325/1319/1327 1343/1336/1344
f 1345/1338/1346 1324/1318/1326 1323/1317/1325
f 1325/1319/1327 1324/1318/1326 1346/1339/1347
f 1346/1339/1347 1324/1318/1326 1345/1338/1346
f 1343/1336/1344 1325/1319/1327 1346/1339/1347
f 1344/1337/1345 1343/1336/1344 1346/1339/1347
f 1348/1340/1348 1347/1341/1349 1344/1337/1345
f 1349/1342/1350 1347/1341/1349 1348/1340/1348
f 1344/1337/1345 1346/1339/1347 1348/1340/1348
f 1350/1343/1351 1349/1342/1350 1348/1340/1348
f 1351/1344/1352 1350/1343/1351 1348/1340/1348
f 1353/1345/1353 1351/1344/1354 1352/1346/1355
f 1354/1347/1356 1353/1345/1353 1352/1346/1355
f 1355/1348/1357 1353/1345/1353 1354/1347/1356
f 1351/1344/1352 1348/1340/1348 1356/1349/1358
f 1351/1344/1352 1356/1349/1358 1354/1347/1356
f 1356/1349/1358 1348/1340/1348 1357/1350/1359
f 1348/1340/1348 1346/1339/1347 1357/1350/1359
f 1346/1339/1347 1345/1338/1346 1357/1350/1359
f 1323/1317/1325 1303/1296/1304 1345/1338/1346
f 1357/1350/1359 1345/1338/1346 1302/1294/1302
f 1345/1338/1346 1303/1296/1304 1302/1294/1302
f 1357/1350/1359 1302/1294/1302 1358/1351/1360
f 1359/1352/1361 1357/1350/1359 1358/1351/1360
f 1356/1349/1358 1357/1350/1359 1359/1352/1361
f 1354/1347/1356 1356/1349/1358 1359/1352/1361
f 1355/1348/1357 1354/1347/1356 1359/1352/1361
f 1355/1348/1357 1359/1352/1361 1360/1353/1362
f 1362/1354/1363 1361/1355/1364 1360/1353/1362
f 1362/1354/1363 1360/1353/1362 1363/1356/1365
f 1360/1353/1362 1359/1352/1361 1363/1356/1365
f 1363/1356/1365 1364/1357/1366 1362/1354/1363
f 1359/1352/1361 1358/1351/1360 1363/1356/1365
f 1363/1356/1365 1358/1351/1360 1366/1358/1367
f 1363/1356/1365 1366/1358/1367 1364/1357/1366
f 1358/1351/1360 1302/1294/1302 1299/1292/1300
f 1366/1358/1367 1358/1351/1360 1299/1292/1300
f 1366/1358/1367 1299/1292/1300 1367/1359/1368
f 1368/1360/1369 1366/1358/1367 1367/1359/1368
f 1364/1357/1366 1366/1358/1367 1368/1360/1369
f 1370/1361/1370 1364/1357/1366 1368/1360/1369
f 1369/1362/1371 1370/1361/1370 1368/1360/1369
f 1370/1361/1370 1365/1363/1372 1364/1357/1366
f 1371/1364/1373 1365/1363/1372 1370/1361/1370
f 1372/1365/1374 1371/1364/1373 1370/1361/1370
f 1373/1366/1375 1371/1364/1373 1372/1365/1374
f 1269/1262/1270 1373/1366/1375 1372/1365/1374
f 1269/1262/1270 1372/1365/1374 1271/1263/1271
f 1372/1365/1374 1374/1367/1376 1271/1263/1271
f 1271/1263/1271 1374/1367/1376 1273/1265/1273
f 1374/1367/1376 1375/1368/1377 1273/1265/1273
f 1375/1368/1377 1299/1292/1300 1273/1265/1273
f 1273/1265/1273 1299/1292/1300 1278/1270/1278
f 1270/1260/1268 1273/1265/1273 1278/1270/1278
f 1377/1369/1378 1379/1370/1379 1376/1371/1380
f 1377/1369/1378 1378/1372/1381 1379/1370/1379
f 1378/1372/1381 1381/1373/1382 1379/1370/1379
f 1378/1372/1381 1380/1374/1383 1381/1373/1382
f 1380/1374/1383 1382/1375/1384 1381/1373/1382
f 1379/1370/1379 1381/1373/1382 1402/1376/1385
f 1381/1373/1382 1382/1375/1384 1402/1376/1385
f 1382/1375/1384 1294/1288/1296 1402/1376/1385
f 1294/1288/1296 1297/1290/1298 1402/1376/1385
f 1297/1290/1298 1301/1377/1386 1402/1376/1385
f 1402/1376/1385 1301/1377/1386 1383/1378/1387
f 1301/1377/1386 1384/1379/1388 1383/1378/1387
f 1384/1379/1388 1218/1211/1218 1217/1210/1217
f 1383/1378/1387 1384/1379/1388 1217/1210/1217
f 1218/1211/1218 1385/1380/1389 1216/1212/1219
f 1217/1210/1217 1386/1381/1390 1383/1378/1387
f 1216/1212/1219 1385/1380/1389 1388/1382/1391
f 1385/1380/1389 1387/1383/1392 1388/1382/1391
f 1388/1382/1391 1387/1383/1392 1389/1384/1393
f 1387/1383/1392 1390/1385/1394 1389/1384/1393
f 1389/1384/1393 1390/1385/1394 1472/1386/1395
f 1390/1385/1394 1391/1387/1396 1472/1386/1395
f 1472/1386/1395 1391/1387/1396 1468/1388/1397
f 1391/1387/1396 1392/1389/1398 1468/1388/1397
f 1468/1388/1397 1392/1389/1398 1393/1390/1399
f 1392/1389/1398 1394/1391/1400 1393/1390/1399
f 1393/1390/1399 1394/1391/1400 1395/1392/1401
f 1394/1391/1400 1396/1393/1402 1395/1392/1401
f 1395/1392/1401 1397/1394/1403 1393/1390/1399
f 1397/1394/1403 1399/1395/1404 1393/1390/1399
f 1398/1396/1405 1400/1397/1406 1240/1398/1407
f 1398/1396/1405 1240/1398/1407 1231/1225/1408
f 1398/1396/1405 1231/1225/1408 1401/1399/1409
f 1386/1381/1390 1398/1396/1405 1401/1399/1409
f 1386/1381/1390 1401/1399/1409 1402/1376/1385
f 1386/1381/1390 1402/1376/1385 1383/1378/1387
f 1406/1400/1410 1405/1401/1411 1407/1402/1412
f 1388/1382/1391 1406/1400/1410 1216/1212/1219
f 1406/1400/1410 1407/1402/1412 1216/1212/1219
f 1407/1402/1412 1408/1403/1413 1216/1212/1219
f 1407/1402/1412 1410/1404/1414 1408/1403/1413
f 1405/1401/1411 1410/1404/1414 1407/1402/1412
f 1230/1224/1232 1409/1405/1415 1408/1403/1413
f 1405/1401/1411 1404/1406/1416 1410/1404/1414
f 1410/1404/1414 1230/1224/1232 1408/1403/1413
f 1410/1404/1414 1411/1407/1417 1230/1224/1232
f 1411/1407/1417 1233/1227/1235 1230/1224/1232
f 1404/1406/1416 1403/1408/1418 1410/1404/1414
f 1403/1408/1418 1411/1407/1417 1410/1404/1414
f 1413/1409/1419 1412/1410/1420 1411/1407/1417
f 1403/1408/1418 1413/1409/1419 1411/1407/1417
f 1414/1411/1421 1413/1409/1419 1403/1408/1418
f 1416/1412/1422 1414/1411/1421 1403/1408/1418
f 1418/1413/1423 1414/1411/1421 1416/1412/1422
f 1420/1414/1424 1417/1415/1425 1415/1416/1426
f 1421/1417/1427 1419/1418/1428 1417/1415/1425
f 1415/1416/1426 1414/1411/1421 1418/1413/1423
f 1421/1417/1427 1417/1415/1425 1420/1414/1424
f 1423/1419/1429 1415/1416/1426 1418/1413/1423
f 1423/1419/1429 1420/1414/1424 1415/1416/1426
f 1424/1420/1430 1421/1417/1427 1420/1414/1424
f 1424/1420/1430 1420/1414/1424 1423/1419/1429
f 1423/1419/1429 1418/1413/1423 1425/1421/1431
f 1426/1422/1432 1424/1420/1430 1423/1419/1429
f 1388/1382/1391 1423/1419/1429 1425/1421/1431
f 1426/1422/1432 1423/1419/1429 1388/1382/1391
f 1389/1384/1393 1426/1422/1432 1388/1382/1391
f 1426/1422/1432 1422/1423/1433 1424/1420/1430
f 1424/1420/1430 1422/1423/1433 1421/1417/1427
f 1428/1424/1434 1427/1425/1435 1422/1423/1433
f 1429/1426/1436 1427/1425/1435 1428/1424/1434
f 1430/1427/1437 1428/1424/1434 1422/1423/1433
f 1431/1428/1438 1429/1426/1436 1428/1424/1434
f 1432/1429/1439 1429/1426/1436 1431/1428/1438
f 1433/1430/1440 1429/1426/1436 1432/1429/1439
f 1430/1427/1437 1432/1429/1439 1428/1424/1434
f 1434/1431/1441 1433/1430/1440 1432/1429/1439
f 1434/1431/1441 1432/1429/1439 1430/1427/1437
f 1435/1432/1442 1433/1430/1440 1434/1431/1441
f 1430/1427/1437 1422/1423/1433 1426/1422/1432
f 1436/1433/1443 1430/1427/1437 1426/1422/1432
f 1434/1431/1441 1430/1427/1437 1436/1433/1443
f 1437/1434/1444 1435/1432/1442 1434/1431/1441
f 1439/1435/1445 1438/1436/1446 1437/1434/1444
f 1440/1437/1447 1438/1436/1446 1439/1435/1445
f 1441/1438/1448 1438/1436/1446 1440/1437/1447
f 1442/1439/1449 1441/1438/1448 1440/1437/1447
f 1443/1440/1450 1441/1438/1448 1442/1439/1449
f 1444/1441/1451 1443/1440/1450 1442/1439/1449
f 1445/1442/1452 1443/1440/1450 1444/1441/1451
f 1446/1443/1453 1445/1442/1452 1444/1441/1451
f 1448/1444/1454 1447/1445/1455 1446/1443/1453
f 1449/1446/1456 1447/1445/1455 1448/1444/1454
f 1450/1447/1457 1449/1446/1456 1448/1444/1454
f 1451/1448/1458 1450/1447/1457 1448/1444/1454
f 1452/1449/1459 1450/1447/1457 1451/1448/1458
f 1453/1450/1460 1452/1449/1459 1451/1448/1458
f 1454/1451/1461 1452/1449/1459 1453/1450/1460
f 1455/1452/1462 1454/1451/1461 1453/1450/1460
f 1457/1453/1463 1456/1454/1464 1455/1452/1462
f 1458/1455/1465 1455/1452/1462 1453/1450/1460
f 1459/1456/1466 1457/1453/1463 1460/1457/1467
f 1461/1458/1468 1459/1456/1466 1460/1457/1467
f 1460/1457/1467 1457/1453/1463 1455/1452/1462
f 1461/1458/1468 1460/1457/1467 1399/1395/1404
f 1397/1394/1403 1461/1458/1468 1399/1395/1404
f 1460/1457/1467 1455/1452/1462 1462/1459/1469
f 1399/1395/1404 1460/1457/1467 1462/1459/1469
f 1462/1459/1469 1455/1452/1462 1458/1455/1465
f 1463/1460/1470 1462/1459/1469 1458/1455/1465
f 1458/1455/1465 1453/1450/1460 1448/1444/1454
f 1458/1455/1465 1448/1444/1454 1464/1461/1471
f 1399/1395/1404 1462/1459/1469 1393/1390/1399
f 1393/1390/1399 1462/1459/1469 1463/1460/1470
f 1463/1460/1470 1458/1455/1465 1464/1461/1471
f 1448/1444/1454 1446/1443/1453 1465/1462/1472
f 1465/1462/1472 1446/1443/1453 1444/1441/1451
f 1464/1461/1471 1448/1444/1454 1465/1462/1472
f 1465/1462/1472 1444/1441/1451 1442/1439/1449
f 1465/1462/1472 1442/1439/1449 1466/1463/1473
f 1466/1463/1473 1442/1439/1449 1439/1435/1445
f 1463/1460/1470 1464/1461/1471 1468/1388/1397
f 1439/1435/1445 1437/1434/1444 1467/1464/1474
f 1467/1464/1474 1437/1434/1444 1434/1431/1441
f 1466/1463/1473 1439/1435/1445 1467/1464/1474
f 1393/1390/1399 1463/1460/1470 1468/1388/1397
f 1468/1388/1397 1464/1461/1471 1469/1465/1475
f 1464/1461/1471 1465/1462/1472 1469/1465/1475
f 1469/1465/1475 1465/1462/1472 1466/1463/1473
f 1469/1465/1475 1466/1463/1473 1470/1466/1476
f 1468/1388/1397 1469/1465/1475 1472/1386/1395
f 1469/1465/1475 1470/1466/1476 1472/1386/1395
f 1470/1466/1476 1466/1463/1473 1467/1464/1474
f 1467/1464/1474 1434/1431/1441 1436/1433/1443
f 1471/1467/1477 1467/1464/1474 1436/1433/1443
f 1470/1466/1476 1467/1464/1474 1471/1467/1477
f 1436/1433/1443 1426/1422/1432 1389/1384/1393
f 1471/1467/1477 1436/1433/1443 1389/1384/1393
f 1470/1466/1476 1471/1467/1477 1472/1386/1395
f 1472/1386/1395 1471/1467/1477 1389/1384/1393
f 1474/1468/1478 1473/1469/1479 1475/1470/1480
f 1475/1470/1480 1473/1469/1479 1476/1471/1481
f 1473/1469/1479 1477/1472/1482 1476/1471/1481
f 1479/1473/1483 1475/1470/1480 1478/1474/1484
f 1478/1474/1484 1475/1470/1480 1480/1475/1485
f 1475/1470/1480 1481/1476/1486 1480/1475/1485
f 1476/1471/1481 1481/1476/1486 1475/1470/1480
f 1476/1471/1481 1477/1472/1482 1481/1476/1486
f 1477/1472/1482 1482/1477/1487 1481/1476/1486
f 1481/1476/1486 1482/1477/1487 1483/1478/1488
f 1480/1475/1485 1481/1476/1486 1484/1479/1489
f 1481/1476/1486 1485/1480/1490 1484/1479/1489
f 1483/1478/1488 1485/1480/1490 1481/1476/1486
f 1482/1477/1487 1486/1481/1491 1483/1478/1488
f 1487/1482/1492 1483/1478/1488 1486/1481/1491
f 1488/1483/1493 1487/1482/1492 1486/1481/1491
f 1488/1483/1493 1486/1481/1491 1489/1484/1494
f 1490/1485/1495 1488/1483/1493 1489/1484/1494
f 1490/1485/1495 1489/1484/1494 1491/1486/1496
f 1492/1487/1497 1490/1485/1495 1491/1486/1496
f 1492/1487/1497 1491/1486/1496 1493/1488/1498
f 1494/1489/1499 1492/1487/1497 1493/1488/1498
f 1494/1489/1499 1493/1488/1498 1495/1490/1500
f 1496/1491/1501 1494/1489/1499 1495/1490/1500
f 1496/1491/1501 1495/1490/1500 1497/1492/1502
f 1498/1493/1503 1496/1491/1501 1497/1492/1502
f 1487/1482/1492 1499/1494/1504 1483/1478/1488
f 1498/1493/1503 1497/1492/1502 1500/1495/1505
f 1499/1494/1504 1501/1496/1506 1483/1478/1488
f 1499/1494/1504 1502/1497/1507 1501/1496/1506
f 1502/1497/1507 1633/1498/1508 1501/1496/1506
f 1502/1497/1507 1503/1499/1509 1633/1498/1508
f 1503/1499/1509 1625/1500/1510 1633/1498/1508
f 1503/1499/1509 1504/1501/1511 1625/1500/1510
f 1504/1501/1511 1505/1502/1512 1625/1500/1510
f 1504/1501/1511 1506/1503/1513 1505/1502/1512
f 1506/1503/1513 1507/1504/1514 1505/1502/1512
f 1507/1504/1514 1508/1505/1515 1505/1502/1512
f 1506/1503/1513 1509/1506/1516 1507/1504/1514
f 1509/1506/1516 1586/1507/1517 1507/1504/1514
f 1509/1506/1516 1510/1508/1518 1586/1507/1517
f 1510/1508/1518 1511/1509/1519 1586/1507/1517
f 1510/1508/1518 1512/1510/1520 1511/1509/1519
f 1512/1510/1520 1513/1511/1521 1511/1509/1519
f 1512/1510/1520 1514/1512/1522 1513/1511/1521
f 1514/1512/1522 1515/1513/1523 1513/1511/1521
f 1514/1512/1522 1516/1514/1524 1515/1513/1523
f 1516/1514/1524 1517/1515/1525 1515/1513/1523
f 1516/1514/1524 1518/1516/1526 1517/1515/1525
f 1518/1516/1526 1519/1517/1527 1517/1515/1525
f 1518/1516/1526 1520/1518/1528 1519/1517/1527
f 1520/1518/1528 1521/1519/1529 1519/1517/1527
f 1520/1518/1528 1522/1520/1530 1521/1519/1529
f 1522/1520/1530 1523/1521/1531 1521/1519/1529
f 1522/1520/1530 1524/1522/1532 1523/1521/1531
f 1522/1520/1530 1525/1523/1533 1524/1522/1532
f 1525/1523/1533 1526/1524/1534 1524/1522/1532
f 1526/1524/1534 1527/1525/1535 1524/1522/1532
f 1524/1522/1532 1527/1525/1535 1528/1526/1536
f 1524/1522/1532 1528/1526/1536 1530/1527/1537
f 1530/1527/1537 1528/1526/1536 1529/1528/1538
f 1523/1521/1531 1524/1522/1532 1530/1527/1537
f 1521/1519/1529 1523/1521/1531 1531/1529/1539
f 1523/1521/1531 1530/1527/1537 1531/1529/1539
f 1530/1527/1537 1534/1530/1540 1533/1531/1541
f 1532/1532/1542 1530/1527/1537 1533/1531/1541
f 1532/1532/1542 1533/1531/1541 1517/1515/1525
f 1519/1517/1527 1532/1532/1542 1517/1515/1525
f 1530/1527/1537 1529/1528/1538 1534/1530/1540
f 1529/1528/1538 1535/1533/1543 1534/1530/1540
f 1535/1533/1543 1536/1534/1544 1537/1535/1545
f 1534/1530/1540 1535/1533/1543 1537/1535/1545
f 1538/1536/1546 1534/1530/1540 1537/1535/1545
f 1539/1537/1547 1538/1536/1546 1537/1535/1545
f 1533/1531/1541 1534/1530/1540 1538/1536/1546
f 1517/1515/1525 1533/1531/1541 1538/1536/1546
f 1540/1538/1548 1538/1536/1546 1539/1537/1547
f 1517/1515/1525 1541/1539/1549 1515/1513/1523
f 1541/1539/1549 1542/1540/1550 1515/1513/1523
f 1541/1539/1549 1543/1541/1551 1542/1540/1550
f 1543/1541/1551 1544/1542/1552 1542/1540/1550
f 1543/1541/1551 1545/1543/1553 1544/1542/1552
f 1543/1541/1551 1546/1544/1554 1545/1543/1553
f 1546/1544/1554 1547/1545/1555 1545/1543/1553
f 1545/1543/1553 1547/1545/1555 1548/1546/1556
f 1545/1543/1553 1548/1546/1556 1550/1547/1557
f 1550/1547/1557 1548/1546/1556 1549/1548/1558
f 1545/1543/1553 1550/1547/1557 1551/1549/1559
f 1544/1542/1552 1545/1543/1553 1551/1549/1559
f 1542/1540/1550 1544/1542/1552 1551/1549/1559
f 1542/1540/1550 1552/1550/1560 1515/1513/1523
f 1542/1540/1550 1551/1549/1559 1552/1550/1560
f 1552/1550/1560 1551/1549/1559 1554/1551/1561
f 1551/1549/1559 1560/1552/1562 1554/1551/1561
f 1551/1549/1559 1553/1553/1563 1560/1552/1562
f 1553/1553/1563 1550/1547/1557 1560/1552/1562
f 1555/1554/1564 1552/1550/1560 1554/1551/1561
f 1555/1554/1564 1554/1551/1561 1513/1511/1521
f 1515/1513/1523 1555/1554/1564 1513/1511/1521
f 1550/1547/1557 1549/1548/1558 1560/1552/1562
f 1549/1548/1558 1556/1555/1565 1560/1552/1562
f 1549/1548/1558 1548/1546/1556 1556/1555/1565
f 1560/1552/1562 1556/1555/1565 1557/1556/1566
f 1557/1556/1566 1559/1557/1567 1558/1558/1568
f 1560/1552/1562 1557/1556/1566 1558/1558/1568
f 1560/1552/1562 1558/1558/1568 1561/1559/1569
f 1560/1552/1562 1561/1559/1569 1562/1560/1570
f 1554/1551/1561 1560/1552/1562 1562/1560/1570
f 1513/1511/1521 1563/1561/1571 1511/1509/1519
f 1513/1511/1521 1564/1562/1572 1563/1561/1571
f 1564/1562/1572 1565/1563/1573 1563/1561/1571
f 1565/1563/1573 1566/1564/1574 1563/1561/1571
f 1566/1564/1574 1567/1565/1575 1563/1561/1571
f 1564/1562/1572 1573/1566/1576 1565/1563/1573
f 1565/1563/1573 1568/1567/1577 1566/1564/1574
f 1570/1568/1578 1569/1569/1579 1568/1567/1577
f 1565/1563/1573 1570/1568/1578 1568/1567/1577
f 1572/1570/1580 1571/1571/1581 1570/1568/1578
f 1572/1570/1580 1570/1568/1578 1565/1563/1573
f 1573/1566/1576 1572/1570/1580 1565/1563/1573
f 1575/1572/1582 1574/1573/1583 1564/1560/1584
f 1576/1574/1585 1577/1575/1586 1578/1576/1587
f 1576/1574/1585 1578/1576/1587 1581/1577/1588
f 1580/1578/1589 1576/1574/1585 1581/1577/1588
f 1581/1577/1588 1578/1576/1587 1579/1579/1590
f 1584/1580/1591 1582/1581/1592 1583/1582/1593
f 1579/1579/1590 1582/1581/1592 1584/1580/1591
f 1567/1583/1594 1580/1578/1589 1581/1577/1588
f 1579/1579/1590 1584/1580/1591 1585/1584/1595
f 1567/1583/1594 1581/1577/1588 1586/1507/1517
f 1586/1507/1517 1581/1577/1588 1579/1579/1590
f 1567/1565/1575 1587/1585/1596 1563/1561/1571
f 1511/1509/1519 1567/1583/1594 1586/1507/1517
f 1588/1586/1597 1586/1507/1517 1579/1579/1590
f 1588/1586/1597 1579/1579/1590 1585/1584/1595
f 1586/1507/1517 1589/1587/1598 1507/1504/1514
f 1589/1587/1598 1590/1588/1599 1507/1504/1514
f 1591/1589/1600 1592/1590/1601 1507/1504/1514
f 1507/1504/1514 1590/1588/1599 1591/1589/1600
f 1589/1587/1598 1585/1584/1602 1590/1588/1599
f 1593/1591/1603 1585/1584/1602 1589/1587/1598
f 1585/1584/1602 1591/1589/1600 1590/1588/1599
f 1585/1584/1602 1594/1592/1604 1591/1589/1600
f 1594/1592/1604 1596/1593/1605 1591/1589/1600
f 1594/1592/1604 1595/1594/1606 1596/1593/1605
f 1591/1589/1600 1601/1595/1607 1592/1590/1601
f 1595/1594/1606 1597/1596/1608 1598/1597/1609
f 1595/1594/1606 1598/1597/1609 1596/1593/1605
f 1591/1589/1600 1596/1593/1605 1598/1597/1609
f 1601/1595/1607 1599/1598/1610 1600/1599/1611
f 1598/1597/1609 1599/1598/1610 1601/1595/1607
f 1591/1589/1600 1598/1597/1609 1601/1595/1607
f 1602/1600/1612 1592/1590/1601 1601/1595/1607
f 1507/1504/1514 1602/1600/1612 1508/1505/1515
f 1508/1505/1515 1602/1600/1612 1603/1601/1613
f 1602/1600/1612 1601/1595/1607 1603/1601/1613
f 1604/1602/1614 1605/1603/1615 1606/1604/1616
f 1601/1595/1607 1604/1602/1614 1606/1604/1616
f 1601/1595/1607 1606/1604/1616 1609/1605/1617
f 1606/1604/1616 1607/1606/1618 1609/1605/1617
f 1610/1607/1619 1607/1606/1618 1608/1608/1620
f 1607/1606/1618 1610/1607/1619 1609/1605/1617
f 1601/1595/1607 1609/1605/1617 1611/1609/1621
f 1603/1601/1613 1601/1595/1607 1611/1609/1621
f 1612/1610/1622 1603/1601/1613 1611/1609/1621
f 1610/1607/1619 1613/1611/1623 1609/1605/1617
f 1612/1610/1622 1611/1609/1621 1505/1502/1512
f 1508/1505/1515 1612/1610/1622 1505/1502/1512
f 1609/1605/1617 1613/1611/1623 1614/1612/1624
f 1609/1605/1617 1614/1612/1624 1611/1609/1621
f 1611/1609/1621 1614/1612/1624 1505/1502/1512
f 1505/1502/1512 1613/1611/1623 1610/1607/1619
f 1505/1502/1512 1615/1613/1625 1625/1500/1510
f 1505/1502/1512 1610/1607/1619 1616/1614/1626
f 1505/1502/1512 1616/1614/1626 1615/1613/1625
f 1610/1607/1619 1617/1615/1627 1616/1614/1626
f 1617/1615/1627 1618/1616/1628 1616/1614/1626
f 1619/1617/1629 1620/1618/1630 1618/1616/1628
f 1620/1618/1630 1619/1617/1629 1621/1619/1631
f 1619/1617/1629 1622/1620/1632 1621/1619/1631
f 1620/1618/1630 1621/1619/1631 1623/1621/1633
f 1618/1616/1628 1620/1618/1630 1616/1614/1626
f 1620/1618/1630 1623/1621/1633 1624/1622/1634
f 1616/1614/1626 1620/1618/1630 1615/1613/1625
f 1615/1613/1625 1620/1618/1630 1624/1622/1634
f 1625/1500/1510 1624/1622/1634 1623/1621/1633
f 1623/1621/1633 1626/1623/1635 1628/1624/1636
f 1626/1623/1635 1627/1625/1637 1628/1624/1636
f 1627/1625/1637 1629/1626/1638 1630/1627/1639
f 1627/1625/1637 1631/1628/1640 1628/1624/1636
f 1631/1628/1640 1627/1625/1637 1630/1627/1639
f 1625/1500/1510 1623/1621/1633 1628/1624/1636
f 1631/1628/1640 1632/1629/1641 1628/1624/1636
f 1632/1629/1641 1633/1498/1508 1628/1624/1636
f 1625/1500/1510 1628/1624/1636 1633/1498/1508
f 1634/1630/1642 1631/1628/1640 1633/1498/1508
f 1631/1628/1640 1630/1627/1639 1633/1498/1508
f 1637/1631/1643 1480/1475/1485 1636/1632/1644
f 1638/1633/1645 1480/1475/1485 1637/1631/1643
f 1636/1632/1644 1480/1475/1485 1635/1634/1646
f 1635/1634/1646 1480/1475/1485 1630/1627/1639
f 1630/1627/1639 1484/1479/1489 1633/1498/1508
f 1630/1627/1639 1480/1475/1485 1484/1479/1489
f 1484/1479/1489 1501/1496/1506 1633/1498/1508
f 1639/1635/1647 1483/1478/1488 1484/1479/1489
f 1484/1479/1489 1483/1478/1488 1501/1496/1506
f 1641/1636/1648 1642/1637/1649 1640/1638/1650
f 1645/1639/1651 1644/1640/1652 1643/1641/1653
f 1647/1642/1654 1648/1643/1655 1646/1644/1656
f 1650/1645/1657 1651/1646/1658 1649/1647/1659
f 1654/1648/1660 1653/1649/1661 1655/1650/1662
f 1655/1650/1662 1653/1649/1661 1660/1651/1663
f 1655/1650/1662 1660/1651/1663 1656/1652/1664
f 1653/1649/1661 1652/1653/1665 1660/1651/1663
f 1657/1654/1666 1659/1655/1667 1658/1656/1668
f 1657/1654/1666 1656/1652/1664 1659/1655/1667
f 1656/1652/1664 1660/1651/1663 1659/1655/1667
f 1659/1655/1667 1660/1651/1663 1661/1657/1669
f 1660/1651/1663 1652/1653/1665 1662/1658/1670
f 1652/1653/1665 1649/1659/1671 1662/1658/1670
f 1661/1657/1669 1660/1651/1663 1662/1658/1670
f 1649/1659/1671 1491/1486/1496 1662/1658/1670
f 1662/1658/1670 1491/1486/1496 1489/1484/1494
f 1661/1657/1669 1662/1658/1670 1663/1660/1672
f 1666/1661/1673 1665/1662/1674 1667/1663/1675
f 1667/1663/1675 1665/1662/1674 1669/1664/1676
f 1665/1662/1674 1664/1665/1677 1669/1664/1676
f 1672/1666/1678 1671/1667/1679 1670/1668/1680
f 1670/1668/1680 1668/1669/1681 1672/1666/1678
f 1667/1663/1675 1669/1664/1676 1668/1669/1681
f 1672/1666/1678 1668/1669/1681 1482/1477/1682
f 1664/1665/1677 1661/1657/1669 1669/1664/1676
f 1669/1664/1676 1661/1657/1669 1486/1481/1491
f 1661/1657/1669 1663/1660/1672 1486/1481/1491
f 1669/1664/1676 1486/1481/1491 1668/1669/1681
f 1482/1477/1682 1668/1669/1681 1673/1670/1683
f 1663/1660/1672 1489/1484/1494 1486/1481/1491
f 1486/1481/1491 1673/1670/1683 1668/1669/1681
f 1674/1671/1684 1482/1477/1682 1673/1670/1683
f 1677/1672/1685 1676/1673/1686 1675/1550/1687
f 1679/1674/1688 1678/1675/1689 1682/1676/1690
f 1678/1675/1689 1681/1677/1691 1682/1676/1690
f 1679/1674/1688 1682/1676/1690 1680/1678/1692
f 1682/1676/1690 1681/1677/1691 1684/1679/1693
f 1681/1677/1691 1685/1680/1694 1686/1681/1695
f 1684/1679/1693 1681/1677/1691 1686/1681/1695
f 1685/1680/1694 1495/1490/1500 1686/1681/1695
f 1686/1681/1695 1495/1490/1500 1493/1488/1498
f 1684/1679/1693 1686/1681/1695 1687/1682/1696
f 1688/1683/1697 1684/1679/1693 1687/1682/1696
f 1689/1684/1698 1684/1679/1693 1688/1683/1697
f 1682/1676/1690 1684/1679/1693 1689/1684/1698
f 1683/1685/1699 1682/1676/1690 1689/1684/1698
f 1680/1678/1692 1682/1676/1690 1683/1685/1699
f 1691/1686/1700 1683/1685/1699 1692/1687/1701
f 1683/1685/1699 1689/1684/1698 1692/1687/1701
f 1694/1688/1702 1691/1686/1700 1693/1689/1703
f 1693/1689/1703 1691/1686/1700 1695/1690/1704
f 1691/1686/1700 1692/1687/1701 1695/1690/1704
f 1689/1684/1698 1690/1691/1705 1692/1687/1701
f 1690/1691/1705 1688/1683/1697 1692/1687/1701
f 1692/1687/1701 1688/1683/1697 1697/1692/1706
f 1688/1683/1697 1687/1682/1696 1697/1692/1706
f 1695/1690/1704 1692/1687/1701 1696/1693/1707
f 1687/1682/1696 1493/1488/1498 1697/1692/1706
f 1692/1687/1701 1697/1692/1706 1696/1693/1707
f 1697/1692/1706 1493/1488/1498 1491/1486/1496
f 1699/1694/1708 1700/1695/1709 1698/1696/1710
f 1700/1695/1709 1701/1697/1711 1698/1696/1710
f 1701/1697/1711 1500/1495/1505 1497/1492/1502
f 1702/1698/1712 1500/1495/1505 1701/1697/1711
f 1700/1695/1709 1702/1698/1712 1701/1697/1711
f 1703/1699/1713 1702/1698/1712 1700/1695/1709
f 1704/1700/1714 1702/1698/1712 1703/1699/1713
f 1705/1701/1715 1704/1700/1714 1703/1699/1713
f 1706/1702/1716 1705/1701/1715 1703/1699/1713
f 1703/1699/1713 1700/1695/1709 1699/1694/1708
f 1706/1702/1716 1703/1699/1713 1707/1703/1717
f 1707/1703/1717 1703/1699/1713 1699/1694/1708
f 1707/1703/1717 1699/1694/1708 1708/1704/1718
f 1709/1705/1719 1708/1704/1718 1710/1706/1720
f 1708/1704/1718 1699/1694/1708 1710/1706/1720
f 1711/1707/1721 1709/1705/1719 1712/1708/1722
f 1709/1705/1719 1710/1706/1720 1712/1708/1722
f 1699/1694/1708 1698/1696/1710 1710/1706/1720
f 1710/1706/1720 1698/1696/1710 1713/1709/1723
f 1712/1708/1722 1710/1706/1720 1714/1710/1724
f 1713/1709/1723 1698/1696/1710 1495/1490/1500
f 1698/1696/1710 1497/1492/1502 1495/1490/1500
f 1713/1709/1723 1495/1490/1500 1710/1706/1720
f 1710/1706/1720 1495/1490/1500 1714/1710/1724
f 1715/1711/1725 1716/1712/1726 1714/1710/1727
f 1719/1713/1728 1718/1714/1729 1717/1715/1730
f 1727/1716/1731 1725/1717/1732 1726/1718/1733
f 1725/1717/1732 1728/1719/1734 1726/1718/1733
f 1725/1717/1732 1724/1720/1735 1728/1719/1734
f 1724/1720/1735 1723/1721/1736 1728/1719/1734
f 1723/1721/1736 1729/1722/1737 1728/1719/1734
f 1723/1721/1736 1722/1723/1738 1729/1722/1737
f 1722/1723/1738 1730/1724/1739 1729/1722/1737
f 1722/1723/1738 1721/1725/1740 1730/1724/1739
f 1721/1725/1740 1731/1726/1741 1730/1724/1739
f 1721/1725/1740 1720/1727/1742 1731/1726/1741
f 1720/1727/1742 1732/1728/1743 1731/1726/1741
f 1720/1727/1742 1719/1713/1728 1732/1728/1743
f 1726/1718/1733 1728/1719/1734 1733/1729/1744
f 1728/1719/1734 1734/1730/1745 1733/1729/1744
f 1728/1719/1734 1729/1722/1737 1734/1730/1745
f 1733/1729/1744 1734/1730/1745 1735/1731/1746
f 1729/1722/1737 1736/1732/1747 1734/1730/1745
f 1729/1722/1737 1730/1724/1739 1736/1732/1747
f 1730/1724/1739 1731/1726/1741 1736/1732/1747
f 1731/1726/1741 1737/1733/1748 1736/1732/1747
f 1740/1734/1749 1738/1735/1750 1739/1736/1751
f 1745/1737/1752 1740/1734/1749 1739/1736/1751
f 1745/1737/1752 1739/1736/1751 1741/1738/1753
f 1747/1739/1754 1741/1738/1753 1744/1740/1755
f 1747/1739/1754 1745/1737/1752 1741/1738/1753
f 1742/1741/1756 1740/1734/1749 1745/1737/1752
f 1749/1742/1757 1742/1741/1756 1745/1737/1752
f 1743/1743/1758 1742/1741/1756 1749/1742/1757
f 1749/1742/1757 1745/1737/1752 1747/1739/1754
f 1751/1744/1759 1749/1742/1757 1747/1739/1754
f 1752/1745/1760 1743/1743/1758 1749/1742/1757
f 1746/1746/1761 1743/1743/1758 1752/1745/1760
f 1754/1747/1762 1753/1748/1763 1750/1749/1764
f 1752/1745/1760 1749/1742/1757 1751/1744/1759
f 1755/1750/1765 1746/1746/1761 1752/1745/1760
f 1748/1751/1766 1746/1746/1761 1755/1750/1765
f 1755/1750/1765 1752/1745/1760 1751/1744/1759
f 1756/1752/1767 1755/1750/1765 1751/1744/1759
f 1757/1753/1768 1748/1751/1766 1755/1750/1765
f 1750/1749/1764 1748/1751/1766 1757/1753/1768
f 1757/1753/1768 1755/1750/1765 1756/1752/1767
f 1758/1754/1769 1757/1753/1768 1756/1752/1767
f 1759/1755/1770 1750/1749/1764 1757/1753/1768
f 1759/1755/1770 1757/1753/1768 1758/1754/1769
f 1760/1756/1771 1759/1755/1770 1758/1754/1769
f 1754/1747/1762 1750/1749/1764 1759/1755/1770
f 1761/1757/1772 1759/1755/1770 1760/1756/1771
f 1761/1757/1772 1763/1758/1773 1759/1755/1770
f 1763/1758/1773 1754/1747/1762 1759/1755/1770
f 1764/1759/1774 1761/1757/1772 1762/1760/1775
f 1763/1758/1773 1761/1757/1772 1764/1759/1774
f 1764/1759/1774 1762/1760/1775 1765/1761/1776
f 1766/1762/1777 1764/1759/1774 1765/1761/1776
f 1766/1762/1777 1765/1761/1776 1767/1763/1778
f 1754/1747/1762 1763/1758/1773 1764/1759/1774
f 1768/1764/1779 1766/1762/1777 1767/1763/1778
f 1768/1764/1779 1767/1763/1778 1769/1765/1780
f 1770/1766/1781 1754/1747/1762 1764/1759/1774
f 1771/1767/1782 1768/1764/1779 1769/1765/1780
f 1770/1766/1781 1764/1759/1774 1766/1762/1777
f 1772/1768/1783 1754/1747/1762 1770/1766/1781
f 1773/1769/1784 1771/1767/1782 1769/1765/1780
f 1773/1769/1784 1769/1765/1780 1774/1770/1785
f 1775/1771/1786 1770/1766/1781 1766/1762/1777
f 1775/1771/1786 1766/1762/1777 1768/1764/1779
f 1776/1772/1787 1773/1769/1784 1774/1770/1785
f 1776/1772/1787 1774/1770/1785 1777/1773/1788
f 1778/1774/1789 1775/1771/1786 1768/1764/1779
f 1778/1774/1789 1768/1764/1779 1771/1767/1782
f 1779/1775/1790 1778/1774/1789 1771/1767/1782
f 1779/1775/1790 1771/1767/1782 1773/1769/1784
f 1780/1776/1791 1776/1772/1787 1777/1773/1788
f 1780/1776/1791 1777/1773/1788 1781/1777/1792
f 1782/1778/1793 1779/1775/1790 1773/1769/1784
f 1783/1779/1794 1773/1769/1784 1776/1772/1787
f 1782/1778/1793 1773/1769/1784 1783/1779/1794
f 1783/1779/1794 1776/1772/1787 1780/1776/1791
f 1784/1780/1795 1783/1779/1794 1780/1776/1791
f 1786/1781/1796 1784/1780/1795 1785/1782/1797
f 1785/1782/1797 1784/1780/1795 1780/1776/1791
f 1788/1783/1798 1787/1784/1799 1789/1785/1800
f 1790/1786/1801 1788/1783/1798 1789/1785/1800
f 1790/1786/1801 1789/1785/1800 1791/1787/1802
f 1793/1788/1803 1792/1789/1804 1794/1790/1805
f 1794/1790/1805 1795/1791/1806 1793/1788/1803
f 1795/1791/1806 1794/1790/1805 1796/1792/1807
f 1796/1792/1807 1797/1793/1808 1795/1791/1806
f 1797/1793/1808 1796/1792/1807 1798/1794/1809
f 1798/1794/1809 1799/1795/1810 1797/1793/1808
f 1799/1795/1810 1798/1794/1809 1800/1796/1811
f 1800/1796/1811 1801/1797/1812 1799/1795/1810
f 1800/1796/1811 1802/1798/1813 1801/1797/1812
f 1800/1796/1811 1803/1799/1814 1802/1798/1813
f 1804/1800/1815 1802/1798/1813 1803/1799/1814
f 1803/1799/1814 1805/1801/1816 1804/1800/1815
f 1806/1802/1817 1804/1800/1815 1805/1801/1816
f 1805/1801/1816 1807/1803/1818 1806/1802/1817
f 1808/1804/1819 1806/1802/1817 1807/1803/1818
f 1808/1804/1819 1807/1803/1818 1809/1805/1820
f 1808/1804/1819 1809/1805/1820 1810/1806/1821
f 1810/1806/1821 1811/1807/1822 1808/1804/1819
f 1811/1807/1822 1810/1806/1821 1812/1808/1823
f 1812/1808/1823 1813/1809/1824 1811/1807/1822
f 1813/1809/1824 1812/1808/1823 1814/1810/1825
f 1814/1810/1825 1815/1811/1826 1813/1809/1824
f 1816/1812/1827 1815/1811/1826 1814/1810/1825
f 1814/1810/1825 1817/1813/1828 1816/1812/1827
f 1816/1812/1827 1817/1813/1828 1818/1814/1829
f 1819/1815/1830 1816/1812/1827 1818/1814/1829
f 1819/1815/1830 1818/1814/1829 1820/1816/1831
f 1821/1817/1832 1819/1815/1830 1820/1816/1831
f 1821/1817/1832 1820/1816/1831 1822/1818/1833
f 1823/1819/1834 1821/1817/1832 1822/1818/1833
f 1823/1819/1834 1822/1818/1833 1824/1820/1835
f 1825/1821/1836 1823/1819/1834 1824/1820/1835
f 1827/1822/1837 1828/1823/1838 1826/1824/1839
f 1827/1822/1837 1829/1825/1840 1828/1823/1838
f 1826/1824/1839 1828/1823/1838 1830/1826/1841
f 1832/1827/1842 1829/1825/1840 1831/1828/1843
f 1832/1827/1842 1831/1828/1843 1833/1829/1844
f 1829/1825/1840 1835/1830/1845 1828/1823/1838
f 1835/1830/1845 1829/1825/1840 1832/1827/1842
f 1836/1831/1846 1832/1827/1842 1833/1829/1844
f 1830/1826/1841 1837/1832/1847 1834/1833/1848
f 1838/1834/1849 1836/1831/1846 1833/1829/1844
f 1838/1834/1849 1833/1829/1844 1839/1835/1850
f 1837/1832/1847 1840/1836/1851 1834/1833/1848
f 1828/1823/1838 1837/1832/1847 1830/1826/1841
f 1840/1836/1851 1841/1837/1852 1834/1833/1848
f 1842/1838/1853 1834/1833/1848 1841/1837/1852
f 1843/1839/1854 1828/1823/1838 1835/1830/1845
f 1843/1839/1854 1837/1832/1847 1828/1823/1838
f 1844/1840/1855 1842/1838/1853 1841/1837/1852
f 1845/1841/1856 1841/1837/1852 1840/1836/1851
f 1846/1842/1857 1844/1840/1855 1841/1837/1852
f 1846/1842/1857 1841/1837/1852 1845/1841/1856
f 1846/1842/1857 1845/1841/1856 1847/1843/1858
f 1846/1842/1857 1848/1844/1859 1844/1840/1855
f 1848/1844/1859 1849/1845/1860 1844/1840/1855
f 1848/1844/1859 1850/1846/1861 1849/1845/1860
f 1850/1846/1861 1851/1847/1862 1849/1845/1860
f 1851/1847/1862 1852/1848/1863 1849/1845/1860
f 1851/1847/1862 1853/1849/1864 1852/1848/1863
f 1851/1847/1862 1854/1850/1865 1853/1849/1864
f 1854/1850/1865 1856/1851/1866 1855/1852/1867
f 1856/1851/1866 1857/1853/1868 1855/1852/1867
f 1858/1854/1869 1856/1851/1866 1854/1850/1865
f 1858/1854/1869 1854/1850/1865 1851/1847/1862
f 1861/1855/1870 1858/1854/1869 1851/1847/1862
f 1863/1856/1871 1859/1857/1872 1858/1854/1869
f 1861/1855/1870 1863/1856/1871 1858/1854/1869
f 1866/1858/1873 1863/1856/1871 1861/1855/1870
f 1850/1846/1861 1848/1844/1859 1869/1859/1874
f 1851/1847/1862 1850/1846/1861 1869/1859/1874
f 1869/1859/1874 1848/1844/1859 1846/1842/1857
f 1870/1860/1875 1846/1842/1857 1847/1843/1858
f 1871/1861/1876 1851/1847/1862 1869/1859/1874
f 1871/1861/1876 1861/1855/1870 1851/1847/1862
f 1871/1861/1876 1866/1858/1873 1861/1855/1870
f 1870/1860/1875 1869/1859/1874 1846/1842/1857
f 1870/1860/1875 1872/1862/1877 1869/1859/1874
f 1872/1862/1877 1870/1860/1875 1873/1863/1878
f 1873/1863/1878 1870/1860/1875 1875/1864/1879
f 1870/1860/1875 1847/1843/1858 1875/1864/1879
f 1871/1861/1876 1869/1859/1874 1874/1865/1880
f 1876/1866/1881 1874/1865/1880 1877/1867/1882
f 1874/1865/1880 1878/1868/1883 1877/1867/1882
f 1871/1861/1876 1874/1865/1880 1876/1866/1881
f 1847/1843/1858 1845/1841/1856 1875/1864/1879
f 1879/1869/1884 1875/1864/1879 1845/1841/1856
f 1840/1836/1851 1879/1869/1884 1845/1841/1856
f 1880/1870/1885 1879/1869/1884 1840/1836/1851
f 1837/1832/1847 1880/1870/1885 1840/1836/1851
f 1880/1870/1885 1837/1832/1847 1843/1839/1854
f 1873/1863/1878 1875/1864/1879 1881/1871/1886
f 1883/1872/1887 1843/1839/1854 1835/1830/1845
f 1884/1873/1888 1881/1871/1886 1882/1874/1889
f 1873/1863/1878 1881/1871/1886 1884/1873/1888
f 1885/1875/1890 1883/1872/1887 1886/1876/1891
f 1883/1872/1887 1835/1830/1845 1886/1876/1891
f 1886/1876/1891 1835/1830/1845 1832/1827/1842
f 1886/1876/1891 1832/1827/1842 1836/1831/1846
f 1888/1877/1892 1886/1876/1891 1836/1831/1846
f 1888/1877/1892 1836/1831/1846 1838/1834/1849
f 1890/1878/1893 1872/1862/1877 1873/1863/1878
f 1890/1878/1893 1873/1863/1878 1884/1873/1888
f 1884/1873/1888 1882/1874/1889 1887/1879/1894
f 1890/1878/1893 1874/1865/1880 1872/1862/1877
f 1872/1862/1877 1874/1865/1880 1869/1859/1874
f 1890/1878/1893 1878/1868/1883 1874/1865/1880
f 1890/1878/1893 1884/1873/1888 1887/1879/1894
f 1890/1878/1893 1891/1880/1895 1878/1868/1883
f 1890/1878/1893 1892/1881/1896 1891/1880/1895
f 1892/1881/1896 1890/1878/1893 1887/1879/1894
f 1893/1882/1897 1887/1879/1894 1889/1883/1898
f 1893/1882/1897 1889/1883/1898 1894/1884/1899
f 1894/1884/1899 1895/1885/1900 1893/1882/1897
f 1895/1885/1900 1896/1886/1901 1893/1882/1897
f 1896/1886/1901 1897/1887/1902 1893/1882/1897
f 1897/1887/1902 1898/1888/1903 1893/1882/1897
f 1892/1881/1896 1887/1879/1894 1893/1882/1897
f 1892/1881/1896 1893/1882/1897 1898/1888/1903
f 1897/1887/1902 1899/1889/1904 1898/1888/1903
f 1899/1889/1904 1901/1890/1905 1898/1888/1903
f 1899/1889/1904 1902/1891/1906 1901/1890/1905
f 1900/1892/1907 1902/1891/1906 1899/1889/1904
f 1902/1891/1906 1900/1892/1907 1903/1893/1908
f 1878/1868/1883 1891/1880/1895 1877/1867/1882
f 1903/1893/1908 1904/1894/1909 1905/1895/1910
f 1902/1891/1906 1903/1893/1908 1905/1895/1910
f 1892/1881/1896 1906/1896/1911 1891/1880/1895
f 1907/1897/1912 1898/1888/1903 1901/1890/1905
f 1908/1898/1913 1898/1888/1903 1907/1897/1912
f 1898/1888/1903 1908/1898/1913 1892/1881/1896
f 1891/1880/1895 1906/1896/1911 1909/1899/1914
f 1891/1880/1895 1909/1899/1914 1877/1867/1882
f 1892/1881/1896 1908/1898/1913 1906/1896/1911
f 1906/1896/1911 1908/1898/1913 1909/1899/1914
f 1908/1898/1913 1910/1900/1915 1909/1899/1914
f 1908/1898/1913 1907/1897/1912 1911/1901/1916
f 1876/1866/1881 1877/1867/1882 1912/1902/1917
f 1912/1902/1917 1877/1867/1882 1913/1903/1918
f 1877/1867/1882 1909/1899/1914 1913/1903/1918
f 1912/1902/1917 1914/1904/1919 1876/1866/1881
f 1912/1902/1917 1913/1903/1918 1915/1905/1920
f 1912/1902/1917 1915/1905/1920 1914/1904/1919
f 1914/1904/1919 1871/1861/1876 1876/1866/1881
f 1871/1861/1876 1916/1906/1921 1866/1858/1873
f 1871/1861/1876 1914/1904/1919 1916/1906/1921
f 1913/1903/1918 1941/1907/1922 1915/1905/1920
f 1914/1904/1919 1915/1905/1920 1916/1906/1921
f 1866/1858/1873 1917/1908/1923 1863/1856/1871
f 1916/1906/1921 1917/1908/1923 1866/1858/1873
f 1916/1906/1921 1918/1909/1924 1917/1908/1923
f 1863/1856/1871 1860/1910/1925 1859/1857/1872
f 1863/1856/1871 1917/1908/1923 1860/1910/1925
f 1917/1908/1923 1862/1911/1926 1860/1910/1925
f 1917/1908/1923 1864/1912/1927 1862/1911/1926
f 1918/1909/1924 1864/1912/1927 1917/1908/1923
f 1918/1909/1924 1865/1913/1928 1864/1912/1927
f 1918/1909/1924 1919/1914/1929 1865/1913/1928
f 1919/1914/1929 1867/1915/1930 1865/1913/1928
f 1920/1916/1931 1868/1917/1932 1867/1915/1930
f 1919/1914/1929 1921/1918/1933 1867/1915/1930
f 1921/1918/1933 1920/1916/1931 1867/1915/1930
f 1920/1916/1931 1922/1919/1934 1868/1917/1932
f 1921/1918/1933 1923/1920/1935 1920/1916/1931
f 1920/1916/1931 1924/1921/1936 1922/1919/1934
f 1924/1921/1936 1925/1922/1937 1922/1919/1934
f 1925/1922/1937 1924/1921/1936 1926/1923/1938
f 1923/1920/1935 1924/1921/1936 1920/1916/1931
f 1924/1921/1936 1923/1920/1935 1926/1923/1938
f 1923/1920/1935 1931/1924/1939 1926/1923/1938
f 1926/1923/1938 1931/1924/1939 1927/1925/1940
f 1933/1926/1941 1932/1927/1942 1930/1928/1943
f 1931/1924/1939 1934/1929/1944 1927/1925/1940
f 1927/1925/1940 1934/1929/1944 1928/1930/1945
f 1933/1926/1941 1930/1928/1943 1935/1931/1946
f 1930/1928/1943 1929/1932/1947 1936/1933/1948
f 1928/1930/1945 1936/1933/1948 1929/1932/1947
f 1935/1931/1946 1930/1928/1943 1936/1933/1948
f 1928/1930/1945 1937/1934/1949 1936/1933/1948
f 1934/1929/1944 1937/1934/1949 1928/1930/1945
f 1931/1924/1939 1939/1935/1950 1934/1929/1944
f 1923/1920/1935 1939/1935/1950 1931/1924/1939
f 1934/1929/1944 1939/1935/1950 1937/1934/1949
f 1923/1920/1935 1938/1936/1951 1939/1935/1950
f 1938/1936/1951 1923/1920/1935 1921/1918/1933
f 1940/1937/1952 1938/1936/1951 1921/1918/1933
f 1940/1937/1952 1921/1918/1933 1919/1914/1929
f 1938/1936/1951 1941/1907/1922 1939/1935/1950
f 1941/1907/1922 1938/1936/1951 1940/1937/1952
f 1940/1937/1952 1919/1914/1929 1918/1909/1924
f 1916/1906/1921 1940/1937/1952 1918/1909/1924
f 1915/1905/1920 1940/1937/1952 1916/1906/1921
f 1915/1905/1920 1941/1907/1922 1940/1937/1952
f 1913/1903/1918 1942/1938/1953 1941/1907/1922
f 1913/1903/1918 1910/1900/1915 1942/1938/1953
f 1913/1903/1918 1909/1899/1914 1910/1900/1915
f 1943/1939/1954 1941/1907/1922 1942/1938/1953
f 1908/1898/1913 1911/1901/1916 1910/1900/1915
f 1911/1901/1916 1942/1938/1953 1910/1900/1915
f 1944/1940/1955 1943/1939/1954 1942/1938/1953
f 1911/1901/1916 1944/1940/1955 1942/1938/1953
f 1943/1939/1954 1957/1941/1956 1941/1907/1922
f 1957/1941/1956 1939/1935/1950 1941/1907/1922
f 1944/1940/1955 1945/1942/1957 1943/1939/1954
f 1945/1942/1957 1946/1943/1958 1943/1939/1954
f 1911/1901/1916 1947/1944/1959 1944/1940/1955
f 1907/1897/1912 1947/1944/1959 1911/1901/1916
f 1944/1940/1955 1947/1944/1959 1945/1942/1957
f 1948/1945/1960 1947/1944/1959 1907/1897/1912
f 1948/1945/1960 1907/1897/1912 1901/1890/1905
f 1948/1945/1960 1901/1890/1905 1902/1891/1906
f 1948/1945/1960 1902/1891/1906 1905/1895/1910
f 1950/1946/1961 1947/1944/1959 1948/1945/1960
f 1950/1946/1961 1949/1947/1962 1947/1944/1959
f 1947/1944/1959 1949/1947/1962 1945/1942/1957
f 1950/1946/1961 1951/1948/1963 1949/1947/1962
f 1951/1948/1963 1950/1946/1961 1948/1945/1960
f 1951/1948/1963 1948/1945/1960 1905/1895/1910
f 1949/1947/1962 1952/1949/1964 1953/1950/1965
f 1949/1947/1962 1953/1950/1965 1954/1951/1966
f 1954/1951/1966 1945/1942/1957 1949/1947/1962
f 2067/1952/1967 1952/1949/1964 1949/1947/1962
f 2071/1953/1968 1954/1951/1966 1953/1950/1965
f 2071/1953/1968 1955/1954/1969 1954/1951/1966
f 1955/1954/1969 1958/1955/1970 1954/1951/1966
f 1954/1951/1966 1956/1956/1971 1945/1942/1957
f 1956/1956/1971 1946/1943/1958 1945/1942/1957
f 1958/1955/1970 1956/1956/1971 1954/1951/1966
f 1946/1943/1958 1957/1941/1956 1943/1939/1954
f 1957/1941/1956 1946/1943/1958 1936/1933/1948
f 1939/1935/1950 1957/1941/1956 1937/1934/1949
f 1937/1934/1949 1957/1941/1956 1936/1933/1948
f 1956/1956/1971 1936/1933/1948 1946/1943/1958
f 1956/1956/1971 1935/1931/1946 1936/1933/1948
f 1958/1955/1970 1933/1926/1941 1935/1931/1946
f 1958/1955/1970 1959/1957/1972 1933/1926/1941
f 1960/1958/1973 1959/1957/1972 1958/1955/1970
f 1958/1955/1970 1935/1931/1946 1956/1956/1971
f 1958/1955/1970 1961/1959/1974 1960/1958/1973
f 1962/1960/1975 1961/1959/1974 1958/1955/1970
f 1955/1954/1969 1962/1960/1975 1958/1955/1970
f 1962/1960/1975 1955/1954/1969 1963/1961/1976
f 1964/1962/1977 1962/1960/1975 1963/1961/1976
f 1964/1962/1977 1963/1961/1976 1965/1963/1978
f 1966/1964/1979 1964/1962/1977 1965/1963/1978
f 1966/1964/1979 1965/1963/1978 1967/1965/1980
f 1969/1966/1981 1965/1963/1978 1968/1967/1982
f 1967/1965/1980 1965/1963/1978 1969/1966/1981
f 1965/1963/1978 1963/1961/1976 1968/1967/1982
f 1971/1968/1983 1968/1967/1982 1970/1969/1984
f 1969/1966/1981 1968/1967/1982 1971/1968/1983
f 1972/1970/1985 1967/1965/1980 1969/1966/1981
f 1973/1971/1986 1967/1965/1980 1972/1970/1985
f 1974/1972/1987 1969/1966/1981 1971/1968/1983
f 1972/1970/1985 1969/1966/1981 1974/1972/1987
f 1971/1968/1983 2106/1973/1988 1974/1972/1987
f 2106/1973/1988 1975/1974/1989 1974/1972/1987
f 1977/1975/1990 1976/1976/1991 1975/1974/1989
f 1977/1975/1990 1978/1977/1992 1976/1976/1991
f 1981/1978/1993 1979/1979/1994 1976/1976/1991
f 1978/1977/1992 1981/1978/1993 1976/1976/1991
f 1979/1979/1994 1981/1978/1993 1980/1980/1995
f 2106/1973/1988 1977/1975/1990 1975/1974/1989
f 1983/1981/1996 1981/1978/1993 1978/1977/1992
f 1981/1978/1993 1983/1981/1996 1984/1982/1997
f 1980/1980/1995 1981/1978/1993 1982/1983/1998
f 1981/1978/1993 1986/1984/1999 1982/1983/1998
f 1981/1978/1993 1984/1982/1997 1986/1984/1999
f 1982/1983/1998 1986/1984/1999 1985/1985/2000
f 1985/1985/2000 1986/1984/1999 1987/1986/2001
f 1984/1982/1997 1989/1987/2002 1986/1984/1999
f 1986/1984/1999 1993/1988/2003 1987/1986/2001
f 1989/1987/2002 1993/1988/2003 1986/1984/1999
f 1987/1986/2001 1993/1988/2003 1988/1989/2004
f 1988/1989/2004 1995/1990/2005 1990/1991/2006
f 1993/1988/2003 1995/1990/2005 1988/1989/2004
f 1995/1990/2005 1996/1992/2007 1990/1991/2006
f 1990/1991/2006 1996/1992/2007 1991/1993/2008
f 1998/1994/2009 1997/1995/2010 1999/1996/2011
f 1997/1995/2010 2000/1997/2012 1999/1996/2011
f 1997/1995/2010 1994/1998/2013 2000/1997/2012
f 2000/1997/2012 2002/1999/2014 2001/2000/2015
f 2000/1997/2012 1994/1998/2013 2002/1999/2014
f 2001/2000/2015 2002/1999/2014 2003/2001/2016
f 1992/2002/2017 2004/2003/2018 1994/1998/2013
f 1991/1993/2008 2004/2003/2018 1992/2002/2017
f 2004/2003/2018 2002/1999/2014 1994/1998/2013
f 1991/1993/2008 1996/1992/2007 2004/2003/2018
f 2002/1999/2014 2005/2004/2019 2003/2001/2016
f 2003/2001/2016 2005/2004/2019 2006/2005/2020
f 2005/2004/2019 2007/2006/2021 2006/2005/2020
f 2002/1999/2014 2004/2003/2018 2005/2004/2019
f 2008/2007/2022 2005/2004/2019 2004/2003/2018
f 2007/2006/2021 2009/2008/2023 2006/2005/2020
f 2006/2005/2020 2009/2008/2023 2010/2009/2024
f 2007/2006/2021 2011/2010/2025 2009/2008/2023
f 2009/2008/2023 2012/2011/2026 2010/2009/2024
f 2011/2010/2025 2007/2006/2021 2005/2004/2019
f 2013/2012/2027 2011/2010/2025 2005/2004/2019
f 2008/2007/2022 2013/2012/2027 2005/2004/2019
f 2010/2009/2024 2012/2011/2026 2014/2013/2028
f 2015/2014/2029 2010/2009/2024 2014/2013/2028
f 2015/2014/2029 2014/2013/2028 2017/2015/2030
f 2015/2014/2029 2017/2015/2030 2016/2016/2031
f 2011/2010/2025 2012/2011/2026 2009/2008/2023
f 2014/2013/2028 2012/2011/2026 2019/2017/2032
f 2014/2013/2028 2019/2017/2032 2017/2015/2030
f 2020/2018/2033 2016/2016/2031 2017/2015/2030
f 2016/2016/2031 2020/2018/2033 2018/2019/2034
f 2018/2019/2034 2020/2018/2033 2021/2020/2035
f 2021/2020/2035 2022/2021/2036 2018/2019/2034
f 2022/2021/2036 2023/2022/2037 2018/2019/2034
f 2024/2023/2038 2022/2021/2036 2021/2020/2035
f 2020/2018/2033 2026/2024/2039 2021/2020/2035
f 2026/2024/2039 2024/2023/2038 2021/2020/2035
f 2024/2023/2038 2027/2025/2040 2025/2026/2041
f 2024/2023/2038 2026/2024/2039 2027/2025/2040
f 2025/2026/2041 2027/2025/2040 2028/2027/2042
f 2020/2018/2033 2029/2028/2043 2026/2024/2039
f 2027/2025/2040 2030/2029/2044 2028/2027/2042
f 2030/2029/2044 2031/2030/2045 2028/2027/2042
f 2028/2027/2042 2031/2030/2045 2032/2031/2046
f 2026/2024/2039 2033/2032/2047 2027/2025/2040
f 2027/2025/2040 2033/2032/2047 2030/2029/2044
f 2029/2028/2043 2035/2033/2048 2026/2024/2039
f 2026/2024/2039 2035/2033/2048 2033/2032/2047
f 2017/2015/2030 2019/2017/2032 2034/2034/2049
f 2036/2035/2050 2020/2018/2033 2017/2015/2030
f 2020/2018/2033 2036/2035/2050 2029/2028/2043
f 2037/2036/2051 2036/2035/2050 2017/2015/2030
f 2037/2036/2051 2017/2015/2030 2034/2034/2049
f 2036/2035/2050 2038/2037/2052 2029/2028/2043
f 2039/2038/2053 2037/2036/2051 2034/2034/2049
f 2029/2028/2043 2038/2037/2052 2035/2033/2048
f 2035/2033/2048 2038/2037/2052 2033/2032/2047
f 2038/2037/2052 2040/2039/2054 2033/2032/2047
f 2033/2032/2047 2041/2040/2055 2030/2029/2044
f 2033/2032/2047 2040/2039/2054 2041/2040/2055
f 2040/2039/2054 2042/2041/2056 2041/2040/2055
f 2030/2029/2044 2041/2040/2055 2031/2030/2045
f 2041/2040/2055 2043/2042/2057 2031/2030/2045
f 2041/2040/2055 2042/2041/2056 2043/2042/2057
f 2042/2041/2056 2044/2043/2058 2043/2042/2057
f 2032/2031/2046 2046/2044/2059 2045/2045/2060
f 2031/2030/2045 2047/2046/2061 2032/2031/2046
f 2031/2030/2045 2043/2042/2057 2047/2046/2061
f 2043/2042/2057 2048/2047/2062 2047/2046/2061
f 2043/2042/2057 2044/2043/2058 2048/2047/2062
f 2044/2043/2058 2049/2048/2063 2048/2047/2062
f 2049/2048/2063 2050/2049/2064 2048/2047/2062
f 2047/2046/2061 2048/2047/2062 2051/2050/2065
f 2048/2047/2062 2050/2049/2064 2052/2051/2066
f 2050/2049/2064 2053/2052/2067 2052/2051/2066
f 2048/2047/2062 2052/2051/2066 2051/2050/2065
f 2032/2031/2046 2047/2046/2061 2054/2053/2068
f 2054/2053/2068 2047/2046/2061 2051/2050/2065
f 2032/2031/2046 2054/2053/2068 2046/2044/2059
f 2054/2053/2068 2055/2054/2069 2046/2044/2059
f 2055/2054/2069 1839/1835/1850 2046/2044/2059
f 2055/2054/2069 1838/1834/1849 1839/1835/1850
f 2056/2055/2070 1838/1834/1849 2055/2054/2069
f 2056/2055/2070 1888/1877/1892 1838/1834/1849
f 2055/2054/2069 2054/2053/2068 2058/2056/2071
f 2054/2053/2068 2057/2057/2072 2058/2056/2071
f 2059/2058/2073 2056/2055/2070 2055/2054/2069
f 2059/2058/2073 2055/2054/2069 2058/2056/2071
f 2057/2057/2072 2054/2053/2068 2051/2050/2065
f 1885/1875/1890 1886/1876/1891 1888/1877/1892
f 2060/2059/2074 1885/1875/1890 1888/1877/1892
f 2060/2059/2074 1888/1877/1892 2056/2055/2070
f 2061/2060/2075 2060/2059/2074 2056/2055/2070
f 2061/2060/2075 2056/2055/2070 2059/2058/2073
f 2062/2061/2076 2061/2060/2075 2059/2058/2073
f 2063/2062/2077 2062/2061/2076 2059/2058/2073
f 2063/2062/2077 2059/2058/2073 2064/2063/2078
f 1904/1894/1909 2063/2062/2077 2064/2063/2078
f 2064/2063/2078 2059/2058/2073 2058/2056/2071
f 1904/1894/1909 2064/2063/2078 1905/1895/1910
f 2064/2063/2078 2058/2056/2071 2065/2064/2079
f 2065/2064/2079 2058/2056/2071 2057/2057/2072
f 1905/1895/1910 2064/2063/2078 2066/2065/2080
f 2066/2065/2080 2064/2063/2078 2065/2064/2079
f 1951/1948/1963 1905/1895/1910 2066/2065/2080
f 1951/1948/1963 2067/1952/1967 1949/1947/1962
f 2067/1952/1967 1951/1948/1963 2066/2065/2080
f 2066/2065/2080 2065/2064/2079 2067/1952/1967
f 2067/1952/1967 2068/2066/2081 1952/1949/1964
f 2067/1952/1967 2065/2064/2079 2069/2067/2082
f 1952/1949/1964 2068/2066/2081 1953/1950/1965
f 2067/1952/1967 2069/2067/2082 2070/2068/2083
f 2067/1952/1967 2070/2068/2083 2068/2066/2081
f 2068/2066/2081 2071/1953/1968 1953/1950/1965
f 2071/1953/1968 2068/2066/2081 2072/2069/2084
f 1963/1961/1976 1955/1954/1969 2071/1953/1968
f 1963/1961/1976 2071/1953/1968 2072/2069/2084
f 2068/2066/2081 2070/2068/2083 2076/2070/2085
f 1968/1967/1982 1963/1961/1976 2073/2071/2086
f 1968/1967/1982 2073/2071/2086 2074/2072/2087
f 1970/1969/1984 1968/1967/1982 2074/2072/2087
f 1963/1961/1976 2072/2069/2084 2073/2071/2086
f 2074/2072/2087 2073/2071/2086 2075/2073/2088
f 2072/2069/2084 2076/2070/2085 2073/2071/2086
f 2073/2071/2086 2077/2074/2089 2075/2073/2088
f 2076/2070/2085 2077/2074/2089 2073/2071/2086
f 2068/2066/2081 2076/2070/2085 2072/2069/2084
f 2077/2074/2089 2076/2070/2085 2079/2075/2090
f 2076/2070/2085 2080/2076/2091 2079/2075/2090
f 2080/2076/2091 2076/2070/2085 2070/2068/2083
f 2075/2073/2088 2077/2074/2089 2078/2077/2092
f 2069/2067/2082 2080/2076/2091 2070/2068/2083
f 2081/2078/2093 2080/2076/2091 2069/2067/2082
f 2082/2079/2094 2081/2078/2093 2069/2067/2082
f 2082/2079/2094 2069/2067/2082 2083/2080/2095
f 2069/2067/2082 2065/2064/2079 2083/2080/2095
f 2065/2064/2079 2057/2057/2072 2083/2080/2095
f 2084/2081/2096 2082/2079/2094 2083/2080/2095
f 2083/2080/2095 2057/2057/2072 2084/2081/2096
f 2057/2057/2072 2051/2050/2065 2084/2081/2096
f 2084/2081/2096 2051/2050/2065 2082/2079/2094
f 2051/2050/2065 2081/2078/2093 2082/2079/2094
f 2051/2050/2065 2052/2051/2066 2081/2078/2093
f 2052/2051/2066 2085/2082/2097 2081/2078/2093
f 2052/2051/2066 2053/2052/2067 2085/2082/2097
f 2079/2075/2090 2080/2076/2091 2081/2078/2093
f 2085/2082/2097 2079/2075/2090 2081/2078/2093
f 2053/2052/2067 2086/2083/2098 2085/2082/2097
f 2087/2084/2099 2088/2085/2100 2086/2083/2098
f 2086/2083/2098 2088/2085/2100 2085/2082/2097
f 2088/2085/2100 2087/2084/2099 2089/2086/2101
f 2088/2085/2100 2089/2086/2101 2091/2087/2102
f 2089/2086/2101 2090/2088/2103 2091/2087/2102
f 2090/2088/2103 2092/2089/2104 2093/2090/2105
f 2092/2089/2104 2094/2091/2106 2093/2090/2105
f 2094/2091/2106 2095/2092/2107 2093/2090/2105
f 2096/2093/2108 2093/2090/2105 2095/2092/2107
f 2097/2094/2109 2093/2090/2105 2096/2093/2108
f 2098/2095/2110 2093/2090/2105 2097/2094/2109
f 2098/2095/2110 2099/2096/2111 2093/2090/2105
f 2100/2097/2112 2088/2085/2100 2091/2087/2102
f 2088/2085/2100 2101/2098/2113 2085/2082/2097
f 2101/2098/2113 2079/2075/2090 2085/2082/2097
f 2100/2097/2112 2101/2098/2113 2088/2085/2100
f 2077/2074/2089 2079/2075/2090 2101/2098/2113
f 2078/2077/2092 2077/2074/2089 2101/2098/2113
f 2078/2077/2092 2101/2098/2113 2100/2097/2112
f 2102/2099/2114 2078/2077/2092 2100/2097/2112
f 2078/2077/2092 2102/2099/2114 2075/2073/2088
f 2091/2087/2102 2103/2100/2115 2100/2097/2112
f 2075/2073/2088 2102/2099/2114 2074/2072/2087
f 1970/1969/1984 2074/2072/2087 2104/2101/2116
f 2074/2072/2087 2102/2099/2114 2104/2101/2116
f 1970/1969/1984 2106/1973/1988 1971/1968/1983
f 2105/2102/2117 1970/1969/1984 2104/2101/2116
f 1970/1969/1984 2105/2102/2117 2106/1973/1988
f 2104/2101/2116 2107/2103/2118 2105/2102/2117
f 2105/2102/2117 2108/2104/2119 2106/1973/1988
f 2108/2104/2119 1977/1975/1990 2106/1973/1988
f 2108/2104/2119 1978/1977/1992 1977/1975/1990
f 2108/2104/2119 1983/1981/1996 1978/1977/1992
f 2105/2102/2117 2109/2105/2120 2108/2104/2119
f 2107/2103/2118 2109/2105/2120 2105/2102/2117
f 2109/2105/2120 1983/1981/1996 2108/2104/2119
f 1983/1981/1996 2109/2105/2120 1984/1982/1997
f 1984/1982/1997 2109/2105/2120 1989/1987/2002
f 2109/2105/2120 2110/2106/2121 1989/1987/2002
f 2109/2105/2120 2107/2103/2118 2110/2106/2121
f 1989/1987/2002 2110/2106/2121 1993/1988/2003
f 1993/1988/2003 2110/2106/2121 1995/1990/2005
f 2107/2103/2118 2111/2107/2122 2110/2106/2121
f 2110/2106/2121 2112/2108/2123 1995/1990/2005
f 2110/2106/2121 2113/2109/2124 2112/2108/2123
f 1995/1990/2005 2112/2108/2123 1996/1992/2007
f 2112/2108/2123 2008/2007/2022 1996/1992/2007
f 1996/1992/2007 2008/2007/2022 2004/2003/2018
f 2114/2110/2125 2013/2012/2027 2008/2007/2022
f 2112/2108/2123 2114/2110/2125 2008/2007/2022
f 2112/2108/2123 2128/2111/2126 2114/2110/2125
f 2112/2108/2123 2113/2109/2124 2128/2111/2126
f 2128/2111/2126 2115/2112/2127 2114/2110/2125
f 2115/2112/2127 2116/2113/2128 2114/2110/2125
f 2116/2113/2128 2013/2012/2027 2114/2110/2125
f 2116/2113/2128 2118/2114/2129 2013/2012/2027
f 2117/2115/2130 2118/2114/2129 2116/2113/2128
f 2118/2114/2129 2119/2116/2131 2013/2012/2027
f 2013/2012/2027 2119/2116/2131 2011/2010/2025
f 2011/2010/2025 2119/2116/2131 2012/2011/2026
f 2012/2011/2026 2119/2116/2131 2019/2017/2032
f 2019/2017/2032 2119/2116/2131 2034/2034/2049
f 2034/2034/2049 2119/2116/2131 2118/2114/2129
f 2034/2034/2049 2118/2114/2129 2039/2038/2053
f 2039/2038/2053 2118/2114/2129 2120/2117/2132
f 2120/2117/2132 2118/2114/2129 2098/2095/2110
f 2118/2114/2129 2099/2096/2111 2098/2095/2110
f 2118/2114/2129 2117/2115/2130 2099/2096/2111
f 2099/2096/2111 2117/2115/2130 2093/2090/2105
f 2090/2088/2103 2093/2090/2105 2121/2118/2133
f 2093/2090/2105 2117/2115/2130 2121/2118/2133
f 2090/2088/2103 2103/2100/2115 2091/2087/2102
f 2090/2088/2103 2121/2118/2133 2103/2100/2115
f 2121/2118/2133 2117/2115/2130 2122/2119/2134
f 2122/2119/2134 2117/2115/2130 2116/2113/2128
f 2122/2119/2134 2116/2113/2128 2115/2112/2127
f 2123/2120/2135 2122/2119/2134 2115/2112/2127
f 2121/2118/2133 2122/2119/2134 2123/2120/2135
f 2124/2121/2136 2103/2100/2115 2121/2118/2133
f 2100/2097/2112 2103/2100/2115 2102/2099/2114
f 2103/2100/2115 2124/2121/2136 2102/2099/2114
f 2102/2099/2114 2124/2121/2136 2125/2122/2137
f 2124/2121/2136 2121/2118/2133 2125/2122/2137
f 2125/2122/2137 2121/2118/2133 2123/2120/2135
f 2104/2101/2116 2102/2099/2114 2125/2122/2137
f 2104/2101/2116 2125/2122/2137 2126/2123/2138
f 2104/2101/2116 2126/2123/2138 2107/2103/2118
f 2125/2122/2137 2123/2120/2135 2126/2123/2138
f 2107/2103/2118 2126/2123/2138 2111/2107/2122
f 2123/2120/2135 2127/2124/2139 2126/2123/2138
f 2111/2107/2122 2113/2109/2124 2110/2106/2121
f 2126/2123/2138 2127/2124/2139 2111/2107/2122
f 2111/2107/2122 2127/2124/2139 2113/2109/2124
f 2115/2112/2127 2127/2124/2139 2123/2120/2135
f 2127/2124/2139 2128/2111/2126 2113/2109/2124
f 2115/2112/2127 2128/2111/2126 2127/2124/2139
f 2131/2125/2140 2130/2126/2141 2129/2127/2142
f 2132/2128/2143 2131/2125/2140 2129/2127/2142
f 2133/2129/2144 2131/2125/2140 2132/2128/2143
f 2133/2129/2144 2135/2130/2145 2134/2131/2146
f 2134/2131/2146 2135/2130/2145 2136/2132/2147
f 2138/2133/2148 2133/2129/2144 2132/2128/2143
f 2133/2129/2144 2138/2133/2148 2135/2130/2145
f 2135/2130/2145 2139/2134/2149 2136/2132/2147
f 2129/2127/2142 2140/2135/2150 2132/2128/2143
f 2140/2135/2150 2138/2133/2148 2132/2128/2143
f 2139/2134/2149 2141/2136/2151 2136/2132/2147
f 2136/2132/2147 2141/2136/2151 2142/2137/2152
f 2137/2138/2153 2140/2135/2150 2129/2127/2142
f 2140/2135/2150 2137/2138/2153 2143/2139/2154
f 2140/2135/2150 2144/2140/2155 2138/2133/2148
f 2145/2141/2156 2143/2139/2154 2137/2138/2153
f 2137/2138/2153 2146/2142/2157 2145/2141/2156
f 2146/2142/2157 2147/2143/2158 2145/2141/2156
f 2145/2141/2156 2147/2143/2158 2143/2139/2154
f 2146/2142/2157 2149/2144/2159 2147/2143/2158
f 2143/2139/2154 2147/2143/2158 2148/2145/2160
f 2149/2144/2159 2150/2146/2161 2147/2143/2158
f 2147/2143/2158 2150/2146/2161 2148/2145/2160
f 2151/2147/2162 2150/2146/2161 2149/2144/2159
f 2152/2148/2163 2151/2147/2162 2149/2144/2159
f 2153/2149/2164 2151/2147/2162 2152/2148/2163
f 2154/2150/2165 2153/2149/2164 2152/2148/2163
f 2155/2151/2166 2153/2149/2164 2154/2150/2165
f 2156/2152/2167 2155/2151/2166 2154/2150/2165
f 2157/2153/2168 2155/2151/2166 2156/2152/2167
f 2158/2154/2169 2160/2155/2170 2157/2153/2168
f 2159/2156/2171 2160/2155/2170 2158/2154/2169
f 2160/2155/2170 2161/2157/2172 2157/2153/2168
f 2157/2153/2168 2161/2157/2172 2155/2151/2166
f 2161/2157/2172 2163/2158/2173 2155/2151/2166
f 2162/2159/2174 2163/2158/2173 2161/2157/2172
f 2164/2160/2175 2166/2161/2176 2162/2159/2174
f 2165/2162/2177 2167/2163/2178 2164/2160/2175
f 2167/2163/2178 2166/2161/2176 2164/2160/2175
f 2168/2164/2179 2167/2163/2178 2165/2162/2177
f 2163/2158/2173 2170/2165/2180 2155/2151/2166
f 2155/2151/2166 2170/2165/2180 2153/2149/2164
f 2171/2166/2181 2167/2163/2178 2168/2164/2179
f 2169/2167/2182 2171/2166/2181 2168/2164/2179
f 2170/2165/2180 2173/2168/2183 2153/2149/2164
f 2174/2169/2184 2175/2170/2185 2172/2171/2186
f 2176/2172/2187 2175/2170/2185 2174/2169/2184
f 2176/2172/2187 2180/2173/2188 2175/2170/2185
f 2177/2174/2189 2180/2173/2188 2176/2172/2187
f 2180/2173/2188 2177/2174/2189 2178/2175/2190
f 2184/2176/2191 2180/2173/2188 2178/2175/2190
f 2184/2176/2191 2178/2175/2190 2179/2177/2192
f 2185/2178/2193 2186/2179/2194 2183/2180/2195
f 2187/2181/2196 2179/2177/2192 2181/2182/2197
f 2187/2181/2196 2184/2176/2191 2179/2177/2192
f 2188/2183/2198 2181/2182/2197 2182/2184/2199
f 2188/2183/2198 2187/2181/2196 2181/2182/2197
f 2182/2184/2199 2183/2180/2195 2189/2185/2200
f 2189/2185/2200 2188/2183/2198 2182/2184/2199
f 2183/2180/2195 2186/2179/2194 2435/2186/2201
f 2183/2180/2195 2435/2186/2201 2189/2185/2200
f 2190/2187/2202 2180/2173/2188 2184/2176/2191
f 2180/2173/2188 2191/2188/2203 2175/2170/2185
f 2175/2170/2185 2191/2188/2203 2172/2171/2186
f 2191/2188/2203 2192/2189/2204 2172/2171/2186
f 2172/2171/2186 2192/2189/2204 2169/2167/2182
f 2190/2187/2202 2184/2176/2191 2187/2181/2196
f 2180/2173/2188 2190/2187/2202 2191/2188/2203
f 2192/2189/2204 2171/2166/2181 2169/2167/2182
f 2190/2187/2202 2193/2190/2205 2191/2188/2203
f 2191/2188/2203 2193/2190/2205 2192/2189/2204
f 2162/2159/2174 2166/2161/2176 2163/2158/2173
f 2167/2163/2178 2194/2191/2206 2166/2161/2176
f 2166/2161/2176 2170/2165/2180 2163/2158/2173
f 2194/2191/2206 2170/2165/2180 2166/2161/2176
f 2171/2166/2181 2195/2192/2207 2167/2163/2178
f 2195/2192/2207 2194/2191/2206 2167/2163/2178
f 2194/2191/2206 2196/2193/2208 2170/2165/2180
f 2197/2194/2209 2196/2193/2208 2194/2191/2206
f 2195/2192/2207 2197/2194/2209 2194/2191/2206
f 2196/2193/2208 2173/2168/2183 2170/2165/2180
f 2196/2193/2208 2197/2194/2209 2198/2195/2210
f 2173/2168/2183 2196/2193/2208 2198/2195/2210
f 2153/2149/2164 2199/2196/2211 2151/2147/2162
f 2153/2149/2164 2173/2168/2183 2199/2196/2211
f 2199/2196/2211 2150/2146/2161 2151/2147/2162
f 2150/2146/2161 2200/2197/2212 2148/2145/2160
f 2199/2196/2211 2200/2197/2212 2150/2146/2161
f 2201/2198/2213 2200/2197/2212 2199/2196/2211
f 2148/2145/2160 2200/2197/2212 2202/2199/2214
f 2201/2198/2213 2199/2196/2211 2173/2168/2183
f 2203/2200/2215 2143/2139/2154 2148/2145/2160
f 2204/2201/2216 2203/2200/2215 2148/2145/2160
f 2203/2200/2215 2205/2202/2217 2143/2139/2154
f 2205/2202/2217 2140/2135/2150 2143/2139/2154
f 2148/2145/2160 2202/2199/2214 2204/2201/2216
f 2140/2135/2150 2205/2202/2217 2144/2140/2155
f 2205/2202/2217 2206/2203/2218 2144/2140/2155
f 2144/2140/2155 2207/2204/2219 2138/2133/2148
f 2144/2140/2155 2206/2203/2218 2207/2204/2219
f 2202/2199/2214 2208/2205/2220 2204/2201/2216
f 2202/2199/2214 2210/2206/2221 2208/2205/2220
f 2207/2204/2219 2206/2203/2218 2211/2207/2222
f 2206/2203/2218 2212/2208/2223 2211/2207/2222
f 2208/2205/2220 2210/2206/2221 2209/2209/2224
f 2202/2199/2214 2200/2197/2212 2210/2206/2221
f 2209/2209/2224 2214/2210/2225 2213/2211/2226
f 2213/2211/2226 2214/2210/2225 2215/2212/2227
f 2210/2206/2221 2216/2213/2228 2209/2209/2224
f 2215/2212/2227 2214/2210/2225 2217/2214/2229
f 2200/2197/2212 2218/2215/2230 2210/2206/2221
f 2218/2215/2230 2200/2197/2212 2201/2198/2213
f 2209/2209/2224 2216/2213/2228 2214/2210/2225
f 2210/2206/2221 2218/2215/2230 2216/2213/2228
f 2214/2210/2225 2219/2216/2231 2217/2214/2229
f 2220/2217/2232 2217/2214/2229 2219/2216/2231
f 2221/2218/2233 2220/2217/2232 2219/2216/2231
f 2222/2219/2234 2221/2218/2233 2219/2216/2231
f 2223/2220/2235 2222/2219/2234 2219/2216/2231
f 2223/2220/2235 2219/2216/2231 2224/2221/2236
f 2214/2210/2225 2226/2222/2237 2219/2216/2231
f 2252/2223/2238 2219/2216/2231 2226/2222/2237
f 2224/2221/2236 2219/2216/2231 2252/2223/2238
f 2227/2224/2239 2225/2225/2240 2223/2220/2235
f 2227/2224/2239 2223/2220/2235 2224/2221/2236
f 2228/2226/2241 2225/2225/2240 2227/2224/2239
f 2228/2226/2241 2227/2224/2239 2229/2227/2242
f 2232/2228/2243 2230/2229/2244 2231/2230/2245
f 2233/2231/2246 2232/2228/2243 2231/2230/2245
f 2234/2232/2247 2233/2231/2246 2231/2230/2245
f 2235/2233/2248 2233/2231/2246 2234/2232/2247
f 2236/2234/2249 2235/2233/2248 2234/2232/2247
f 2212/2208/2223 2235/2233/2248 2236/2234/2249
f 2211/2207/2222 2212/2208/2223 2236/2234/2249
f 2231/2230/2245 2230/2229/2244 2237/2235/2250
f 2138/2133/2148 2207/2204/2219 2211/2207/2222
f 2138/2133/2148 2211/2207/2222 2135/2130/2145
f 2135/2130/2145 2211/2207/2222 2139/2134/2149
f 2211/2207/2222 2236/2234/2249 2139/2134/2149
f 2139/2134/2149 2236/2234/2249 2141/2136/2151
f 2236/2234/2249 2234/2232/2247 2141/2136/2151
f 2141/2136/2151 2238/2236/2251 2142/2137/2152
f 2141/2136/2151 2234/2232/2247 2240/2237/2252
f 2141/2136/2151 2240/2237/2252 2238/2236/2251
f 2234/2232/2247 2231/2230/2245 2240/2237/2252
f 2240/2237/2252 2231/2230/2245 2241/2238/2253
f 2231/2230/2245 2237/2235/2250 2241/2238/2253
f 2242/2239/2254 2238/2236/2251 2240/2237/2252
f 2242/2239/2254 2240/2237/2252 2241/2238/2253
f 2238/2236/2251 2242/2239/2254 2239/2240/2255
f 2242/2239/2254 2243/2241/2256 2239/2240/2255
f 2246/2242/2257 2242/2239/2254 2241/2238/2253
f 2246/2242/2257 2241/2238/2253 2245/2243/2258
f 2247/2244/2259 2246/2242/2257 2245/2243/2258
f 2248/2245/2260 2242/2239/2254 2246/2242/2257
f 2248/2245/2260 2243/2241/2256 2242/2239/2254
f 2241/2238/2253 2237/2235/2250 2249/2246/2261
f 2241/2238/2253 2249/2246/2261 2245/2243/2258
f 2250/2247/2262 2246/2242/2257 2247/2244/2259
f 2229/2227/2242 2251/2248/2263 2230/2229/2244
f 2229/2227/2242 2227/2224/2239 2251/2248/2263
f 2230/2229/2244 2251/2248/2263 2237/2235/2250
f 2227/2224/2239 2253/2249/2264 2251/2248/2263
f 2224/2221/2236 2253/2249/2264 2227/2224/2239
f 2237/2235/2250 2256/2250/2265 2249/2246/2261
f 2251/2248/2263 2256/2250/2265 2237/2235/2250
f 2254/2251/2266 2253/2249/2264 2224/2221/2236
f 2252/2223/2238 2254/2251/2266 2224/2221/2236
f 2253/2249/2264 2255/2252/2267 2270/2253/2268
f 2256/2250/2265 2253/2249/2264 2270/2253/2268
f 2257/2254/2269 2255/2252/2267 2253/2249/2264
f 2253/2249/2264 2256/2250/2265 2251/2248/2263
f 2256/2250/2265 2272/2255/2270 2249/2246/2261
f 2257/2254/2269 2253/2249/2264 2254/2251/2266
f 2216/2213/2228 2226/2222/2237 2214/2210/2225
f 2216/2213/2228 2218/2215/2230 2258/2256/2271
f 2258/2256/2271 2218/2215/2230 2201/2198/2213
f 2226/2222/2237 2216/2213/2228 2258/2256/2271
f 2259/2257/2272 2258/2256/2271 2201/2198/2213
f 2259/2257/2272 2201/2198/2213 2173/2168/2183
f 2259/2257/2272 2173/2168/2183 2198/2195/2210
f 2260/2258/2273 2258/2256/2271 2259/2257/2272
f 2260/2258/2273 2259/2257/2272 2198/2195/2210
f 2261/2259/2274 2226/2222/2237 2258/2256/2271
f 2262/2260/2275 2258/2256/2271 2260/2258/2273
f 2263/2261/2276 2226/2222/2237 2261/2259/2274
f 2252/2223/2238 2226/2222/2237 2263/2261/2276
f 2261/2259/2274 2258/2256/2271 2262/2260/2275
f 2264/2262/2277 2261/2259/2274 2262/2260/2275
f 2263/2261/2276 2261/2259/2274 2264/2262/2277
f 2266/2263/2278 2252/2223/2238 2263/2261/2276
f 2265/2264/2279 2254/2251/2266 2252/2223/2238
f 2265/2264/2279 2252/2223/2238 2266/2263/2278
f 2266/2263/2278 2263/2261/2276 2264/2262/2277
f 2265/2264/2279 2266/2263/2278 2267/2265/2280
f 2265/2264/2279 2257/2254/2269 2254/2251/2266
f 2255/2252/2267 2257/2254/2269 2265/2264/2279
f 2268/2266/2281 2266/2263/2278 2264/2262/2277
f 2265/2264/2279 2267/2265/2280 2269/2267/2282
f 2269/2267/2282 2255/2252/2267 2265/2264/2279
f 2270/2253/2268 2255/2252/2267 2269/2267/2282
f 2256/2250/2265 2270/2253/2268 2272/2255/2270
f 2270/2253/2268 2271/2268/2283 2272/2255/2270
f 2271/2268/2283 2270/2253/2268 2273/2269/2284
f 2272/2255/2270 2271/2268/2283 2274/2270/2285
f 2275/2271/2286 2270/2253/2268 2269/2267/2282
f 2249/2246/2261 2272/2255/2270 2276/2272/2287
f 2276/2272/2287 2272/2255/2270 2277/2273/2288
f 2277/2273/2288 2272/2255/2270 2274/2270/2285
f 2245/2243/2258 2249/2246/2261 2247/2244/2259
f 2249/2246/2261 2276/2272/2287 2247/2244/2259
f 2276/2272/2287 2250/2247/2262 2247/2244/2259
f 2276/2272/2287 2277/2273/2288 2278/2274/2289
f 2278/2274/2289 2277/2273/2288 2274/2270/2285
f 2250/2247/2262 2279/2275/2290 2246/2242/2257
f 2248/2245/2260 2246/2242/2257 2279/2275/2290
f 2243/2241/2256 2280/2276/2291 2244/2277/2292
f 2280/2276/2291 2281/2278/2293 2244/2277/2292
f 2248/2245/2260 2280/2276/2291 2243/2241/2256
f 2280/2276/2291 2282/2279/2294 2281/2278/2293
f 2282/2279/2294 2283/2280/2295 2281/2278/2293
f 2283/2280/2295 2284/2281/2296 2281/2278/2293
f 2283/2280/2295 2285/2282/2297 2284/2281/2296
f 2286/2283/2298 2285/2282/2297 2283/2280/2295
f 2288/2284/2299 2285/2282/2297 2287/2285/2300
f 2288/2284/2299 2287/2285/2300 2289/2286/2301
f 2289/2286/2301 2287/2285/2300 2290/2287/2302
f 2285/2282/2297 2286/2283/2298 2287/2285/2300
f 2286/2283/2298 2291/2288/2303 2287/2285/2300
f 2291/2288/2303 2290/2287/2302 2287/2285/2300
f 2290/2287/2302 2291/2288/2303 2292/2289/2304
f 2293/2290/2305 2291/2288/2303 2286/2283/2298
f 2291/2288/2303 2295/2291/2306 2292/2289/2304
f 2296/2292/2307 2292/2289/2304 2294/2293/2308
f 2294/2293/2308 2292/2289/2304 2295/2291/2306
f 2297/2294/2309 2294/2293/2308 2295/2291/2306
f 2297/2294/2309 2296/2292/2307 2294/2293/2308
f 2298/2295/2310 2296/2292/2307 2297/2294/2309
f 2299/2296/2311 2298/2295/2310 2297/2294/2309
f 2300/2297/2312 2297/2294/2309 2295/2291/2306
f 2299/2296/2311 2297/2294/2309 2300/2297/2312
f 2299/2296/2311 2360/2298/2313 2298/2295/2310
f 2360/2298/2313 2301/2299/2314 2298/2295/2310
f 2360/2298/2313 2302/2300/2315 2301/2299/2314
f 2302/2300/2315 2303/2301/2316 2301/2299/2314
f 2302/2300/2315 2304/2302/2317 2303/2301/2316
f 2304/2302/2317 2305/2303/2318 2303/2301/2316
f 2304/2302/2317 2306/2304/2319 2305/2303/2318
f 2306/2304/2319 2307/2305/2320 2305/2303/2318
f 2308/2306/2321 2309/2307/2322 2306/2304/2319
f 2310/2308/2323 2308/2306/2321 2306/2304/2319
f 2310/2308/2323 2306/2304/2319 2304/2302/2317
f 2315/2309/2324 2312/2310/2325 2311/2311/2326
f 2316/2312/2327 2310/2308/2323 2304/2302/2317
f 2316/2312/2327 2311/2311/2326 2310/2308/2323
f 2316/2312/2327 2315/2309/2324 2311/2311/2326
f 2319/2313/2328 2315/2309/2324 2316/2312/2327
f 2316/2312/2327 2304/2302/2317 2302/2300/2315
f 2321/2314/2329 2316/2312/2327 2302/2300/2315
f 2321/2314/2329 2359/2315/2330 2316/2312/2327
f 2327/2316/2331 2324/2317/2332 2323/2318/2333
f 2324/2317/2332 2327/2316/2331 2325/2319/2334
f 2328/2320/2335 2327/2316/2331 2323/2318/2333
f 2328/2320/2335 2323/2318/2333 2322/2321/2336
f 2327/2316/2331 2333/2322/2337 2325/2319/2334
f 2332/2323/2338 2331/2324/2339 2330/2325/2340
f 2325/2319/2334 2335/2326/2341 2326/2327/2342
f 2333/2322/2337 2335/2326/2341 2325/2319/2334
f 2326/2327/2342 2336/2328/2343 2329/2329/2344
f 2335/2326/2341 2336/2328/2343 2326/2327/2342
f 2329/2329/2344 2337/2330/2345 2330/2325/2340
f 2336/2328/2343 2337/2330/2345 2329/2329/2344
f 2332/2323/2338 2330/2325/2340 2338/2331/2346
f 2337/2330/2345 2338/2331/2346 2330/2325/2340
f 2334/2332/2347 2332/2323/2338 2339/2333/2348
f 2339/2333/2348 2332/2323/2338 2338/2331/2346
f 2333/2322/2337 2327/2316/2331 2328/2320/2335
f 2328/2320/2335 2322/2321/2336 2320/2334/2349
f 2340/2335/2350 2328/2320/2335 2320/2334/2349
f 2340/2335/2350 2320/2334/2349 2318/2336/2351
f 2341/2337/2352 2333/2322/2337 2328/2320/2335
f 2349/2338/2353 2335/2326/2341 2333/2322/2337
f 2341/2337/2352 2328/2320/2335 2340/2335/2350
f 2342/2339/2354 2340/2335/2350 2318/2336/2351
f 2342/2339/2354 2318/2336/2351 2317/2340/2355
f 2343/2341/2356 2317/2340/2355 2314/2342/2357
f 2343/2341/2356 2314/2342/2357 2313/2343/2358
f 2315/2309/2324 2313/2343/2358 2312/2310/2325
f 2342/2339/2354 2317/2340/2355 2343/2341/2356
f 2315/2309/2324 2343/2341/2356 2313/2343/2358
f 2344/2344/2359 2342/2339/2354 2343/2341/2356
f 2319/2313/2328 2343/2341/2356 2315/2309/2324
f 2319/2313/2328 2344/2344/2359 2343/2341/2356
f 2316/2312/2327 2345/2345/2360 2319/2313/2328
f 2359/2315/2330 2345/2345/2360 2316/2312/2327
f 2346/2346/2361 2344/2344/2359 2319/2313/2328
f 2345/2345/2360 2346/2346/2361 2319/2313/2328
f 2346/2346/2361 2347/2347/2362 2344/2344/2359
f 2344/2344/2359 2348/2348/2363 2342/2339/2354
f 2347/2347/2362 2348/2348/2363 2344/2344/2359
f 2348/2348/2363 2340/2335/2350 2342/2339/2354
f 2348/2348/2363 2341/2337/2352 2340/2335/2350
f 2349/2338/2353 2333/2322/2337 2341/2337/2352
f 2348/2348/2363 2349/2338/2353 2341/2337/2352
f 2350/2349/2364 2335/2326/2341 2349/2338/2353
f 2335/2326/2341 2350/2349/2364 2336/2328/2343
f 2351/2350/2365 2349/2338/2353 2348/2348/2363
f 2349/2338/2353 2351/2350/2365 2350/2349/2364
f 2347/2347/2362 2351/2350/2365 2348/2348/2363
f 2352/2351/2366 2351/2350/2365 2347/2347/2362
f 2352/2351/2366 2353/2352/2367 2351/2350/2365
f 2354/2353/2368 2347/2347/2362 2346/2346/2361
f 2354/2353/2368 2352/2351/2366 2347/2347/2362
f 2354/2353/2368 2355/2354/2369 2352/2351/2366
f 2352/2351/2366 2356/2355/2370 2353/2352/2367
f 2354/2353/2368 2357/2356/2371 2355/2354/2369
f 2355/2354/2369 2356/2355/2370 2352/2351/2366
f 2358/2357/2372 2357/2356/2371 2354/2353/2368
f 2358/2357/2372 2354/2353/2368 2346/2346/2361
f 2345/2345/2360 2358/2357/2372 2346/2346/2361
f 2358/2357/2372 2345/2345/2360 2359/2315/2330
f 2321/2314/2329 2302/2300/2315 2360/2298/2313
f 2361/2358/2373 2299/2296/2311 2300/2297/2312
f 2361/2358/2373 2360/2298/2313 2299/2296/2311
f 2361/2358/2373 2362/2359/2374 2360/2298/2313
f 2363/2360/2375 2362/2359/2374 2361/2358/2373
f 2360/2298/2313 2362/2359/2374 2321/2314/2329
f 2364/2361/2376 2286/2283/2298 2283/2280/2295
f 2364/2361/2376 2283/2280/2295 2282/2279/2294
f 2365/2362/2377 2293/2290/2305 2286/2283/2298
f 2365/2362/2377 2286/2283/2298 2364/2361/2376
f 2291/2288/2303 2366/2363/2378 2295/2291/2306
f 2366/2363/2378 2291/2288/2303 2293/2290/2305
f 2366/2363/2378 2367/2364/2379 2295/2291/2306
f 2367/2364/2379 2368/2365/2380 2295/2291/2306
f 2369/2366/2381 2366/2363/2378 2293/2290/2305
f 2300/2297/2312 2295/2291/2306 2368/2365/2380
f 2369/2366/2381 2293/2290/2305 2365/2362/2377
f 2369/2366/2381 2365/2362/2377 2364/2361/2376
f 2370/2367/2382 2369/2366/2381 2364/2361/2376
f 2361/2358/2373 2300/2297/2312 2368/2365/2380
f 2373/2368/2383 2361/2358/2373 2368/2365/2380
f 2373/2368/2383 2368/2365/2380 2371/2369/2384
f 2370/2367/2382 2364/2361/2376 2374/2370/2385
f 2375/2371/2386 2370/2367/2382 2374/2370/2385
f 2373/2368/2383 2371/2369/2384 2372/2372/2387
f 2363/2360/2375 2361/2358/2373 2373/2368/2383
f 2377/2373/2388 2372/2372/2387 2376/2374/2389
f 2377/2373/2388 2376/2374/2389 2378/2375/2390
f 2379/2376/2391 2373/2368/2383 2372/2372/2387
f 2377/2373/2388 2378/2375/2390 2380/2377/2392
f 2379/2376/2391 2372/2372/2387 2377/2373/2388
f 2380/2377/2392 2381/2378/2393 2377/2373/2388
f 2382/2379/2394 2363/2360/2375 2373/2368/2383
f 2382/2379/2394 2373/2368/2383 2379/2376/2391
f 2363/2360/2375 2382/2379/2394 2362/2359/2374
f 2382/2379/2394 2379/2376/2391 2377/2373/2388
f 2381/2378/2393 2383/2380/2395 2377/2373/2388
f 2377/2373/2388 2383/2380/2395 2385/2381/2396
f 2384/2382/2397 2386/2383/2398 2383/2380/2395
f 2386/2383/2398 2388/2384/2399 2383/2380/2395
f 2389/2385/2400 2385/2381/2396 2383/2380/2395
f 2386/2383/2398 2390/2386/2401 2388/2384/2399
f 2387/2387/2402 2390/2386/2401 2386/2383/2398
f 2390/2386/2401 2387/2387/2402 2391/2388/2403
f 2389/2385/2400 2383/2380/2395 2388/2384/2399
f 2391/2388/2403 2392/2389/2404 2393/2390/2405
f 2392/2389/2404 2394/2391/2406 2393/2390/2405
f 2394/2391/2406 2396/2392/2407 2395/2393/2408
f 2396/2392/2407 2397/2394/2409 2395/2393/2408
f 2397/2394/2409 2398/2395/2410 2395/2393/2408
f 2397/2394/2409 2375/2371/2386 2398/2395/2410
f 2375/2371/2386 2374/2370/2385 2398/2395/2410
f 2390/2386/2401 2391/2388/2403 2393/2390/2405
f 2399/2396/2411 2389/2385/2400 2388/2384/2399
f 2374/2370/2385 2364/2361/2376 2282/2279/2294
f 2374/2370/2385 2282/2279/2294 2280/2276/2291
f 2398/2395/2410 2374/2370/2385 2280/2276/2291
f 2398/2395/2410 2280/2276/2291 2248/2245/2260
f 2395/2393/2408 2398/2395/2410 2248/2245/2260
f 2395/2393/2408 2248/2245/2260 2279/2275/2290
f 2400/2397/2412 2279/2275/2290 2250/2247/2262
f 2395/2393/2408 2279/2275/2290 2400/2397/2412
f 2393/2390/2405 2394/2391/2406 2395/2393/2408
f 2393/2390/2405 2395/2393/2408 2401/2398/2413
f 2401/2398/2413 2395/2393/2408 2400/2397/2412
f 2402/2399/2414 2390/2386/2401 2393/2390/2405
f 2402/2399/2414 2388/2384/2399 2390/2386/2401
f 2400/2397/2412 2250/2247/2262 2276/2272/2287
f 2278/2274/2289 2400/2397/2412 2276/2272/2287
f 2403/2400/2415 2402/2399/2414 2393/2390/2405
f 2403/2400/2415 2393/2390/2405 2401/2398/2413
f 2278/2274/2289 2401/2398/2413 2400/2397/2412
f 2278/2274/2289 2403/2400/2415 2401/2398/2413
f 2403/2400/2415 2404/2401/2416 2402/2399/2414
f 2402/2399/2414 2399/2396/2411 2388/2384/2399
f 2278/2274/2289 2406/2402/2417 2403/2400/2415
f 2402/2399/2414 2404/2401/2416 2399/2396/2411
f 2405/2403/2418 2404/2401/2416 2403/2400/2415
f 2406/2402/2417 2405/2403/2418 2403/2400/2415
f 2382/2379/2394 2377/2373/2388 2385/2381/2396
f 2382/2379/2394 2385/2381/2396 2407/2404/2419
f 2382/2379/2394 2408/2405/2420 2362/2359/2374
f 2382/2379/2394 2407/2404/2419 2408/2405/2420
f 2408/2405/2420 2358/2357/2372 2362/2359/2374
f 2408/2405/2420 2407/2404/2419 2358/2357/2372
f 2407/2404/2419 2357/2356/2371 2358/2357/2372
f 2362/2359/2374 2358/2357/2372 2359/2315/2330
f 2407/2404/2419 2385/2381/2396 2357/2356/2371
f 2321/2314/2329 2362/2359/2374 2359/2315/2330
f 2385/2381/2396 2355/2354/2369 2357/2356/2371
f 2385/2381/2396 2409/2406/2421 2355/2354/2369
f 2389/2385/2400 2409/2406/2421 2385/2381/2396
f 2389/2385/2400 2399/2396/2411 2409/2406/2421
f 2399/2396/2411 2410/2407/2422 2409/2406/2421
f 2409/2406/2421 2356/2355/2370 2355/2354/2369
f 2409/2406/2421 2410/2407/2422 2356/2355/2370
f 2399/2396/2411 2411/2408/2423 2410/2407/2422
f 2410/2407/2422 2411/2408/2423 2413/2409/2424
f 2410/2407/2422 2413/2409/2424 2356/2355/2370
f 2413/2409/2424 2412/2410/2425 2353/2352/2367
f 2356/2355/2370 2413/2409/2424 2353/2352/2367
f 2353/2352/2367 2412/2410/2425 2351/2350/2365
f 2413/2409/2424 2414/2411/2426 2412/2410/2425
f 2412/2410/2425 2415/2412/2427 2351/2350/2365
f 2351/2350/2365 2415/2412/2427 2350/2349/2364
f 2350/2349/2364 2415/2412/2427 2336/2328/2343
f 2415/2412/2427 2412/2410/2425 2416/2413/2428
f 2336/2328/2343 2415/2412/2427 2416/2413/2428
f 2336/2328/2343 2416/2413/2428 2337/2330/2345
f 2412/2410/2425 2417/2414/2429 2416/2413/2428
f 2337/2330/2345 2416/2413/2428 2338/2331/2346
f 2416/2413/2428 2417/2414/2429 2338/2331/2346
f 2417/2414/2429 2418/2415/2430 2338/2331/2346
f 2339/2333/2348 2419/2416/2431 2334/2332/2347
f 2420/2417/2432 2419/2416/2431 2339/2333/2348
f 2422/2418/2433 2339/2333/2348 2338/2331/2346
f 2422/2418/2433 2338/2331/2346 2418/2415/2430
f 2422/2418/2433 2420/2417/2432 2339/2333/2348
f 2423/2419/2434 2421/2420/2435 2420/2417/2432
f 2422/2418/2433 2423/2419/2434 2420/2417/2432
f 2424/2421/2436 2423/2419/2434 2422/2418/2433
f 2422/2418/2433 2418/2415/2430 2425/2422/2437
f 2426/2423/2438 2422/2418/2433 2425/2422/2437
f 2418/2415/2430 2417/2414/2429 2412/2410/2425
f 2425/2422/2437 2418/2415/2430 2412/2410/2425
f 2414/2411/2426 2425/2422/2437 2412/2410/2425
f 2426/2423/2438 2424/2421/2436 2422/2418/2433
f 2425/2422/2437 2414/2411/2426 2427/2424/2439
f 2426/2423/2438 2425/2422/2437 2427/2424/2439
f 2413/2409/2424 2411/2408/2423 2414/2411/2426
f 2411/2408/2423 2427/2424/2439 2414/2411/2426
f 2404/2401/2416 2411/2408/2423 2399/2396/2411
f 2404/2401/2416 2405/2403/2418 2411/2408/2423
f 2405/2403/2418 2427/2424/2439 2411/2408/2423
f 2405/2403/2418 2406/2402/2417 2427/2424/2439
f 2406/2402/2417 2426/2423/2438 2427/2424/2439
f 2428/2425/2440 2426/2423/2438 2406/2402/2417
f 2424/2421/2436 2426/2423/2438 2428/2425/2440
f 2429/2426/2441 2428/2425/2440 2406/2402/2417
f 2406/2402/2417 2278/2274/2289 2429/2426/2441
f 2429/2426/2441 2278/2274/2289 2274/2270/2285
f 2429/2426/2441 2274/2270/2285 2428/2425/2440
f 2430/2427/2442 2274/2270/2285 2271/2268/2283
f 2430/2427/2442 2271/2268/2283 2273/2269/2284
f 2274/2270/2285 2430/2427/2442 2428/2425/2440
f 2430/2427/2442 2424/2421/2436 2428/2425/2440
f 2275/2271/2286 2273/2269/2284 2270/2253/2268
f 2424/2421/2436 2430/2427/2442 2273/2269/2284
f 2275/2271/2286 2424/2421/2436 2273/2269/2284
f 2431/2428/2443 2275/2271/2286 2269/2267/2282
f 2269/2267/2282 2432/2429/2444 2431/2428/2443
f 2267/2265/2280 2432/2429/2444 2269/2267/2282
f 2423/2419/2434 2424/2421/2436 2433/2430/2445
f 2434/2431/2446 2423/2419/2434 2433/2430/2445
f 2424/2421/2436 2275/2271/2286 2433/2430/2445
f 2435/2186/2201 2433/2430/2445 2275/2271/2286
f 2436/2432/2447 2434/2431/2446 2433/2430/2445
f 2435/2186/2201 2275/2271/2286 2431/2428/2443
f 2437/2433/2448 2435/2186/2201 2431/2428/2443
f 2431/2428/2443 2439/2434/2449 2437/2433/2448
f 2436/2432/2447 2433/2430/2445 2186/2179/2194
f 2186/2179/2194 2433/2430/2445 2435/2186/2201
f 2189/2185/2200 2435/2186/2201 2437/2433/2448
f 2438/2435/2450 2188/2183/2198 2189/2185/2200
f 2437/2433/2448 2438/2435/2450 2189/2185/2200
f 2438/2435/2450 2187/2181/2196 2188/2183/2198
f 2439/2434/2449 2438/2435/2450 2437/2433/2448
f 2440/2436/2451 2190/2187/2202 2187/2181/2196
f 2438/2435/2450 2441/2437/2452 2187/2181/2196
f 2441/2437/2452 2440/2436/2451 2187/2181/2196
f 2442/2438/2453 2441/2437/2452 2438/2435/2450
f 2190/2187/2202 2440/2436/2451 2193/2190/2205
f 2439/2434/2449 2442/2438/2453 2438/2435/2450
f 2442/2438/2453 2443/2439/2454 2441/2437/2452
f 2439/2434/2449 2431/2428/2443 2442/2438/2453
f 2431/2428/2443 2432/2429/2444 2442/2438/2453
f 2432/2429/2444 2267/2265/2280 2443/2439/2454
f 2442/2438/2453 2432/2429/2444 2443/2439/2454
f 2443/2439/2454 2267/2265/2280 2268/2266/2281
f 2267/2265/2280 2266/2263/2278 2268/2266/2281
f 2268/2266/2281 2444/2440/2455 2443/2439/2454
f 2264/2262/2277 2444/2440/2455 2268/2266/2281
f 2443/2439/2454 2444/2440/2455 2441/2437/2452
f 2441/2437/2452 2445/2441/2456 2440/2436/2451
f 2441/2437/2452 2444/2440/2455 2445/2441/2456
f 2440/2436/2451 2445/2441/2456 2193/2190/2205
f 2264/2262/2277 2262/2260/2275 2444/2440/2455
f 2193/2190/2205 2445/2441/2456 2446/2442/2457
f 2193/2190/2205 2195/2192/2207 2192/2189/2204
f 2192/2189/2204 2195/2192/2207 2171/2166/2181
f 2193/2190/2205 2446/2442/2457 2195/2192/2207
f 2445/2441/2456 2444/2440/2455 2446/2442/2457
f 2446/2442/2457 2197/2194/2209 2195/2192/2207
f 2446/2442/2457 2444/2440/2455 2447/2443/2458
f 2446/2442/2457 2447/2443/2458 2197/2194/2209
f 2262/2260/2275 2447/2443/2458 2444/2440/2455
f 2262/2260/2275 2260/2258/2273 2447/2443/2458
f 2260/2258/2273 2198/2195/2210 2197/2194/2209
f 2197/2194/2209 2447/2443/2458 2260/2258/2273
f 2450/2444/2459 2449/2445/2460 2448/2446/2461
f 2451/2447/2462 2450/2444/2459 2448/2446/2461
f 2452/2448/2463 2450/2444/2459 2451/2447/2462
f 2453/2449/2464 2452/2448/2463 2451/2447/2462
f 2454/2450/2465 2452/2448/2463 2453/2449/2464
f 2455/2451/2466 2454/2450/2465 2453/2449/2464
f 2456/2452/2467 2454/2450/2465 2455/2451/2466
f 2457/2453/2468 2456/2452/2467 2455/2451/2466
f 2458/2454/2469 2456/2452/2467 2457/2453/2468
f 2459/2455/2470 2458/2454/2469 2457/2453/2468
f 2460/2456/2471 2458/2454/2469 2459/2455/2470
f 2461/2457/2472 2460/2456/2471 2459/2455/2470
f 2462/2458/2473 2460/2456/2471 2461/2457/2472
f 2463/2459/2474 2462/2458/2473 2461/2457/2472
f 2464/2460/2475 2462/2458/2473 2463/2459/2474
f 2465/2461/2476 2464/2460/2475 2463/2459/2474
f 2466/2462/2477 2464/2460/2475 2465/2461/2476
f 2467/2463/2478 2466/2462/2477 2465/2461/2476
f 2468/2464/2479 2466/2462/2477 2467/2463/2478
f 2469/2465/2480 2468/2464/2479 2467/2463/2478
f 2470/2466/2481 2468/2464/2479 2469/2465/2480
f 2471/2467/2482 2470/2466/2481 2469/2465/2480
f 2472/2468/2483 2470/2466/2481 2471/2467/2482
f 2473/2469/2484 2472/2468/2483 2471/2467/2482
f 2474/2470/2485 2472/2468/2483 2473/2469/2484
f 2475/2471/2486 2474/2470/2485 2473/2469/2484
f 2476/2472/2487 2474/2470/2485 2475/2471/2486
f 2477/2473/2488 2476/2472/2487 2475/2471/2486
f 2478/2474/2489 2476/2472/2487 2477/2473/2488
f 2479/2475/2490 2478/2474/2489 2477/2473/2488
f 2480/2476/2491 2478/2474/2489 2479/2475/2490
f 2481/2477/2492 2480/2476/2491 2479/2475/2490
f 2482/2478/2493 2480/2476/2491 2481/2477/2492
f 2483/2479/2494 2482/2478/2493 2481/2477/2492
f 2484/2480/2495 2482/2478/2493 2483/2479/2494
f 2485/2481/2496 2484/2480/2495 2483/2479/2494
f 2486/2482/2497 2484/2480/2495 2485/2481/2496
f 2487/2483/2498 2486/2482/2497 2485/2481/2496
f 2490/2484/2499 2489/2485/2500 2488/2486/2501
f 2491/2487/2502 2490/2484/2499 2488/2486/2501
f 2492/2488/2503 2490/2484/2499 2491/2487/2502
f 2493/2489/2504 2490/2484/2499 2492/2488/2503
f 2494/2490/2505 2493/2489/2504 2492/2488/2503
f 2495/2491/2506 2494/2490/2505 2492/2488/2503
f 2496/1960/2507 2494/2490/2505 2495/2491/2506
f 2498/2492/2508 1717/1715/1730 2497/2493/2509
f 2506/2494/2510 2504/2495/2511 2505/2496/2512
f 2502/2497/2513 2503/2498/2514 2507/2499/2515
f 2507/2499/2515 2503/2498/2514 2504/2495/2511
f 1719/1713/1728 1717/1715/1730 2508/2500/2516
f 1719/1713/1728 2508/2500/2516 1732/1728/1743
f 1731/1726/1741 1732/1728/1743 1737/1733/1748
f 1732/1728/1743 2509/2501/2517 1737/1733/1748
f 1732/1728/1743 2508/2500/2516 2509/2501/2517
f 2508/2500/2516 2510/2502/2518 2509/2501/2517
f 1717/1715/1730 2511/2503/2519 2508/2500/2516
f 1717/1715/1730 2498/2492/2508 2512/2504/2520
f 2511/2503/2519 1717/1715/1730 2512/2504/2520
f 2508/2500/2516 2513/2505/2521 2510/2502/2518
f 2511/2503/2519 2513/2505/2521 2508/2500/2516
f 2513/2505/2521 2512/2504/2520 2514/2506/2522
f 2513/2505/2521 2511/2503/2519 2512/2504/2520
f 2514/2506/2522 2512/2504/2520 2515/2507/2523
f 2512/2504/2520 2517/2508/2524 2515/2507/2523
f 2515/2507/2523 2517/2508/2524 2516/2509/2525
f 2512/2504/2520 2498/2492/2508 2517/2508/2524
f 2498/2492/2508 2499/2510/2526 2517/2508/2524
f 2517/2508/2524 2519/2511/2527 2516/2509/2525
f 2516/2509/2525 2519/2511/2527 2518/2512/2528
f 2517/2508/2524 2499/2510/2526 2519/2511/2527
f 2499/2510/2526 2500/2513/2529 2519/2511/2527
f 2519/2511/2527 2521/2514/2530 2518/2512/2528
f 2518/2512/2528 2521/2514/2530 2520/2515/2531
f 2519/2511/2527 2500/2513/2529 2521/2514/2530
f 2500/2513/2529 2501/2516/2532 2521/2514/2530
f 2521/2514/2530 2522/2517/2533 2520/2515/2531
f 2521/2514/2530 2501/2516/2532 2522/2517/2533
f 2501/2516/2532 2502/2497/2513 2522/2517/2533
f 2522/2517/2533 2507/2499/2515 2520/2515/2531
f 2520/2515/2531 2507/2499/2515 2523/2518/2534
f 2522/2517/2533 2502/2497/2513 2507/2499/2515
f 2523/2518/2534 2507/2499/2515 2524/2519/2535
f 2507/2499/2515 2504/2495/2511 2525/2520/2536
f 2507/2499/2515 2525/2520/2536 2524/2519/2535
f 2504/2495/2511 2506/2494/2510 2525/2520/2536
f 2528/2521/2537 2527/2521/2538 2526/2522/2539
f 2529/2284/2540 2527/2521/2538 2528/2521/2537
f 2531/2277/2541 2532/2523/2542 2530/2524/2543
f 2530/2524/2543 2532/2523/2542 2533/2525/2544
f 2532/2523/2542 2534/2526/2545 2533/2525/2544
f 2533/2525/2544 2534/2526/2545 2535/2527/2546
f 2534/2526/2545 2536/2528/2547 2535/2527/2546
f 2535/2527/2546 2536/2528/2547 2537/2137/2548
f 2540/2529/2549 2539/2530/2550 2538/2531/2551
f 2540/2529/2549 2538/2531/2551 2541/2532/2552
f 2542/2533/2553 2540/2529/2549 2541/2532/2552
f 2543/2534/2554 2542/2533/2553 2541/2532/2552
f 2541/2532/2552 2544/2535/2555 2543/2534/2554
f 2546/2137/2556 2547/2536/2557 2545/2537/2558
f 2545/2537/2558 2547/2536/2557 2548/2538/2559
f 2551/2539/2560 2550/2540/2561 2549/2541/2562
f 2552/2522/2563 2550/2540/2561 2551/2539/2560
f 2555/2542/2564 2557/2543/2565 2556/2544/2566
f 2558/2545/2567 2557/2543/2565 2555/2542/2564
f 2559/2546/2568 2557/2543/2565 2558/2545/2567
f 2561/2547/2569 2562/2548/2570 2560/2549/2571
f 2563/2550/2572 2562/2548/2570 2561/2547/2569
f 2564/2551/2573 2562/2548/2570 2563/2550/2572
f 2565/2552/2574 2567/2553/2575 2566/2554/2576
f 2568/2555/2577 2566/2554/2576 2567/2553/2575
f 2571/2509/2578 2570/2556/2579 2569/2507/2580
f 2572/2557/2581 2570/2556/2579 2571/2509/2578
f 2574/2558/2582 2573/2559/2583 2572/2557/2584
f 2575/2560/2585 2573/2559/2583 2574/2558/2582
f 2577/2561/2586 2576/2562/2587 2575/2560/2588
f 2577/2561/2586 2578/2563/2589 2576/2562/2587
f 2579/2564/2590 2578/2563/2589 2577/2561/2586
f 2581/2565/2591 2582/2566/2592 2580/2567/2593
f 2581/2565/2591 2583/2568/2594 2582/2566/2592
f 2583/2568/2594 2584/2569/2595 2582/2566/2592
f 2584/2569/2595 2585/2570/2596 2582/2566/2592
f 2584/2569/2595 2586/2571/2597 2585/2570/2596
f 2586/2571/2597 2587/2572/2598 2585/2570/2596
f 2586/2571/2597 2588/2573/2599 2587/2572/2598
f 2588/2573/2599 2589/2574/2600 2587/2572/2598
f 2588/2573/2599 2590/2575/2601 2589/2574/2600
f 2590/2575/2601 2591/2576/2602 2589/2574/2600
f 2590/2575/2601 2592/2577/2603 2591/2576/2602
f 2592/2577/2603 2593/2578/2604 2591/2576/2602
f 2592/2577/2603 2594/2579/2605 2593/2578/2604
f 2594/2579/2605 2595/2580/2606 2593/2578/2604
f 2594/2579/2605 2596/2581/2607 2595/2580/2606
f 2596/2581/2607 2597/2582/2608 2595/2580/2606
f 2596/2581/2607 2598/2583/2609 2597/2582/2608
f 2598/2583/2609 2599/2584/2610 2597/2582/2608
f 2598/2583/2609 2600/2585/2611 2599/2584/2610
f 2600/2585/2611 2601/2586/2612 2599/2584/2610
f 2600/2585/2611 2602/2587/2613 2601/2586/2612
f 2602/2587/2613 2603/2588/2614 2601/2586/2612
f 2602/2587/2613 2604/2589/2615 2603/2588/2614
f 2604/2589/2615 2605/2590/2616 2603/2588/2614
f 2604/2589/2615 2606/2591/2617 2605/2590/2616
f 2606/2591/2617 2607/2592/2618 2605/2590/2616
f 2606/2591/2617 2608/2593/2619 2607/2592/2618
f 2608/2593/2619 2609/2594/2620 2607/2592/2618
f 2608/2593/2619 2610/2595/2621 2609/2594/2620
f 2610/2595/2621 2611/2596/2622 2609/2594/2620
f 2610/2595/2621 2612/2597/2623 2611/2596/2622
f 2612/2597/2623 2613/2598/2624 2611/2596/2622
f 2612/2597/2623 2614/2599/2625 2613/2598/2624
f 2614/2599/2625 2615/2600/2626 2613/2598/2624
f 2614/2599/2625 2616/2601/2627 2615/2600/2626
f 2616/2601/2627 2617/2602/2628 2615/2600/2626
f 2616/2601/2627 2618/2603/2629 2617/2602/2628
f 2620/2604/2630 2621/2605/2631 2619/2606/2632
f 2621/2605/2631 2622/2607/2633 2619/2606/2632
f 2621/2605/2631 2623/2608/2634 2622/2607/2633
f 2623/2608/2634 2624/2609/2635 2622/2607/2633
f 2623/2608/2634 2625/2610/2636 2624/2609/2635
f 2625/2610/2636 2626/2611/2637 2624/2609/2635
f 2625/2610/2636 2627/1960/2638 2626/2611/2637
f 2627/1960/2638 2628/1960/2639 2626/2611/2637
f 2631/2612/2640 2629/2613/2641 2630/2614/2642
f 2632/2615/2643 2631/2612/2640 2630/2614/2642
f 2631/2612/2640 2632/2615/2643 2633/2616/2644
f 2633/2616/2644 2632/2615/2643 2634/2617/2645
f 2632/2615/2643 2635/2618/2646 2634/2617/2645
f 2632/2615/2643 2715/2619/2647 2635/2618/2646
f 2715/2619/2647 2636/2620/2648 2635/2618/2646
f 2715/2619/2647 2717/2621/2649 2636/2620/2648
f 2717/2621/2649 2637/2622/2650 2636/2620/2648
f 2717/2621/2649 2639/2623/2651 2637/2622/2650
f 2639/2623/2651 2638/2624/2652 2637/2622/2650
f 2639/2623/2651 2642/2625/2653 2638/2624/2652
f 2642/2625/2653 2640/2626/2654 2638/2624/2652
f 2642/2625/2653 2644/2627/2655 2640/2626/2654
f 2644/2627/2655 2641/2628/2656 2640/2626/2654
f 2645/2629/2657 2646/2630/2658 2643/2631/2659
f 2644/2627/2655 2647/2632/2660 2641/2628/2656
f 2647/2632/2660 2643/2631/2659 2641/2628/2656
f 2647/2632/2660 2648/2633/2661 2643/2631/2659
f 2648/2633/2661 2645/2629/2657 2643/2631/2659
f 2648/2633/2661 2650/2634/2662 2645/2629/2657
f 2650/2634/2662 2646/2630/2658 2645/2629/2657
f 2650/2634/2662 2652/2635/2663 2646/2630/2658
f 2652/2635/2663 2649/2636/2664 2646/2630/2658
f 2652/2635/2663 2654/2637/2665 2649/2636/2664
f 2654/2637/2665 2651/2638/2666 2649/2636/2664
f 2654/2637/2665 2656/2639/2667 2651/2638/2666
f 2656/2639/2667 2653/2640/2668 2651/2638/2666
f 2657/2641/2669 2658/2642/2670 2655/2643/2671
f 2656/2639/2667 2659/2644/2672 2653/2640/2668
f 2659/2644/2672 2655/2643/2671 2653/2640/2668
f 2659/2644/2672 2660/2645/2673 2655/2643/2671
f 2660/2645/2673 2657/2641/2669 2655/2643/2671
f 2661/2646/2674 2656/2639/2667 2654/2637/2665
f 2662/2647/2675 2659/2644/2672 2656/2639/2667
f 2661/2646/2674 2662/2647/2675 2656/2639/2667
f 2662/2647/2675 2660/2645/2673 2659/2644/2672
f 2661/2646/2674 2654/2637/2665 2652/2635/2663
f 2663/2648/2676 2661/2646/2674 2652/2635/2663
f 2663/2648/2676 2664/2649/2677 2661/2646/2674
f 2664/2649/2677 2662/2647/2675 2661/2646/2674
f 2665/2650/2678 2648/2633/2661 2647/2632/2660
f 2666/2651/2679 2650/2634/2662 2648/2633/2661
f 2665/2650/2678 2666/2651/2679 2648/2633/2661
f 2667/2652/2680 2652/2635/2663 2650/2634/2662
f 2666/2651/2679 2667/2652/2680 2650/2634/2662
f 2668/2653/2681 2665/2650/2678 2647/2632/2660
f 2668/2653/2681 2647/2632/2660 2644/2627/2655
f 2652/2635/2663 2667/2652/2680 2663/2648/2676
f 2669/2654/2682 2662/2647/2675 2664/2649/2677
f 2670/2655/2683 2664/2649/2677 2663/2648/2676
f 2670/2655/2683 2669/2654/2682 2664/2649/2677
f 2671/2656/2684 2663/2648/2676 2667/2652/2680
f 2671/2656/2684 2670/2655/2683 2663/2648/2676
f 2672/2657/2685 2671/2656/2684 2667/2652/2680
f 2672/2657/2685 2667/2652/2680 2666/2651/2679
f 2673/2658/2686 2666/2651/2679 2665/2650/2678
f 2673/2658/2686 2672/2657/2685 2666/2651/2679
f 2669/2654/2682 2674/2659/2687 2662/2647/2675
f 2674/2659/2687 2660/2645/2673 2662/2647/2675
f 2674/2659/2687 2675/2660/2688 2660/2645/2673
f 2660/2645/2673 2675/2660/2688 2657/2641/2669
f 2676/2661/2689 2677/2662/2690 2675/2660/2688
f 2675/2660/2688 2677/2662/2690 2657/2641/2669
f 2677/2662/2690 2678/2663/2691 2657/2641/2669
f 2676/2661/2689 2675/2660/2688 2679/2664/2692
f 2657/2641/2669 2678/2663/2691 2658/2642/2670
f 2675/2660/2688 2680/2665/2693 2679/2664/2692
f 2674/2659/2687 2681/2666/2694 2675/2660/2688
f 2675/2660/2688 2681/2666/2694 2680/2665/2693
f 2674/2659/2687 2669/2654/2682 2681/2666/2694
f 2670/2655/2683 2682/2667/2695 2669/2654/2682
f 2670/2655/2683 2671/2656/2684 2682/2667/2695
f 2683/2668/2696 2681/2666/2694 2669/2654/2682
f 2683/2668/2696 2669/2654/2682 2682/2667/2695
f 2671/2656/2684 2684/2669/2697 2682/2667/2695
f 2671/2656/2684 2672/2657/2685 2684/2669/2697
f 2685/2670/2698 2680/2665/2693 2681/2666/2694
f 2685/2670/2698 2681/2666/2694 2683/2668/2696
f 2686/2671/2699 2683/2668/2696 2682/2667/2695
f 2686/2671/2699 2682/2667/2695 2684/2669/2697
f 2685/2670/2698 2687/2672/2700 2680/2665/2693
f 2680/2665/2693 2687/2672/2700 2688/2673/2701
f 2687/2672/2700 2689/2674/2702 2688/2673/2701
f 2686/2671/2699 2690/2675/2703 2683/2668/2696
f 2691/2676/2704 2690/2675/2703 2686/2671/2699
f 2692/2677/2705 2691/2676/2704 2686/2671/2699
f 2693/2678/2706 2691/2676/2704 2692/2677/2705
f 2694/2679/2707 2693/2678/2706 2692/2677/2705
f 2695/2680/2708 2693/2678/2706 2694/2679/2707
f 2696/2681/2709 2695/2680/2708 2694/2679/2707
f 2697/2682/2710 2695/2680/2708 2696/2681/2709
f 2698/2683/2711 2697/2682/2710 2696/2681/2709
f 2699/2684/2712 2697/2682/2710 2698/2683/2711
f 2700/2685/2713 2699/2684/2712 2698/2683/2711
f 2701/2686/2714 2699/2684/2712 2700/2685/2713
f 2702/2687/2715 2701/2686/2714 2700/2685/2713
f 2703/2688/2716 2701/2686/2714 2702/2687/2715
f 2704/2689/2717 2703/2688/2716 2702/2687/2715
f 2705/2690/2718 2703/2688/2716 2704/2689/2717
f 2706/2691/2719 2705/2690/2718 2704/2689/2717
f 2707/2692/2720 2705/2690/2718 2706/2691/2719
f 2630/2614/2642 2709/2693/2721 2708/2694/2722
f 2710/2695/2723 2709/2693/2721 2630/2614/2642
f 2711/2696/2724 2710/2695/2723 2630/2614/2642
f 2708/2694/2722 2712/2697/2725 2630/2614/2642
f 2708/2694/2722 2707/2692/2720 2712/2697/2725
f 2632/2615/2643 2630/2614/2642 2712/2697/2725
f 2707/2692/2720 2714/2698/2726 2712/2697/2725
f 2707/2692/2720 2706/2691/2719 2714/2698/2726
f 2715/2619/2647 2632/2615/2643 2712/2697/2725
f 2715/2619/2647 2712/2697/2725 2714/2698/2726
f 2713/2689/2727 2716/2699/2728 2706/2691/2719
f 2717/2621/2649 2715/2619/2647 2714/2698/2726
f 2718/2700/2729 2714/2698/2726 2706/2691/2719
f 2717/2621/2649 2714/2698/2726 2718/2700/2729
f 2718/2700/2729 2639/2623/2651 2717/2621/2649
f 2718/2700/2729 2719/2701/2730 2639/2623/2651
f 2719/2701/2730 2642/2625/2653 2639/2623/2651
f 2719/2701/2730 2718/2700/2729 2716/2699/2728
f 2718/2700/2729 2706/2691/2719 2716/2699/2728
f 2642/2625/2653 2720/2702/2731 2644/2627/2655
f 2719/2701/2730 2721/2703/2732 2642/2625/2653
f 2721/2703/2732 2720/2702/2731 2642/2625/2653
f 2719/2701/2730 2716/2699/2728 2722/2704/2733
f 2721/2703/2732 2719/2701/2730 2722/2704/2733
f 2720/2702/2731 2668/2653/2681 2644/2627/2655
f 2723/2705/2734 2665/2650/2678 2668/2653/2681
f 2723/2705/2734 2673/2658/2686 2665/2650/2678
f 2724/2706/2735 2668/2653/2681 2720/2702/2731
f 2721/2703/2732 2724/2706/2735 2720/2702/2731
f 2724/2706/2735 2723/2705/2734 2668/2653/2681
f 2721/2703/2732 2722/2704/2733 2724/2706/2735
f 2672/2657/2685 2673/2658/2686 2725/2707/2736
f 2673/2658/2686 2723/2705/2734 2726/2708/2737
f 2673/2658/2686 2726/2708/2737 2725/2707/2736
f 2725/2707/2736 2684/2669/2697 2672/2657/2685
f 2727/2709/2738 2723/2705/2734 2724/2706/2735
f 2727/2709/2738 2726/2708/2737 2723/2705/2734
f 2686/2671/2699 2684/2669/2697 2728/2710/2739
f 2728/2710/2739 2684/2669/2697 2725/2707/2736
f 2728/2710/2739 2725/2707/2736 2729/2679/2740
f 2729/2679/2740 2725/2707/2736 2726/2708/2737
f 2730/2681/2741 2729/2679/2740 2726/2708/2737
f 2730/2681/2741 2726/2708/2737 2727/2709/2738
f 2731/2683/2742 2730/2681/2741 2727/2709/2738
f 2732/2711/2743 2727/2709/2738 2724/2706/2735
f 2732/2711/2743 2724/2706/2735 2722/2704/2733
f 2731/2683/2742 2727/2709/2738 2732/2711/2743
f 2733/2685/2744 2731/2683/2742 2732/2711/2743
f 2733/2685/2744 2732/2711/2743 2722/2704/2733
f 2734/2687/2745 2733/2685/2744 2722/2704/2733
f 2734/2687/2745 2722/2704/2733 2716/2699/2728
f 2716/2699/2728 2713/2689/2727 2734/2687/2745
f 2735/2712/2746 2737/2713/2747 2736/2714/2748
f 2737/2713/2747 2738/2715/2749 2736/2714/2748
f 2738/2715/2749 2737/2713/2747 2739/2716/2750
f 2738/2715/2749 2739/2716/2750 2740/2717/2751
f 2741/2718/2752 2738/2715/2749 2740/2717/2751
f 2822/2719/2753 2738/2715/2749 2741/2718/2752
f 2742/2720/2754 2822/2719/2753 2741/2718/2752
f 2824/2721/2755 2822/2719/2753 2742/2720/2754
f 2743/2722/2756 2824/2721/2755 2742/2720/2754
f 2745/2723/2757 2824/2721/2755 2743/2722/2756
f 2744/2724/2758 2745/2723/2757 2743/2722/2756
f 2748/2725/2759 2745/2723/2757 2744/2724/2758
f 2746/2726/2760 2748/2725/2759 2744/2724/2758
f 2750/2727/2761 2748/2725/2759 2746/2726/2760
f 2747/2728/2762 2750/2727/2761 2746/2726/2760
f 2752/2729/2763 2751/2730/2764 2749/2731/2765
f 2753/2732/2766 2750/2727/2761 2747/2728/2762
f 2749/2731/2765 2753/2732/2766 2747/2728/2762
f 2754/2733/2767 2753/2732/2766 2749/2731/2765
f 2751/2730/2764 2754/2733/2767 2749/2731/2765
f 2756/2734/2768 2754/2733/2767 2751/2730/2764
f 2752/2729/2763 2756/2734/2768 2751/2730/2764
f 2758/2735/2769 2756/2734/2768 2752/2729/2763
f 2755/2736/2770 2758/2735/2769 2752/2729/2763
f 2760/2737/2771 2758/2735/2769 2755/2736/2770
f 2757/2738/2772 2760/2737/2771 2755/2736/2770
f 2762/2739/2773 2760/2737/2771 2757/2738/2772
f 2759/2740/2774 2762/2739/2773 2757/2738/2772
f 2764/2741/2775 2762/2739/2773 2759/2740/2774
f 2761/2742/2776 2764/2741/2775 2759/2740/2774
f 2765/2743/2777 2764/2741/2775 2761/2742/2776
f 2763/2744/2778 2765/2743/2777 2761/2742/2776
f 2762/2739/2773 2766/2745/2779 2760/2737/2771
f 2764/2741/2775 2767/2746/2780 2762/2739/2773
f 2767/2746/2780 2766/2745/2779 2762/2739/2773
f 2765/2743/2777 2767/2746/2780 2764/2741/2775
f 2760/2737/2771 2766/2745/2779 2758/2735/2769
f 2766/2745/2779 2768/2747/2781 2758/2735/2769
f 2769/2748/2782 2768/2747/2781 2766/2745/2779
f 2767/2746/2780 2769/2748/2782 2766/2745/2779
f 2754/2733/2767 2770/2749/2783 2753/2732/2766
f 2756/2734/2768 2771/2750/2784 2754/2733/2767
f 2771/2750/2784 2770/2749/2783 2754/2733/2767
f 2758/2735/2769 2772/2751/2785 2756/2734/2768
f 2772/2751/2785 2771/2750/2784 2756/2734/2768
f 2770/2749/2783 2773/2752/2786 2753/2732/2766
f 2753/2732/2766 2773/2752/2786 2750/2727/2761
f 2768/2747/2781 2772/2751/2785 2758/2735/2769
f 2767/2746/2780 2774/2753/2787 2769/2748/2782
f 2769/2748/2782 2775/2754/2788 2768/2747/2781
f 2774/2753/2787 2775/2754/2788 2769/2748/2782
f 2768/2747/2781 2776/2755/2789 2772/2751/2785
f 2775/2754/2788 2776/2755/2789 2768/2747/2781
f 2776/2755/2789 2777/2756/2790 2772/2751/2785
f 2772/2751/2785 2777/2756/2790 2771/2750/2784
f 2771/2750/2784 2778/2757/2791 2770/2749/2783
f 2777/2756/2790 2778/2757/2791 2771/2750/2784
f 2779/2758/2792 2774/2753/2787 2767/2746/2780
f 2765/2743/2777 2779/2758/2792 2767/2746/2780
f 2780/2759/2793 2779/2758/2792 2765/2743/2777
f 2780/2759/2793 2765/2743/2777 2763/2744/2778
f 2781/2760/2794 2780/2759/2793 2763/2744/2778
f 2783/2761/2795 2782/2762/2796 2780/2759/2793
f 2783/2761/2795 2780/2759/2793 2781/2760/2794
f 2784/2763/2797 2783/2761/2795 2781/2760/2794
f 2785/2764/2798 2780/2759/2793 2782/2762/2796
f 2785/2764/2798 2782/2762/2796 2786/2765/2799
f 2779/2758/2792 2780/2759/2793 2785/2764/2798
f 2787/2766/2800 2779/2758/2792 2785/2764/2798
f 2774/2753/2787 2779/2758/2792 2787/2766/2800
f 2786/2765/2799 2788/2767/2801 2785/2764/2798
f 2785/2764/2798 2788/2767/2801 2787/2766/2800
f 2789/2768/2802 2775/2754/2788 2774/2753/2787
f 2776/2755/2789 2775/2754/2788 2789/2768/2802
f 2787/2766/2800 2790/2769/2803 2774/2753/2787
f 2774/2753/2787 2790/2769/2803 2789/2768/2802
f 2791/2770/2804 2776/2755/2789 2789/2768/2802
f 2777/2756/2790 2776/2755/2789 2791/2770/2804
f 2788/2767/2801 2792/2771/2805 2787/2766/2800
f 2787/2766/2800 2792/2771/2805 2790/2769/2803
f 2790/2769/2803 2793/2772/2806 2789/2768/2802
f 2789/2768/2802 2793/2772/2806 2791/2770/2804
f 2788/2767/2801 2794/2672/2807 2792/2771/2805
f 2795/2674/2808 2794/2672/2807 2788/2767/2801
f 2796/2673/2809 2795/2674/2808 2788/2767/2801
f 2790/2769/2803 2797/2675/2810 2793/2772/2806
f 2793/2772/2806 2797/2675/2810 2798/2677/2811
f 2797/2675/2810 2799/2676/2812 2798/2677/2811
f 2798/2677/2811 2799/2676/2812 2800/2679/2813
f 2799/2676/2812 2801/2678/2814 2800/2679/2813
f 2800/2679/2813 2801/2678/2814 2802/2681/2815
f 2801/2678/2814 2803/2680/2816 2802/2681/2815
f 2802/2681/2815 2803/2680/2816 2804/2683/2817
f 2803/2680/2816 2805/2682/2818 2804/2683/2817
f 2804/2683/2817 2805/2682/2818 2806/2685/2819
f 2805/2682/2818 2807/2684/2820 2806/2685/2819
f 2806/2685/2819 2807/2684/2820 2808/2687/2821
f 2807/2684/2820 2809/2686/2822 2808/2687/2821
f 2808/2687/2821 2809/2686/2822 2810/2689/2823
f 2809/2686/2822 2811/2688/2824 2810/2689/2823
f 2810/2689/2823 2811/2688/2824 2812/2773/2825
f 2811/2688/2824 2813/2690/2826 2812/2773/2825
f 2812/2773/2825 2813/2690/2826 2814/2774/2827
f 2815/2775/2828 2816/2693/2829 2736/2714/2748
f 2736/2714/2748 2816/2693/2829 2817/2696/2830
f 2816/2693/2829 2818/2695/2831 2817/2696/2830
f 2819/2776/2832 2815/2775/2828 2736/2714/2748
f 2814/2774/2827 2815/2775/2828 2819/2776/2832
f 2736/2714/2748 2738/2715/2749 2819/2776/2832
f 2821/2777/2833 2814/2774/2827 2819/2776/2832
f 2812/2773/2825 2814/2774/2827 2821/2777/2833
f 2738/2715/2749 2822/2719/2753 2819/2776/2832
f 2819/2776/2832 2822/2719/2753 2821/2777/2833
f 2812/2773/2825 2823/2778/2834 2820/2689/2835
f 2822/2719/2753 2824/2721/2755 2821/2777/2833
f 2821/2777/2833 2825/2779/2836 2812/2773/2825
f 2821/2777/2833 2824/2721/2755 2825/2779/2836
f 2745/2723/2757 2825/2779/2836 2824/2721/2755
f 2826/2780/2837 2825/2779/2836 2745/2723/2757
f 2748/2725/2759 2826/2780/2837 2745/2723/2757
f 2825/2779/2836 2826/2780/2837 2823/2778/2834
f 2812/2773/2825 2825/2779/2836 2823/2778/2834
f 2750/2727/2761 2827/2781/2838 2748/2725/2759
f 2828/2782/2839 2826/2780/2837 2748/2725/2759
f 2827/2781/2838 2828/2782/2839 2748/2725/2759
f 2823/2778/2834 2826/2780/2837 2829/2783/2840
f 2826/2780/2837 2828/2782/2839 2829/2783/2840
f 2773/2752/2786 2827/2781/2838 2750/2727/2761
f 2773/2752/2786 2830/2784/2841 2827/2781/2838
f 2830/2784/2841 2828/2782/2839 2827/2781/2838
f 2770/2749/2783 2831/2785/2842 2773/2752/2786
f 2831/2785/2842 2830/2784/2841 2773/2752/2786
f 2778/2757/2791 2831/2785/2842 2770/2749/2783
f 2829/2783/2840 2828/2782/2839 2830/2784/2841
f 2778/2757/2791 2777/2756/2790 2832/2786/2843
f 2831/2785/2842 2778/2757/2791 2833/2787/2844
f 2833/2787/2844 2778/2757/2791 2832/2786/2843
f 2834/2677/2845 2791/2770/2804 2793/2772/2806
f 2791/2770/2804 2832/2786/2843 2777/2756/2790
f 2791/2770/2804 2835/2788/2846 2832/2786/2843
f 2835/2788/2846 2834/2677/2847 2836/2679/2848
f 2836/2679/2848 2832/2786/2843 2835/2788/2846
f 2832/2786/2843 2836/2679/2848 2833/2787/2844
f 2836/2679/2848 2837/2681/2849 2833/2787/2844
f 2833/2787/2844 2838/2789/2850 2831/2785/2842
f 2831/2785/2842 2838/2789/2850 2830/2784/2841
f 2833/2787/2844 2837/2681/2849 2838/2789/2850
f 2837/2681/2849 2839/2683/2851 2838/2789/2850
f 2838/2789/2850 2840/2790/2852 2830/2784/2841
f 2830/2784/2841 2840/2790/2852 2829/2783/2840
f 2838/2789/2850 2839/2683/2851 2840/2790/2852
f 2839/2683/2851 2841/2685/2853 2840/2790/2852
f 2840/2790/2852 2841/2685/2853 2829/2783/2840
f 2841/2685/2853 2842/2687/2854 2829/2783/2840
f 2823/2778/2834 2829/2783/2840 2842/2687/2854
f 2842/2687/2854 2820/2689/2835 2823/2778/2834
f 2843/2791/2855 2846/2792/2856 2844/2793/2857
f 2846/2792/2856 2848/2794/2858 2844/2793/2857
f 2850/2795/2859 2845/2796/2860 2844/2793/2857
f 2844/2793/2857 2848/2794/2858 2850/2795/2859
f 2847/2797/2861 2845/2796/2860 2850/2795/2859
f 2852/2798/2862 2847/2797/2861 2850/2795/2859
f 2849/2799/2863 2847/2797/2861 2852/2798/2862
f 2848/2794/2858 2846/2792/2856 2853/2800/2864
f 2848/2794/2858 2855/2801/2865 2850/2795/2859
f 2850/2795/2859 2855/2801/2865 2852/2798/2862
f 2856/2802/2866 2854/2803/2867 2851/2804/2868
f 2857/2805/2869 2854/2803/2867 2856/2802/2866
f 2852/2798/2862 2858/2806/2870 2849/2799/2863
f 2849/2799/2863 2858/2806/2870 2851/2804/2868
f 2855/2801/2865 2859/2807/2871 2852/2798/2862
f 2852/2798/2862 2859/2807/2871 2858/2806/2870
f 2860/2808/2872 2857/2805/2869 2856/2802/2866
f 2861/2809/2873 2857/2805/2869 2860/2808/2872
f 2858/2806/2870 2862/2810/2874 2851/2804/2868
f 2851/2804/2868 2862/2810/2874 2856/2802/2866
f 2863/2811/2875 2861/2809/2873 2860/2808/2872
f 2864/2812/2876 2861/2809/2873 2863/2811/2875
f 2862/2810/2874 2865/2813/2877 2856/2802/2866
f 2856/2802/2866 2865/2813/2877 2860/2808/2872
f 2866/2814/2878 2864/2812/2876 2863/2811/2875
f 2867/2815/2879 2864/2812/2876 2866/2814/2878
f 2865/2813/2877 2868/2816/2880 2860/2808/2872
f 2860/2808/2872 2868/2816/2880 2863/2811/2875
f 2869/2817/2881 2867/2815/2879 2866/2814/2878
f 2870/2818/2882 2867/2815/2879 2869/2817/2881
f 2868/2816/2880 2871/2819/2883 2863/2811/2875
f 2863/2811/2875 2871/2819/2883 2866/2814/2878
f 2871/2819/2883 2873/2820/2884 2866/2814/2878
f 2866/2814/2878 2873/2820/2884 2869/2817/2881
f 2873/2820/2884 2876/2821/2885 2869/2817/2881
f 2869/2817/2881 2876/2821/2885 2870/2818/2882
f 2877/2822/2886 2872/2823/2887 2870/2818/2882
f 2874/2824/2888 2872/2823/2887 2877/2822/2886
f 2876/2821/2885 2879/2825/2889 2870/2818/2882
f 2870/2818/2882 2879/2825/2889 2877/2822/2886
f 2880/2826/2890 2874/2824/2888 2877/2822/2886
f 2875/2827/2891 2874/2824/2888 2880/2826/2890
f 2878/2828/2892 2875/2827/2891 2882/2829/2893
f 2882/2829/2893 2875/2827/2891 2880/2826/2890
f 2878/2828/2892 2883/2830/2894 2881/2831/2895
f 2883/2830/2894 2884/2832/2896 2881/2831/2895
f 2882/2829/2893 2883/2830/2894 2878/2828/2892
f 2877/2822/2886 2885/2833/2897 2880/2826/2890
f 2879/2825/2889 2885/2833/2897 2877/2822/2886
f 2886/2834/2898 2884/2832/2896 2883/2830/2894
f 2883/2830/2894 2882/2829/2893 2887/2835/2899
f 2882/2829/2893 2880/2826/2890 2888/2836/2900
f 2887/2835/2899 2882/2829/2893 2888/2836/2900
f 2880/2826/2890 2885/2833/2897 2889/2837/2901
f 2888/2836/2900 2880/2826/2890 2889/2837/2901
f 2889/2837/2901 2885/2833/2897 2890/2838/2902
f 2885/2833/2897 2879/2825/2889 2890/2838/2902
f 2887/2835/2899 2888/2836/2900 2891/2839/2903
f 2888/2836/2900 2889/2837/2901 2891/2839/2903
f 2887/2835/2899 2891/2839/2903 2892/2840/2904
f 2886/2834/2898 2883/2830/2894 2893/2841/2905
f 2894/2842/2906 2886/2834/2898 2893/2841/2905
f 2883/2830/2894 2887/2835/2899 2893/2841/2905
f 2893/2841/2905 2887/2835/2899 2895/2843/2907
f 2887/2835/2899 2892/2840/2904 2895/2843/2907
f 2895/2843/2907 2892/2840/2904 2896/2844/2908
f 2892/2840/2904 2897/2845/2909 2896/2844/2908
f 2892/2840/2904 2891/2839/2903 2897/2845/2909
f 2897/2845/2909 2899/2846/2910 2896/2844/2908
f 2896/2844/2908 2899/2846/2910 2898/2847/2911
f 2897/2845/2909 2891/2839/2903 2899/2846/2910
f 2891/2839/2903 2901/2848/2912 2899/2846/2910
f 2891/2839/2903 2889/2837/2901 2901/2848/2912
f 2889/2837/2901 2890/2838/2902 2901/2848/2912
f 2899/2846/2910 2903/2849/2913 2898/2847/2911
f 2898/2847/2911 2903/2849/2913 2900/2850/2914
f 2901/2848/2912 2890/2838/2902 2904/2851/2915
f 2901/2848/2912 2904/2851/2915 2899/2846/2910
f 2899/2846/2910 2904/2851/2915 2903/2849/2913
f 2903/2849/2913 2905/2852/2916 2900/2850/2914
f 2900/2850/2914 2905/2852/2916 2902/2853/2917
f 2905/2852/2916 2907/2854/2918 2902/2853/2917
f 2890/2838/2902 2879/2825/2889 2904/2851/2915
f 2907/2854/2918 2908/2855/2919 2902/2853/2917
f 2902/2853/2917 2908/2855/2919 2906/2856/2920
f 2879/2825/2889 2876/2821/2885 2904/2851/2915
f 2904/2851/2915 2876/2821/2885 2903/2849/2913
f 2876/2821/2885 2873/2820/2884 2903/2849/2913
f 2903/2849/2913 2873/2820/2884 2905/2852/2916
f 2873/2820/2884 2871/2819/2883 2905/2852/2916
f 2905/2852/2916 2871/2819/2883 2907/2854/2918
f 2871/2819/2883 2868/2816/2880 2907/2854/2918
f 2907/2854/2918 2868/2816/2880 2908/2855/2919
f 2868/2816/2880 2865/2813/2877 2908/2855/2919
f 2908/2855/2919 2909/2857/2921 2906/2856/2920
f 2908/2855/2919 2865/2813/2877 2909/2857/2921
f 2865/2813/2877 2862/2810/2874 2909/2857/2921
f 2909/2857/2921 2862/2810/2874 2911/2858/2922
f 2862/2810/2874 2858/2806/2870 2911/2858/2922
f 2911/2858/2922 2858/2806/2870 2859/2807/2871
f 2909/2857/2921 2911/2858/2922 2906/2856/2920
f 2906/2856/2920 2911/2858/2922 2910/2859/2923
f 2911/2858/2922 2859/2807/2871 2910/2859/2923
f 2859/2807/2871 2855/2801/2865 2910/2859/2923
f 2910/2859/2923 2855/2801/2865 2912/2860/2924
f 2912/2860/2924 2848/2794/2858 2913/2861/2925
f 2855/2801/2865 2848/2794/2858 2912/2860/2924
f 2848/2794/2858 2853/2800/2864 2913/2861/2925
f 2914/2862/2926 2915/2863/2927 2916/2864/2928
f 2919/2865/2929 2916/2864/2928 2915/2863/2927
f 2917/2866/2930 2921/2867/2931 2915/2863/2927
f 2919/2865/2929 2915/2863/2927 2921/2867/2931
f 2917/2866/2930 2918/2868/2932 2921/2867/2931
f 2918/2868/2932 2923/2869/2933 2921/2867/2931
f 2918/2868/2932 2920/2870/2934 2923/2869/2933
f 2916/2864/2928 2919/2865/2929 2924/2871/2935
f 2922/2872/2936 2925/2873/2937 2920/2870/2934
f 2922/2872/2936 2926/2803/2938 2925/2873/2937
f 2927/2874/2939 2919/2865/2929 2921/2867/2931
f 2927/2874/2939 2921/2867/2931 2923/2869/2933
f 2926/2803/2938 2928/2875/2940 2925/2873/2937
f 2926/2803/2938 2929/2805/2941 2928/2875/2940
f 2930/2876/2942 2923/2869/2933 2920/2870/2934
f 2930/2876/2942 2920/2870/2934 2925/2873/2937
f 2931/2877/2943 2927/2874/2939 2923/2869/2933
f 2931/2877/2943 2923/2869/2933 2930/2876/2942
f 2929/2805/2941 2932/2878/2944 2928/2875/2940
f 2929/2805/2941 2933/2809/2945 2932/2878/2944
f 2934/2879/2946 2930/2876/2942 2925/2873/2937
f 2934/2879/2946 2925/2873/2937 2928/2875/2940
f 2933/2809/2945 2935/2880/2947 2932/2878/2944
f 2933/2809/2945 2936/2812/2948 2935/2880/2947
f 2937/2881/2949 2934/2879/2946 2928/2875/2940
f 2937/2881/2949 2928/2875/2940 2932/2878/2944
f 2936/2812/2948 2938/2882/2950 2935/2880/2947
f 2936/2812/2948 2939/2815/2951 2938/2882/2950
f 2940/2883/2952 2937/2881/2949 2932/2878/2944
f 2940/2883/2952 2932/2878/2944 2935/2880/2947
f 2939/2815/2951 2941/2884/2953 2938/2882/2950
f 2939/2815/2951 2942/2885/2954 2941/2884/2953
f 2943/2886/2955 2940/2883/2952 2935/2880/2947
f 2943/2886/2955 2935/2880/2947 2938/2882/2950
f 2945/2887/2956 2943/2886/2955 2938/2882/2950
f 2945/2887/2956 2938/2882/2950 2941/2884/2953
f 2948/2888/2957 2945/2887/2956 2941/2884/2953
f 2948/2888/2957 2941/2884/2953 2942/2885/2954
f 2944/2889/2958 2949/2890/2959 2942/2885/2954
f 2944/2889/2958 2946/2891/2960 2949/2890/2959
f 2951/2892/2961 2948/2888/2957 2942/2885/2954
f 2951/2892/2961 2942/2885/2954 2949/2890/2959
f 2946/2891/2960 2952/2893/2962 2949/2890/2959
f 2946/2891/2960 2947/2894/2963 2952/2893/2962
f 2953/2895/2964 2954/2896/2965 2950/2897/2966
f 2947/2894/2963 2950/2897/2966 2955/2898/2967
f 2947/2894/2963 2955/2898/2967 2952/2893/2962
f 2956/2899/2968 2950/2897/2966 2954/2896/2965
f 2956/2899/2968 2955/2898/2967 2950/2897/2966
f 2957/2900/2969 2956/2899/2968 2954/2896/2965
f 2958/2901/2970 2949/2890/2959 2952/2893/2962
f 2958/2901/2970 2951/2892/2961 2949/2890/2959
f 2959/2902/2971 2952/2893/2962 2955/2898/2967
f 2959/2902/2971 2958/2901/2970 2952/2893/2962
f 2957/2900/2969 2960/2903/2972 2956/2899/2968
f 2955/2898/2967 2956/2899/2968 2961/2904/2973
f 2955/2898/2967 2961/2904/2973 2959/2902/2971
f 2958/2901/2970 2959/2902/2971 2962/2905/2974
f 2958/2901/2970 2962/2905/2974 2963/2906/2975
f 2951/2892/2961 2958/2901/2970 2963/2906/2975
f 2959/2902/2971 2961/2904/2973 2964/2907/2976
f 2962/2905/2974 2959/2902/2971 2964/2907/2976
f 2964/2907/2976 2961/2904/2973 2965/2908/2977
f 2956/2899/2968 2960/2903/2972 2966/2909/2978
f 2956/2899/2968 2966/2909/2978 2967/2910/2979
f 2961/2904/2973 2956/2899/2968 2967/2910/2979
f 2965/2908/2977 2961/2904/2973 2967/2910/2979
f 2965/2908/2977 2967/2910/2979 2968/2911/2980
f 2969/2912/2981 2965/2908/2977 2968/2911/2980
f 2964/2907/2976 2965/2908/2977 2969/2912/2981
f 2971/2913/2982 2969/2912/2981 2968/2911/2980
f 2971/2913/2982 2968/2911/2980 2970/2914/2983
f 2964/2907/2976 2969/2912/2981 2971/2913/2982
f 2973/2848/2984 2964/2907/2976 2971/2913/2982
f 2962/2905/2974 2964/2907/2976 2973/2848/2984
f 2963/2906/2975 2962/2905/2974 2973/2848/2984
f 2975/2915/2985 2971/2913/2982 2970/2914/2983
f 2975/2915/2985 2970/2914/2983 2972/2916/2986
f 2963/2906/2975 2973/2848/2984 2976/2917/2987
f 2976/2917/2987 2973/2848/2984 2971/2913/2982
f 2976/2917/2987 2971/2913/2982 2975/2915/2985
f 2977/2918/2988 2975/2915/2985 2972/2916/2986
f 2977/2918/2988 2972/2916/2986 2974/2919/2989
f 2979/2920/2990 2977/2918/2988 2974/2919/2989
f 2951/2892/2961 2963/2906/2975 2976/2917/2987
f 2980/2921/2991 2979/2920/2990 2974/2919/2989
f 2980/2921/2991 2974/2919/2989 2978/2922/2992
f 2948/2888/2957 2951/2892/2961 2976/2917/2987
f 2948/2888/2957 2976/2917/2987 2975/2915/2985
f 2945/2887/2956 2948/2888/2957 2975/2915/2985
f 2945/2887/2956 2975/2915/2985 2977/2918/2988
f 2943/2886/2955 2945/2887/2956 2977/2918/2988
f 2940/2883/2952 2943/2886/2955 2979/2920/2990
f 2943/2886/2955 2977/2918/2988 2979/2920/2990
f 2940/2883/2952 2979/2920/2990 2980/2921/2991
f 2937/2881/2949 2940/2883/2952 2980/2921/2991
f 2981/2923/2993 2980/2921/2991 2978/2922/2992
f 2937/2881/2949 2980/2921/2991 2981/2923/2993
f 2934/2879/2946 2937/2881/2949 2981/2923/2993
f 2934/2879/2946 2981/2923/2993 2983/2924/2994
f 2930/2876/2942 2934/2879/2946 2983/2924/2994
f 2930/2876/2942 2983/2924/2994 2931/2877/2943
f 2983/2924/2994 2981/2923/2993 2978/2922/2992
f 2983/2924/2994 2978/2922/2992 2982/2925/2995
f 2931/2877/2943 2983/2924/2994 2982/2925/2995
f 2927/2874/2939 2931/2877/2943 2982/2925/2995
f 2927/2874/2939 2982/2925/2995 2984/2926/2996
f 2919/2865/2929 2984/2926/2996 2985/2927/2997
f 2919/2865/2929 2927/2874/2939 2984/2926/2996
f 2924/2871/2935 2919/2865/2929 2985/2927/2997
f 2988/2928/2998 2987/2929/2999 2986/2930/3000
f 2989/2931/3001 2988/2928/2998 2986/2930/3000
f 2990/2932/3002 2988/2928/2998 2989/2931/3001
f 2991/2933/3003 2990/2932/3002 2989/2931/3001
f 2992/2934/3004 2990/2932/3002 2991/2933/3003
f 2993/2935/3005 2992/2934/3004 2991/2933/3003
f 2994/2936/3006 2992/2934/3004 2993/2935/3005
f 2995/2937/3006 2994/2936/3006 2993/2935/3005
f 2996/2938/3007 2994/2936/3006 2995/2937/3006
f 2997/2939/3007 2996/2938/3007 2995/2937/3006
f 2998/2940/3008 2996/2938/3007 2997/2939/3007
f 2999/2941/3009 2998/2940/3008 2997/2939/3007
f 3000/2942/3010 2998/2940/3008 2999/2941/3009
f 3001/2943/3011 3000/2942/3010 2999/2941/3009
f 3002/2944/3012 3000/2942/3010 3001/2943/3011
f 3003/2945/3013 3002/2944/3012 3001/2943/3011
f 3004/2946/3014 3002/2944/3012 3003/2945/3013
f 3005/2947/3015 3004/2946/3014 3003/2945/3013
f 3006/2948/3016 3004/2946/3014 3005/2947/3015
f 3007/2949/3017 3006/2948/3016 3005/2947/3015
f 3008/2950/3018 3006/2948/3016 3007/2949/3017
f 3009/2951/3019 3008/2950/3018 3007/2949/3017
f 3010/2952/3020 3008/2950/3018 3009/2951/3019
f 3011/2953/3021 3010/2952/3020 3009/2951/3019
f 3012/2954/3022 3010/2952/3020 3011/2953/3021
f 3013/2955/3023 3012/2954/3022 3011/2953/3021
f 3014/2956/3024 3012/2954/3022 3013/2955/3023
f 2658/2642/3025 3014/2956/3024 3013/2955/3023
f 3015/2957/3026 3014/2956/3024 2658/2642/3025
f 3016/2958/3027 3015/2957/3026 2658/2642/3025
f 3017/2959/3028 3016/2958/3027 2658/2642/3025
f 3020/2930/3029 3019/2929/3030 3018/2931/3031
f 3019/2929/3030 3021/2928/3032 3018/2931/3031
f 3018/2931/3031 3021/2928/3032 3022/2933/3033
f 3021/2928/3032 3023/2932/3034 3022/2933/3033
f 3022/2933/3033 3023/2932/3034 3024/2935/3035
f 3023/2932/3034 3025/2934/3036 3024/2935/3035
f 3024/2935/3035 3025/2934/3036 3026/2937/3037
f 3025/2934/3036 3027/2936/3038 3026/2937/3037
f 3026/2937/3037 3027/2936/3038 3028/2939/3039
f 3027/2936/3038 3029/2938/3040 3028/2939/3039
f 3028/2939/3039 3029/2938/3040 3030/2941/3041
f 3029/2938/3040 3031/2940/3042 3030/2941/3041
f 3030/2941/3041 3031/2940/3042 3032/2943/3043
f 3031/2940/3042 3033/2942/3044 3032/2943/3043
f 3032/2943/3043 3033/2942/3044 3034/2945/3045
f 3033/2942/3044 3035/2944/3046 3034/2945/3045
f 3034/2945/3045 3035/2944/3046 3036/2947/3047
f 3035/2944/3046 3037/2946/3048 3036/2947/3047
f 3036/2947/3047 3037/2946/3048 3038/2949/3049
f 3037/2946/3048 3039/2948/3050 3038/2949/3049
f 3038/2949/3049 3039/2948/3050 3040/2951/3051
f 3039/2948/3050 3041/2950/3052 3040/2951/3051
f 3040/2951/3051 3041/2950/3052 3042/2953/3053
f 3041/2950/3052 3043/2952/3053 3042/2953/3053
f 3042/2953/3053 3043/2952/3053 3044/2955/3054
f 3043/2952/3053 3045/2954/3055 3044/2955/3054
f 3044/2955/3054 3045/2954/3055 2763/2744/2778
f 3045/2954/3055 3046/2956/3056 2763/2744/2778
f 2763/2744/2778 3046/2956/3056 2781/2760/2794
f 3046/2956/3056 3047/2957/3057 2781/2760/2794
f 2781/2760/2794 3047/2957/3057 3048/2959/3058
f 3047/2957/3057 3049/2958/3030 3048/2959/3058
f 3052/2960/3059 3051/2961/3060 3050/2962/3061
f 3050/2962/3061 3051/2961/3060 3053/2963/3062
f 3051/2961/3060 3054/2964/3063 3053/2963/3062
f 3054/2964/3063 3055/2965/3064 3053/2963/3062
f 3053/2963/3062 3055/2965/3064 3056/2966/3065
f 3059/2967/3066 3058/2968/3067 3057/2969/3068
f 3060/2970/3069 3059/2967/3066 3057/2969/3068
f 3061/2971/3070 3059/2967/3066 3060/2970/3069
f 3059/2967/3066 3061/2971/3070 3062/2972/3071
f 3063/2973/3072 3062/2972/3071 3061/2971/3070
f 3064/2974/3073 3063/2973/3072 3061/2971/3070
f 3066/2975/3074 3065/2976/3075 3067/2977/3076
f 3065/2976/3075 3068/2978/3077 3067/2977/3076
f 3067/2977/3076 3068/2978/3077 3069/2979/3078
f 3068/2978/3077 3070/2980/3079 3069/2979/3078
f 3071/2981/3080 3072/2982/3081 3074/2983/3082
f 3075/2984/3083 3071/2981/3080 3074/2983/3082
f 3072/2982/3081 3073/2985/3084 3074/2983/3082
f 3074/2983/3082 3073/2985/3084 3077/2986/3085
f 3073/2985/3084 3076/2987/3086 3077/2986/3085
f 3078/2988/3087 3077/2986/3085 3076/2987/3086
f 3080/2989/3088 3077/2986/3085 3078/2988/3087
f 3080/2989/3088 3079/2990/3089 3077/2986/3085
f 3083/2991/3090 3082/2992/3091 3081/2993/3092
f 3084/2994/3093 3085/2995/3094 3081/2993/3092
f 3086/2996/3095 3081/2993/3092 3085/2995/3094
f 3084/2994/3093 3087/2997/3096 3085/2995/3094
f 3089/2998/3097 3088/2999/3098 3087/2997/3096
f 3084/2994/3093 3089/2998/3097 3087/2997/3096
f 3088/2999/3098 3089/2998/3097 3090/3000/3099
f 3092/3001/3100 3091/3002/3101 3090/3000/3099
f 3089/2998/3097 3092/3001/3100 3090/3000/3099
f 3093/3003/3102 3089/2998/3097 3084/2994/3093
f 3111/3004/3103 3093/3003/3102 3084/2994/3093
f 3094/3005/3104 3092/3001/3100 3089/2998/3097
f 3093/3003/3102 3094/3005/3104 3089/2998/3097
f 3092/3001/3100 3096/3006/3105 3095/3007/3106
f 3096/3006/3105 3097/3008/3107 3095/3007/3106
f 3094/3005/3104 3096/3006/3105 3092/3001/3100
f 3096/3006/3105 3099/3009/3108 3097/3008/3107
f 3099/3009/3108 3098/3010/3109 3097/3008/3107
f 3094/3005/3104 3101/3011/3110 3096/3006/3105
f 3099/3009/3108 3102/3012/3111 3098/3010/3109
f 3102/3012/3111 3100/3013/3112 3098/3010/3109
f 3101/3011/3110 3099/3009/3108 3096/3006/3105
f 3101/3011/3110 3102/3012/3111 3099/3009/3108
f 3100/3013/3112 3102/3012/3111 3103/3014/3113
f 3101/3011/3110 3103/3014/3113 3102/3012/3111
f 3101/3011/3110 3104/3015/3114 3103/3014/3113
f 3101/3011/3110 3094/3005/3104 3104/3015/3114
f 3105/3016/3115 3104/3015/3114 3094/3005/3104
f 3094/3005/3104 3093/3003/3102 3106/3017/3116
f 3107/3018/3117 3106/3017/3116 3108/3019/3118
f 3093/3003/3102 3108/3019/3118 3106/3017/3116
f 3109/3020/3119 3108/3019/3118 3093/3003/3102
f 3093/3003/3102 3111/3004/3103 3109/3020/3119
f 3111/3004/3103 3110/3021/3120 3109/3020/3119
f 3111/3004/3103 3112/3022/3121 3110/3021/3120
f 3111/3004/3103 3082/2992/3091 3112/3022/3121
f 3111/3004/3103 3084/2994/3093 3081/2993/3092
f 3082/2992/3091 3111/3004/3103 3081/2993/3092
f 3115/3023/3122 3114/3024/3123 3113/3025/3124
f 3114/3024/3123 3116/3026/3125 3113/3025/3124
f 3116/3026/3125 3114/3024/3123 3117/3027/3126
f 3114/3024/3123 3118/3028/3127 3117/3027/3126
f 3121/3029/3128 3120/3023/3129 3119/3030/3130
f 3122/3031/3131 3121/3029/3128 3119/3030/3130
f 3121/3029/3128 3122/3031/3131 3123/3027/3132
f 3124/3032/3133 3121/3029/3128 3123/3027/3132
f 3127/3033/3134 3126/3034/3135 3125/3035/3136
f 3128/3036/3137 3127/3033/3134 3125/3035/3136
f 3129/3037/3138 3128/3036/3137 3125/3035/3136
f 3129/3037/3138 3125/3035/3136 3130/3038/3139
f 3129/3037/3138 3130/3038/3139 3131/3039/3140
f 3132/3040/3141 3129/3037/3138 3131/3039/3140
f 3134/3041/3142 3133/3042/3143 3135/3043/3144
f 3136/3044/3145 3134/3041/3142 3135/3043/3144
f 3138/3045/3146 3139/3046/3147 3137/3047/3148
f 3137/3047/3148 3139/3046/3147 3140/3048/3149
f 3139/3046/3147 3141/3049/3150 3140/3048/3149
f 3143/3050/3151 3144/3051/3152 3142/3052/3153
f 3142/3052/3153 3144/3051/3152 3145/3053/3154
f 3144/3051/3152 3146/3054/3155 3145/3053/3154
f 3147/3055/3156 3148/3056/3157 3149/3057/3158
f 3148/3056/3157 3150/3058/3159 3149/3057/3158
f 3150/3058/3159 3151/3059/3160 3149/3057/3158
f 3153/3060/3161 3152/3061/3162 3154/3062/3163
f 3155/3063/3164 3153/3060/3161 3154/3062/3163
f 3158/3033/3165 3157/3034/3166 3156/3064/3167
f 3159/3065/3168 3158/3033/3165 3156/3064/3167
f 3160/3066/3169 3159/3065/3168 3156/3064/3167
f 3160/3066/3169 3156/3064/3167 3161/3045/3170
f 3160/3066/3169 3161/3045/3170 3162/3039/3171
f 3163/3040/3172 3160/3066/3169 3162/3039/3171
f 3165/3067/3173 3166/3068/3174 3164/3069/3175
f 3164/3069/3175 3166/3068/3174 3167/3070/3176
f 3166/3068/3174 3168/3071/3177 3167/3070/3176
f 3171/3072/3178 3169/3073/3179 3170/3074/3180
f 3174/3075/3181 3173/3076/3182 3172/2501/3183
f 3175/3077/3184 3173/3076/3182 3174/3075/3181
f 3178/3078/3185 3177/3079/3186 3176/2556/3187
f 3181/2542/3188 3180/3080/3189 3179/3081/3190
f 3184/3082/3191 3183/3082/3192 3182/2125/3193
f 3185/2131/3194 3183/3082/3192 3184/3082/3191
f 3186/2131/3195 3185/2131/3194 3184/3082/3191
f 3187/2538/3196 3185/2131/3194 3186/2131/3195
f 3192/2507/3197 3193/3083/3198 3194/3084/3199
f 3196/3085/3200 3195/3086/3201 3197/3087/3202
f 3195/3086/3201 3198/3088/3203 3197/3087/3202
f 3199/3089/3204 3196/3085/3200 3197/3087/3202
f 3200/3090/3205 3199/3089/3204 3197/3087/3202
f 3199/3089/3204 3200/3090/3205 3201/3091/3206
f 3203/3092/3207 3202/3093/3208 3201/3091/3206
f 3200/3090/3205 3203/3092/3207 3201/3091/3206
f 3202/3093/3208 3203/3092/3207 3204/3094/3209
f 3205/3095/3210 3204/3094/3209 3203/3092/3207
f 3200/3090/3205 3206/3096/3211 3203/3092/3207
f 3206/3096/3211 3205/3095/3210 3203/3092/3207
f 3200/3090/3205 3197/3087/3202 3208/3097/3212
f 3206/3096/3211 3200/3090/3205 3208/3097/3212
f 3197/3087/3202 3198/3088/3203 3208/3097/3212
f 3198/3088/3203 3209/3098/3213 3208/3097/3212
f 3206/3096/3211 3210/3099/3214 3205/3095/3210
f 3210/3099/3214 3207/3100/3215 3205/3095/3210
f 3208/3097/3212 3209/3098/3213 3211/3101/3216
f 3206/3096/3211 3208/3097/3212 3211/3101/3216
f 3210/3099/3214 3206/3096/3211 3211/3101/3216
f 3210/3099/3214 3213/3102/3217 3207/3100/3215
f 3213/3102/3217 3212/3103/3218 3207/3100/3215
f 3213/3102/3217 3210/3099/3214 3214/3104/3219
f 3210/3099/3214 3211/3101/3216 3214/3104/3219
f 3211/3101/3216 3215/3105/3220 3214/3104/3219
f 3216/3106/3221 3218/3107/3222 3217/3108/3223
f 3218/3107/3222 3219/3109/3224 3217/3108/3223
f 3218/3107/3222 3221/3110/3225 3219/3109/3224
f 3219/3109/3224 3222/3111/3226 3217/3108/3223
f 3222/3111/3226 3220/3112/3227 3217/3108/3223
f 3221/3110/3225 3223/3113/3228 3219/3109/3224
f 3220/3112/3227 3222/3111/3226 3225/3114/3229
f 3224/3115/3230 3220/3112/3227 3225/3114/3229
f 3225/3114/3229 3222/3111/3226 3226/3116/3231
f 3222/3111/3226 3227/3117/3232 3226/3116/3231
f 3227/3117/3232 3222/3111/3226 3219/3109/3224
f 3226/3116/3231 3227/3117/3232 3228/3118/3233
f 3223/3113/3228 3227/3117/3232 3219/3109/3224
f 3227/3117/3232 3229/3119/3234 3228/3118/3233
f 3229/3119/3234 3227/3117/3232 3223/3113/3228
f 3228/3118/3233 3229/3119/3234 3230/3120/3235
f 3229/3119/3234 3231/3121/3236 3230/3120/3235
f 3231/3121/3236 3229/3119/3234 3233/3122/3237
f 3232/3123/3238 3231/3121/3236 3233/3122/3237
f 3221/3110/3225 3233/3122/3237 3223/3113/3228
f 3233/3122/3237 3229/3119/3234 3223/3113/3228
f 3236/3124/3239 3235/3125/3240 3234/3126/3241
f 3235/3125/3240 3237/3127/3242 3234/3126/3241
f 3239/3127/3243 3240/3128/3244 3238/3129/3245
f 3238/3129/3245 3240/3128/3244 3241/3130/3246
f 3240/3128/3244 3242/3131/3247 3241/3130/3246
f 3241/3130/3246 3242/3131/3247 3243/3132/3248
f 3242/3131/3247 3244/3133/3249 3243/3132/3248
f 3243/3132/3248 3244/3133/3249 3245/3134/3250
f 3244/3133/3249 3246/3135/3251 3245/3134/3250
f 3245/3134/3250 3246/3135/3251 3247/3124/3252
f 3250/3127/3253 3249/3136/3254 3248/3137/3255
f 3248/3137/3255 3249/3136/3254 3251/3138/3256
f 3251/3138/3256 3249/3136/3254 3252/3139/3257
f 3252/3139/3257 3249/3136/3254 3253/3140/3258
f 3253/3140/3258 3249/3136/3254 3254/3141/3259
f 3254/3141/3259 3249/3136/3254 3255/3142/3260
f 3255/3142/3260 3249/3136/3254 3256/3143/3261
f 3257/3144/3262 3258/3145/3263 3259/3146/3264
f 3258/3145/3263 3260/3147/3265 3259/3146/3264
f 3263/3148/3266 3262/3149/3266 3261/3150/3266
f 3264/3151/3266 3263/3148/3266 3261/3150/3266
f 3269/3152/3267 3268/3153/3267 3267/3154/3267
f 3270/3155/3267 3269/3152/3267 3267/3154/3267
f 3275/3156/3268 3274/3157/3268 3273/3158/3268
f 3276/3159/3268 3275/3156/3268 3273/3158/3268
f 3279/3160/3268 3278/3161/3269 3277/3162/3268
f 3280/3163/3268 3279/3160/3268 3277/3162/3268
f 3294/3155/3270 3293/3164/3271 3295/3165/3272
f 3296/3166/3273 3294/3155/3270 3295/3165/3272
f 3297/3154/3274 3293/3164/3271 3294/3155/3270
f 3296/3166/3273 3295/3165/3272 3298/3167/3275
f 3299/3168/3276 3296/3166/3273 3298/3167/3275
f 3295/3165/3272 3300/3169/3277 3298/3167/3275
f 3301/3170/3278 3300/3169/3277 3295/3165/3272
f 3302/3171/3279 3299/3168/3276 3298/3167/3275
f 3303/3146/3280 3293/3164/3271 3297/3154/3274
f 3304/3172/3281 3293/3164/3271 3303/3146/3280
f 3303/3146/3280 3297/3154/3274 3305/3173/3282
f 3297/3154/3274 3299/3168/3276 3305/3173/3282
f 3306/3174/3283 3304/3172/3281 3303/3146/3280
f 3305/3173/3282 3299/3168/3276 3302/3171/3279
f 3307/3175/3284 3305/3173/3282 3302/3171/3279
f 3307/3175/3284 3302/3171/3279 3301/3170/3278
f 3308/3176/3285 3305/3173/3282 3307/3175/3284
f 3301/3170/3278 3295/3165/3272 3309/3177/3286
f 3309/3177/3286 3307/3175/3284 3301/3170/3278
f 3295/3165/3272 3310/3178/3287 3309/3177/3286
f 3310/3178/3287 3311/3179/3288 3309/3177/3286
f 3312/3180/3289 3308/3176/3285 3307/3175/3284
f 3304/3172/3281 3306/3174/3283 3308/3176/3285
f 3312/3180/3289 3304/3172/3281 3308/3176/3285
f 3313/3124/3290 3312/3180/3289 3311/3179/3288
f 3310/3178/3287 3313/3124/3290 3311/3179/3288
f 3304/3172/3281 3312/3180/3289 3313/3124/3290
f 3313/3124/3290 3310/3178/3287 3314/3181/3291
f 3315/3126/3292 3304/3172/3281 3313/3124/3290
f 3310/3178/3287 3316/3182/3293 3314/3181/3291
f 3314/3181/3291 3316/3182/3293 3317/3183/3294
f 3316/3182/3293 3318/3184/3295 3317/3183/3294
f 3317/3183/3294 3318/3184/3295 3319/3185/3296
f 3318/3184/3295 3320/3186/3297 3319/3185/3296
f 3319/3185/3296 3320/3186/3297 3321/3187/3268
f 3320/3186/3297 3322/3188/3268 3321/3187/3268
f 3321/3187/3268 3322/3188/3268 3323/3189/3268
f 3322/3188/3268 3324/3190/3268 3323/3189/3268
f 3323/3189/3268 3324/3190/3268 3325/3191/3268
f 3324/3190/3268 3326/3192/3268 3325/3191/3268
f 3325/3191/3268 3326/3192/3268 3327/3193/3269
f 3326/3192/3268 3328/3194/3268 3327/3193/3269
f 3327/3193/3269 3328/3194/3268 3315/3126/3292
f 3328/3194/3268 3304/3172/3281 3315/3126/3292
f 3331/3195/3298 3330/3147/3299 3329/3196/3300
f 3332/3197/3301 3331/3195/3298 3329/3196/3300
f 3335/3153/3302 3334/3152/3299 3333/3198/3303
f 3336/3199/3304 3335/3153/3302 3333/3198/3303
f 3339/3195/3305 3338/3200/3306 3337/3201/3307
f 3340/3174/3308 3339/3195/3305 3337/3201/3307
f 3343/3202/3309 3342/3152/3310 3341/3155/3311
f 3344/3203/3312 3343/3202/3309 3341/3155/3311
f 3347/3204/3313 3346/3148/3314 3345/3205/3315
f 3348/3154/3316 3347/3204/3313 3345/3205/3315
f 3351/3147/3317 3350/3195/3267 3349/3174/3267
f 3352/3146/3317 3351/3147/3317 3349/3174/3267
f 3355/3206/3318 3354/3207/3319 3353/3208/3319
f 3356/3209/3318 3355/3206/3318 3353/3208/3319
f 3359/3210/3320 3358/3211/3321 3357/3212/3322
f 3360/3213/3323 3358/3211/3321 3359/3210/3320
f 3361/3214/3324 3360/3213/3323 3359/3210/3320
f 3362/3215/3325 3361/3214/3324 3359/3210/3320
f 3363/3216/3326 3361/3214/3324 3362/3215/3325
f 3364/3217/3327 3363/3216/3326 3362/3215/3325
f 3365/3218/3328 3363/3216/3326 3364/3217/3327
f 3367/3219/3329 3365/3218/3328 3364/3217/3327
f 3367/3219/3329 3366/3220/3330 3365/3218/3328
f 3368/3221/3331 3366/3220/3330 3367/3219/3329
f 3369/3222/3332 3368/3221/3331 3367/3219/3329
f 3370/3223/3333 3368/3221/3331 3369/3222/3332
f 3371/3224/3334 3370/3223/3333 3369/3222/3332
f 3374/3225/3335 3373/3226/3336 3372/3227/3337
f 3372/3227/3337 3376/3228/3338 3374/3225/3335
f 3376/3228/3338 3377/3229/3339 3374/3225/3335
f 3378/3230/3340 3376/3228/3338 3372/3227/3337
f 3378/3230/3340 3372/3227/3337 3375/3231/3341
f 3378/3230/3340 3375/3231/3341 3379/3232/3342
f 3380/3233/3343 3378/3230/3340 3379/3232/3342
f 3380/3233/3343 3379/3232/3342 3381/3234/3344
f 3381/3234/3344 3382/3235/3345 3380/3233/3343
f 3383/3236/3346 3385/3237/3347 3384/3238/3348
f 3384/3238/3348 3385/3237/3347 3386/3239/3349
f 3389/3240/3350 3388/3241/3351 3387/3242/3352
f 3390/3243/3353 3389/3240/3350 3387/3242/3352
f 3393/3244/3354 3392/3245/3355 3391/3246/3356
f 3394/3247/3357 3393/3244/3354 3391/3246/3356
f 3396/3248/3358 3395/3249/3359 3397/3250/3360
f 3398/3251/3361 3396/3248/3358 3397/3250/3360
f 3401/3252/3362 3400/3253/3363 3399/3245/3364
f 3400/3253/3363 3402/3254/3365 3399/3245/3364
f 3405/3255/3366 3404/3256/3367 3403/3257/3368
f 3404/3256/3367 3406/3258/3369 3403/3257/3368
f 3409/3259/3370 3408/3260/3371 3407/3261/3372
f 3410/3262/3373 3409/3259/3370 3407/3261/3372
f 3407/3261/3372 3411/3263/3374 3410/3262/3373
f 3411/3263/3374 3412/3264/3375 3410/3262/3373
f 3411/3263/3374 3413/3265/3376 3412/3264/3375
f 3413/3265/3376 3414/3266/3377 3412/3264/3375
f 3413/3265/3376 3415/3267/3378 3414/3266/3377
f 3415/3267/3378 3416/3268/3379 3414/3266/3377
f 3417/3269/3380 3415/3267/3378 3413/3265/3376
f 3417/3269/3380 3418/3270/3381 3415/3267/3378
f 3419/3271/3382 3417/3269/3380 3413/3265/3376
f 3419/3271/3382 3413/3265/3376 3420/3272/3383
f 3421/3273/3384 3419/3271/3382 3420/3272/3383
f 3420/3272/3383 3422/3260/3385 3421/3273/3384
f 3422/3260/3385 3423/3274/3386 3421/3273/3384
f 3426/3275/3387 3425/3276/3388 3424/3277/3389
f 3424/3277/3389 3427/3278/3390 3426/3275/3387
f 3427/3278/3390 3428/3279/3391 3426/3275/3387
f 3427/3278/3390 3429/3268/3392 3428/3279/3391
f 3429/3268/3392 3430/3280/3393 3428/3279/3391
f 3433/3274/3394 3432/3281/3395 3431/3282/3396
f 3434/3283/3397 3433/3274/3394 3431/3282/3396
f 3431/3282/3396 3435/3284/3398 3434/3283/3397
f 3435/3284/3398 3436/3285/3399 3434/3283/3397
f 3435/3284/3398 3437/3286/3400 3436/3285/3399
f 3437/3286/3400 3438/3271/3401 3436/3285/3399
f 3437/3286/3400 3439/3287/3402 3438/3271/3401
f 3439/3287/3402 3440/3288/3403 3438/3271/3401
f 3443/3289/3404 3442/3124/3405 3441/3126/3406
f 3444/3127/3405 3443/3289/3404 3441/3126/3406
f 3447/3290/3407 3446/3127/3408 3445/3291/3409
f 3447/3290/3407 3445/3291/3409 3448/3292/3410
f 3449/3293/3411 3447/3290/3407 3448/3292/3410
f 3449/3293/3411 3448/3292/3410 3450/3294/3412
f 3451/3295/3413 3449/3293/3411 3450/3294/3412
f 3451/3295/3413 3450/3294/3412 3452/3296/3414
f 3453/3297/3415 3451/3295/3413 3452/3296/3414
f 3453/3297/3415 3452/3296/3414 3454/3124/3416
f 3456/3298/3417 3455/3137/3418 3457/3138/3419
f 3456/3298/3417 3457/3138/3419 3458/3139/3420
f 3456/3298/3417 3458/3139/3420 3459/3140/3421
f 3456/3298/3417 3459/3140/3421 3460/3141/3422
f 3456/3298/3417 3460/3141/3422 3461/3142/3423
f 3456/3298/3417 3461/3142/3423 3462/3143/3424
f 3456/3298/3417 3462/3143/3424 3463/3136/3425
f 3465/3145/3426 3464/3299/3427 3466/3146/3428
f 3467/3147/3429 3465/3145/3426 3466/3146/3428
f 3470/3148/3430 3469/3151/3430 3468/3150/3431
f 3471/3149/3431 3470/3148/3430 3468/3150/3431
f 3476/3152/3432 3475/3155/3433 3474/3154/3433
f 3477/3153/3433 3476/3152/3432 3474/3154/3433
f 3482/3156/3425 3481/3159/3425 3480/3158/3425
f 3483/3157/3425 3482/3156/3425 3480/3158/3425
f 3486/3160/3425 3485/3163/3425 3484/3162/3425
f 3487/3161/3425 3486/3160/3425 3484/3162/3425
f 3500/3300/3434 3501/3155/3435 3502/3301/3436
f 3501/3155/3435 3503/3302/3437 3502/3301/3436
f 3500/3300/3434 3504/3154/3438 3501/3155/3435
f 3502/3301/3436 3503/3302/3437 3505/3167/3439
f 3503/3302/3437 3506/3303/3440 3505/3167/3439
f 3507/3169/3441 3502/3301/3436 3505/3167/3439
f 3507/3169/3441 3508/3170/3442 3502/3301/3436
f 3508/3170/3442 3509/3304/3443 3502/3301/3436
f 3506/3303/3440 3510/3171/3444 3505/3167/3439
f 3500/3300/3434 3511/3146/3445 3504/3154/3438
f 3500/3300/3434 3512/3305/3446 3511/3146/3445
f 3504/3154/3438 3511/3146/3445 3513/3306/3447
f 3506/3303/3440 3504/3154/3438 3513/3306/3447
f 3512/3305/3446 3514/3174/3448 3511/3146/3445
f 3506/3303/3440 3513/3306/3447 3510/3171/3444
f 3513/3306/3447 3515/3175/3449 3510/3171/3444
f 3510/3171/3444 3515/3175/3449 3508/3170/3442
f 3513/3306/3447 3516/3307/3450 3515/3175/3449
f 3509/3304/3443 3508/3170/3442 3517/3177/3451
f 3515/3175/3449 3517/3177/3451 3508/3170/3442
f 3518/3308/3452 3509/3304/3443 3517/3177/3451
f 3516/3307/3450 3519/3309/3453 3515/3175/3449
f 3518/3308/3452 3520/3124/3454 3509/3304/3443
f 3518/3308/3452 3519/3309/3453 3520/3124/3454
f 3519/3309/3453 3516/3307/3450 3520/3124/3454
f 3509/3304/3443 3520/3124/3454 3521/3181/3455
f 3516/3307/3450 3522/3126/3456 3520/3124/3454
f 3516/3307/3450 3514/3174/3448 3522/3126/3456
f 3523/3182/3457 3509/3304/3443 3521/3181/3455
f 3523/3182/3457 3521/3181/3455 3524/3183/3425
f 3525/3184/3425 3523/3182/3457 3524/3183/3425
f 3525/3184/3425 3524/3183/3425 3526/3185/3425
f 3527/3186/3425 3525/3184/3425 3526/3185/3425
f 3527/3186/3425 3526/3185/3425 3528/3187/3425
f 3529/3188/3458 3527/3186/3425 3528/3187/3425
f 3529/3188/3458 3528/3187/3425 3530/3189/3425
f 3531/3190/3425 3529/3188/3458 3530/3189/3425
f 3531/3190/3425 3530/3189/3425 3532/3191/3425
f 3533/3192/3425 3531/3190/3425 3532/3191/3425
f 3533/3192/3425 3532/3191/3425 3534/3193/3425
f 3535/3194/3425 3533/3192/3425 3534/3193/3425
f 3535/3194/3425 3534/3193/3425 3522/3126/3456
f 3512/3305/3446 3535/3194/3425 3522/3126/3456
f 3512/3305/3446 3522/3126/3456 3514/3174/3448
f 3538/3147/3459 3537/3195/3460 3536/3310/3461
f 3537/3195/3460 3539/3197/3462 3536/3310/3461
f 3542/3152/3457 3541/3153/3444 3540/3311/3463
f 3541/3153/3444 3543/3199/3464 3540/3311/3463
f 3546/3206/3465 3545/3195/3466 3544/3312/3467
f 3545/3195/3466 3547/3174/3468 3544/3312/3467
f 3549/3313/3469 3550/3314/3470 3548/3155/3471
f 3549/3313/3469 3551/3149/3472 3550/3314/3470
f 3553/3315/3473 3554/3154/3474 3552/3151/3475
f 3553/3315/3473 3555/3153/3476 3554/3154/3474
f 3558/3147/3432 3557/3146/3433 3556/3174/3433
f 3559/3195/3433 3558/3147/3432 3556/3174/3433
f 3562/3206/3477 3561/3209/3430 3560/3208/3478
f 3563/3207/3478 3562/3206/3477 3560/3208/3478
f 3565/3316/3479 3566/3317/3480 3564/3318/3481
f 3566/3317/3480 3567/3319/3482 3564/3318/3481
f 3568/3214/3483 3569/3320/3484 3566/3317/3480
f 3566/3317/3480 3569/3320/3484 3567/3319/3482
f 3568/3214/3483 3570/3321/3485 3569/3320/3484
f 3570/3321/3485 3571/3217/3486 3569/3320/3484
f 3570/3321/3485 3572/3322/3487 3571/3217/3486
f 3572/3322/3487 3573/3323/3488 3571/3217/3486
f 3572/3322/3487 3574/3220/3489 3573/3323/3488
f 3574/3220/3489 3575/3324/3490 3573/3323/3488
f 3575/3324/3490 3576/3325/3491 3573/3323/3488
f 3575/3324/3490 3577/3326/3492 3576/3325/3491
f 3577/3326/3492 3578/3327/3493 3576/3325/3491
f 3581/3229/3494 3580/3225/3495 3579/3328/3496
f 3583/3329/3497 3579/3328/3496 3580/3225/3495
f 3584/3226/3498 3583/3329/3497 3580/3225/3495
f 3583/3329/3497 3585/3231/3499 3579/3328/3496
f 3585/3231/3499 3582/3330/3500 3579/3328/3496
f 3585/3231/3499 3587/3331/3501 3582/3330/3500
f 3587/3331/3501 3586/3332/3502 3582/3330/3500
f 3587/3331/3501 3589/3333/3503 3586/3332/3502
f 3586/3332/3502 3589/3333/3503 3588/3334/3504
f 3592/3335/3505 3590/3336/3506 3593/3337/3507
f 3591/3338/3508 3593/3337/3507 3590/3336/3506
f 3596/3245/3509 3595/3339/3510 3594/3340/3511
f 3595/3339/3510 3597/3341/3512 3594/3340/3511
f 3600/3250/3513 3599/3342/3514 3598/3343/3515
f 3599/3342/3514 3601/3344/3516 3598/3343/3515
f 3603/3345/3517 3604/3346/3518 3602/3347/3519
f 3602/3347/3519 3604/3346/3518 3605/3245/3520
f 3608/3348/3521 3607/3349/3522 3606/3350/3523
f 3609/3245/3524 3608/3348/3521 3606/3350/3523
f 3612/3351/3525 3611/3352/3526 3610/3353/3527
f 3613/3257/3528 3612/3351/3525 3610/3353/3527
f 3616/3260/3529 3615/3259/3530 3614/3261/3531
f 3615/3259/3530 3617/3262/3532 3614/3261/3531
f 3618/3263/3533 3614/3261/3531 3617/3262/3532
f 3619/3264/3534 3618/3263/3533 3617/3262/3532
f 3620/3265/3535 3618/3263/3533 3619/3264/3534
f 3621/3266/3536 3620/3265/3535 3619/3264/3534
f 3622/3267/3537 3620/3265/3535 3621/3266/3536
f 3623/3268/3538 3622/3267/3537 3621/3266/3536
f 3622/3267/3537 3624/3354/3539 3620/3265/3535
f 3625/3270/3540 3624/3354/3539 3622/3267/3537
f 3624/3354/3539 3626/3271/3541 3620/3265/3535
f 3620/3265/3535 3626/3271/3541 3627/3355/3542
f 3626/3271/3541 3628/3356/3543 3627/3355/3542
f 3629/3260/3544 3627/3355/3542 3628/3356/3543
f 3630/3274/3545 3629/3260/3544 3628/3356/3543
f 3633/3259/3546 3632/3276/3547 3631/3357/3548
f 3632/3276/3547 3634/3358/3549 3631/3357/3548
f 3635/3266/3550 3631/3357/3548 3634/3358/3549
f 3636/3279/3551 3635/3266/3550 3634/3358/3549
f 3637/3268/3552 3635/3266/3550 3636/3279/3551
f 3638/3280/3553 3637/3268/3552 3636/3279/3551
f 3641/3281/3554 3640/3274/3555 3639/3282/3556
f 3640/3274/3555 3642/3283/3557 3639/3282/3556
f 3643/3284/3558 3639/3282/3556 3642/3283/3557
f 3644/3285/3559 3643/3284/3558 3642/3283/3557
f 3645/3286/3560 3643/3284/3558 3644/3285/3559
f 3646/3271/3561 3645/3286/3560 3644/3285/3559
f 3647/3287/3562 3645/3286/3560 3646/3271/3561
f 3648/3288/3563 3647/3287/3562 3646/3271/3561
f 3651/3359/3564 3650/3360/3565 3649/3361/3566
f 3652/3362/3567 3651/3359/3564 3649/3361/3566
f 3652/3362/3567 3649/3361/3566 3653/3363/3568
f 3655/3364/3569 3654/3365/3570 3651/3359/3564
f 3656/3366/3571 3654/3365/3570 3655/3364/3569
f 3655/3364/3569 3651/3359/3564 3652/3362/3567
f 3657/3367/3572 3652/3362/3567 3653/3363/3568
f 3657/3367/3572 3653/3363/3568 3658/3368/3573
f 3659/3369/3574 3657/3367/3572 3658/3368/3573
f 3660/3370/3575 3652/3362/3567 3657/3367/3572
f 3660/3370/3575 3655/3364/3569 3652/3362/3567
f 3661/3371/3576 3660/3370/3575 3657/3367/3572
f 3661/3371/3576 3657/3367/3572 3659/3369/3574
f 3662/3372/3577 3660/3370/3575 3661/3371/3576
f 3663/3373/3578 3664/3374/3579 3662/3372/3577
f 3662/3372/3577 3664/3374/3579 3660/3370/3575
f 3665/3375/3580 3664/3374/3579 3663/3373/3578
f 3665/3375/3580 3666/3376/3581 3664/3374/3579
f 3666/3376/3581 3667/3377/3582 3664/3374/3579
f 3667/3377/3582 3660/3370/3575 3664/3374/3579
f 3666/3376/3581 3668/3378/3583 3667/3377/3582
f 3660/3370/3575 3667/3377/3582 3655/3364/3569
f 3668/3378/3583 3669/3379/3584 3667/3377/3582
f 3655/3364/3569 3667/3377/3582 3656/3366/3571
f 3669/3379/3584 3670/3380/3585 3667/3377/3582
f 3667/3377/3582 3670/3380/3585 3656/3366/3571
f 3672/3381/3586 3671/3382/3587 3673/3383/3588
f 3674/3384/3589 3672/3381/3586 3673/3383/3588
f 3676/3385/3590 3675/3386/3591 3672/3381/3586
f 3676/3385/3590 3672/3381/3586 3674/3384/3589
f 3677/3387/3592 3675/3386/3591 3676/3385/3590
f 3678/3388/3593 3677/3387/3592 3676/3385/3590
f 3679/3389/3594 3677/3387/3592 3678/3388/3593
f 3680/3390/3595 3677/3387/3592 3679/3389/3594
f 3682/3391/3596 3681/3392/3597 3683/3393/3598
f 3681/3392/3597 3684/3394/3599 3683/3393/3598
f 3683/3393/3598 3684/3394/3599 3685/3395/3600
f 3684/3394/3599 3686/3396/3601 3685/3395/3600
f 3685/3395/3600 3686/3396/3601 3687/3397/3602
f 3686/3396/3601 3688/3398/3603 3687/3397/3602
f 3687/3397/3602 3688/3398/3603 3689/3399/3604
f 3688/3398/3603 3690/3400/3605 3689/3399/3604
f 3691/3401/3606 3693/3402/3607 3692/3403/3608
f 3691/3401/3606 3692/3403/3608 3694/3404/3609
f 3692/3403/3608 3695/3405/3610 3694/3404/3609
f 3694/3404/3609 3695/3405/3610 3697/3406/3611
f 3696/3407/3612 3694/3404/3609 3697/3406/3611
f 3697/3406/3611 3695/3405/3610 3698/3408/3613
f 3695/3405/3610 3699/3409/3614 3698/3408/3613
f 3698/3408/3613 3699/3409/3614 3700/3410/3615
f 3701/3411/3616 3699/3409/3614 3695/3405/3610
f 3692/3403/3608 3701/3411/3616 3695/3405/3610
f 3700/3410/3615 3704/3412/3617 3702/3413/3618
f 3704/3412/3617 3703/3414/3619 3702/3413/3618
f 3699/3409/3614 3704/3412/3617 3700/3410/3615
f 3705/3415/3620 3703/3414/3619 3704/3412/3617
f 3706/3416/3621 3705/3415/3620 3704/3412/3617
f 3701/3411/3616 3707/3417/3622 3706/3416/3621
f 3706/3416/3621 3704/3412/3617 3699/3409/3614
f 3701/3411/3616 3706/3416/3621 3699/3409/3614
f 3693/3402/3607 3707/3417/3622 3701/3411/3616
f 3692/3403/3608 3693/3402/3607 3701/3411/3616
f 3708/3418/3623 3710/3419/3624 3709/3420/3625
f 3710/3419/3624 3711/3421/3626 3709/3420/3625
f 3710/3419/3624 3712/3422/3627 3711/3421/3626
f 3712/3422/3627 3713/3423/3628 3711/3421/3626
f 3712/3422/3627 3714/3424/3629 3713/3423/3628
f 3714/3424/3629 3715/3425/3630 3713/3423/3628
f 3714/3424/3629 3716/3426/3631 3715/3425/3630
f 3716/3426/3631 3717/3427/3632 3715/3425/3630
f 3719/3428/3633 3720/3429/3634 3718/3430/3635
f 3719/3428/3633 3722/3431/3636 3720/3429/3634
f 3718/3430/3635 3720/3429/3634 3723/3432/3637
f 3721/3433/3638 3718/3430/3635 3723/3432/3637
f 3722/3431/3636 3724/3434/3639 3720/3429/3634
f 3721/3433/3638 3723/3432/3637 3725/3435/3640
f 3723/3432/3637 3726/3436/3641 3725/3435/3640
f 3723/3432/3637 3728/3437/3642 3726/3436/3641
f 3728/3437/3642 3727/3438/3643 3726/3436/3641
f 3723/3432/3637 3720/3429/3634 3728/3437/3642
f 3728/3437/3642 3730/3439/3644 3727/3438/3643
f 3730/3439/3644 3729/3440/3645 3727/3438/3643
f 3733/3441/3646 3731/3442/3647 3729/3440/3645
f 3730/3439/3644 3733/3441/3646 3729/3440/3645
f 3728/3437/3642 3724/3434/3639 3730/3439/3644
f 3730/3439/3644 3735/3443/3648 3733/3441/3646
f 3735/3443/3648 3734/3444/3649 3733/3441/3646
f 3736/3445/3650 3734/3444/3649 3735/3443/3648
f 3736/3445/3650 3735/3443/3648 3724/3434/3639
f 3722/3431/3636 3736/3445/3650 3724/3434/3639
f 3724/3434/3639 3735/3443/3648 3730/3439/3644
f 3720/3429/3634 3724/3434/3639 3728/3437/3642
f 3739/3446/3651 3740/3447/3652 3737/3448/3653
f 3740/3447/3652 3738/3449/3654 3737/3448/3653
f 3740/3447/3652 3742/3450/3655 3738/3449/3654
f 3742/3450/3655 3741/3451/3656 3738/3449/3654
f 3742/3450/3655 3744/3452/3657 3741/3451/3656
f 3744/3452/3657 3743/3453/3658 3741/3451/3656
f 3744/3452/3657 3746/3454/3659 3743/3453/3658
f 3746/3454/3659 3745/3455/3660 3743/3453/3658
f 3747/3456/3661 3749/3457/3662 3748/3458/3663
f 3749/3457/3662 3750/3459/3664 3748/3458/3663
f 3748/3458/3663 3750/3459/3664 3751/3460/3665
f 3750/3459/3664 3752/3461/3666 3751/3460/3665
f 3751/3460/3665 3752/3461/3666 3753/3462/3667
f 3752/3461/3666 3754/3463/3668 3753/3462/3667
f 3753/3462/3667 3754/3463/3668 3755/3464/3669
f 3754/3463/3668 3756/3465/3670 3755/3464/3669
f 3759/3466/3671 3758/3467/3672 3757/3468/3673
f 3765/3469/3674 3764/3470/3675 3763/3471/3676
f 3766/3472/3677 3764/3470/3675 3765/3469/3674
f 3776/3473/3678 3774/3474/3679 3775/3475/3680
f 3778/3476/3681 3779/3477/3682 3777/3478/3683
f 3777/3478/3683 3779/3477/3682 3780/3479/3684
f 3779/3477/3682 3781/3480/3685 3780/3479/3684
f 3780/3479/3684 3781/3480/3685 3782/3481/3686
f 3781/3480/3685 3783/3482/3687 3782/3481/3686
f 3782/3481/3686 3783/3482/3687 3784/3483/3688
f 3783/3482/3687 3785/3484/3689 3784/3483/3688
f 3784/3483/3688 3785/3484/3689 3786/3485/3690
f 3785/3484/3689 3787/2536/3691 3786/3485/3690
f 3786/3485/3690 3787/2536/3691 3788/3486/3692
f 3787/2536/3691 3789/2137/3693 3788/3486/3692
f 3788/3486/3692 3789/2137/3693 3790/3487/3694
f 3789/2137/3693 3791/2528/3695 3790/3487/3694
f 3790/3487/3694 3791/2528/3695 3792/3488/3696
f 3791/2528/3695 3793/3489/3697 3792/3488/3696
f 3793/3489/3697 3794/3490/3698 3792/3488/3696
f 3793/3489/3697 3795/3491/3699 3794/3490/3698
f 3795/3491/3699 3796/3492/3700 3794/3490/3698
f 3795/3491/3699 3797/3493/3701 3796/3492/3700
f 3797/3493/3701 3798/3494/3702 3796/3492/3700
f 3797/3493/3701 3799/3495/3703 3798/3494/3702
f 3799/3495/3703 3800/3496/3704 3798/3494/3702
f 3799/3495/3703 3801/3497/3705 3800/3496/3704
f 3801/3497/3705 3802/3498/3706 3800/3496/3704
f 3801/3497/3705 3803/3499/3707 3802/3498/3706
f 3803/3499/3707 3804/3500/3708 3802/3498/3706
f 3803/3499/3707 3805/3501/3709 3804/3500/3708
f 3805/3501/3709 3806/3502/3710 3804/3500/3708
f 3805/3501/3709 3807/3503/3711 3806/3502/3710
f 3808/3504/3712 3809/3505/3713 3810/3506/3714
f 3826/3507/3715 3824/3508/3716 3825/3509/3717
f 3833/3510/3718 3832/3511/3719 3831/3512/3720
f 3832/3511/3719 3834/3513/3721 3831/3512/3720
f 3835/3514/3722 3831/3512/3720 3834/3513/3721
f 3836/3515/3723 3831/3512/3720 3835/3514/3722
f 3837/3516/3724 3835/3514/3722 3834/3513/3721
f 3838/3517/3725 3835/3514/3722 3837/3516/3724
f 3839/3518/3726 3838/3517/3725 3837/3516/3724
f 3840/3519/3727 3837/3516/3724 3834/3513/3721
f 3842/3520/3728 3841/3521/3729 3839/3522/3730
f 3843/3523/3731 3842/3520/3728 3839/3522/3730
f 3841/3521/3729 3844/3524/3732 3839/3522/3730
f 3844/3524/3732 3845/3525/3733 3839/3522/3730
f 3846/3526/3734 3845/3525/3733 3844/3524/3732
f 3847/3527/3735 3844/3524/3732 3841/3521/3729
f 3848/3528/3736 3847/3527/3735 3841/3521/3729
f 3851/3529/3737 3850/3530/3738 3849/3531/3739
f 3852/3532/3740 3850/3530/3738 3851/3529/3737
f 3853/3533/3741 3852/3532/3740 3851/3529/3737
f 3854/3534/3742 3852/3532/3740 3853/3533/3741
f 3855/3535/3743 3854/3534/3742 3853/3533/3741
f 3856/3536/3744 3854/3534/3742 3855/3535/3743
f 3857/3537/3745 3854/3534/3742 3856/3536/3744
f 3858/3538/3746 3857/3537/3745 3856/3536/3744
f 3859/3539/3747 3857/3537/3745 3858/3538/3746
f 3860/3540/3748 3859/3539/3747 3858/3538/3746
f 3861/3541/3749 3859/3539/3747 3860/3540/3748
f 3862/3542/3750 3861/3541/3749 3860/3540/3748
f 3863/3543/3751 3861/3541/3749 3862/3542/3750
f 3864/3544/3752 3863/3543/3751 3862/3542/3750
f 3865/3545/3753 3863/3543/3751 3864/3544/3752
f 3866/3546/3754 3865/3545/3753 3864/3544/3752
f 3867/3547/3755 3865/3545/3753 3866/3546/3754
f 3868/3548/3756 3865/3545/3753 3867/3547/3755
f 3869/3549/3757 3868/3548/3756 3867/3547/3755
f 3870/3550/3758 3868/3548/3756 3869/3549/3757
f 3871/3551/3759 3868/3548/3756 3870/3550/3758
f 3872/3552/3760 3871/3551/3759 3870/3550/3758
f 3873/3553/3761 3871/3551/3759 3872/3552/3760
f 3874/3554/3762 3873/3553/3761 3872/3552/3760
f 3875/3555/3763 3873/3553/3761 3874/3554/3762
f 3876/3556/3764 3875/3555/3763 3874/3554/3762
f 3877/3557/3765 3875/3555/3763 3876/3556/3764
f 3878/3558/3766 3877/3557/3765 3876/3556/3764
f 3879/3559/3767 3877/3557/3765 3878/3558/3766
f 3880/3560/3768 3879/3559/3767 3878/3558/3766
f 3881/3561/3769 3879/3559/3767 3880/3560/3768
f 3882/3562/3770 3881/3561/3769 3880/3560/3768
f 3883/3563/3771 3881/3561/3769 3882/3562/3770
f 3884/3564/3772 3883/3563/3771 3882/3562/3770
f 3885/3565/3773 3883/3563/3771 3884/3564/3772
f 3886/3566/3774 3885/3565/3773 3884/3564/3772
f 3887/3567/3775 3886/3566/3774 3884/3564/3772
f 3888/3568/3776 3886/3566/3774 3887/3567/3775
f 3889/3569/3777 3886/3566/3774 3888/3568/3776
f 3890/3570/3778 3889/3569/3777 3888/3568/3776
f 3897/3571/3779 3896/3572/3780 3895/3573/3781
f 3895/3573/3781 3896/3572/3780 3898/3574/3782
f 3898/3574/3782 3896/3572/3780 3899/3575/3783
f 3899/3575/3783 3896/3572/3780 3901/3576/3784
f 3902/3577/3785 3896/3572/3780 3900/3578/3786
f 3901/3576/3784 3896/3572/3780 3902/3577/3785
f 3905/3579/3787 3904/3580/3788 3903/3581/3789
f 3903/3581/3789 3904/3580/3788 3906/3582/3790
f 3907/3583/3791 3904/3580/3788 3905/3579/3787
f 3906/3582/3790 3904/3580/3788 3908/3584/3792
f 3908/3584/3792 3904/3580/3788 3909/3585/3793
f 3909/3585/3793 3904/3580/3788 3910/3586/3794
f 3911/3587/3795 3912/3588/3796 3914/3589/3797
f 3915/3590/3798 3911/3587/3795 3914/3589/3797
f 3913/3591/3799 3911/3587/3795 3915/3590/3798
f 3917/3592/3800 3918/3593/3801 3916/3594/3802
f 3919/3595/3803 3917/3592/3800 3916/3594/3802
f 3917/3592/3800 3920/3596/3804 3918/3593/3801
f 3919/3595/3803 3916/3594/3802 3921/3597/3805
f 3920/3596/3804 3922/3598/3806 3918/3593/3801
f 3923/3599/3807 3919/3595/3803 3921/3597/3805
f 3920/3596/3804 3924/3600/3808 3922/3598/3806
f 3923/3599/3807 3921/3597/3805 3925/3601/3809
f 3924/3600/3808 3926/3602/3810 3922/3598/3806
f 3927/3603/3811 3923/3599/3807 3925/3601/3809
f 3924/3600/3808 3928/3604/3812 3926/3602/3810
f 3927/3603/3811 3925/3601/3809 3929/3605/3813
f 3928/3604/3812 3930/3606/3814 3926/3602/3810
f 3931/3607/3815 3927/3603/3811 3929/3605/3813
f 3928/3604/3812 3932/3608/3816 3930/3606/3814
f 3931/3607/3815 3929/3605/3813 3933/2084/3817
f 3932/3608/3816 3934/3609/3818 3930/3606/3814
f 3935/3610/3819 3931/3607/3815 3933/2084/3817
f 3932/3608/3816 3936/3611/3820 3934/3609/3818
f 3935/3610/3819 3933/2084/3817 3937/3612/3821
f 3936/3611/3820 3938/2036/3822 3934/3609/3818
f 3939/3613/3823 3935/3610/3819 3937/3612/3821
f 3936/3611/3820 3940/3614/3824 3938/2036/3822
f 3939/3613/3823 3937/3612/3821 3941/3615/3825
f 3940/3614/3824 3942/2035/3826 3938/2036/3822
f 3943/3616/3827 3939/3613/3823 3941/3615/3825
f 3940/3614/3824 3944/3617/3828 3942/2035/3826
f 3943/3616/3827 3941/3615/3825 3945/2049/3829
f 3944/3617/3828 3946/3618/3830 3942/2035/3826
f 3947/3619/3831 3943/3616/3827 3945/2049/3829
f 3944/3617/3828 3948/3620/3832 3946/3618/3830
f 3947/3619/3831 3945/2049/3829 3949/2048/3833
f 3948/3620/3832 3950/3621/3834 3946/3618/3830
f 3951/3622/3835 3947/3619/3831 3949/2048/3833
f 3948/3620/3832 3952/3623/3836 3950/3621/3834
f 3951/3622/3835 3949/2048/3833 3953/2043/3837
f 3952/3623/3836 3954/2039/3838 3950/3621/3834
f 3955/3624/3839 3951/3622/3835 3953/2043/3837
f 3952/3623/3836 3956/3625/3840 3954/2039/3838
f 3955/3624/3839 3953/2043/3837 3957/2041/3841
f 3956/3625/3840 3957/2041/3841 3954/2039/3838
f 3956/3625/3840 3955/3624/3839 3957/2041/3841
f 3960/3626/3842 3959/3627/3843 3958/3628/3844
f 3959/3627/3843 3961/3629/3845 3958/3628/3844
f 3962/3630/3846 3959/3627/3843 3960/3626/3842
f 3958/3628/3844 3961/3629/3845 3963/3631/3847
f 3964/3632/3848 3962/3630/3846 3960/3626/3842
f 3961/3629/3845 3965/3633/3849 3963/3631/3847
f 3966/3634/3850 3962/3630/3846 3964/3632/3848
f 3963/3631/3847 3965/3633/3849 3967/3635/3851
f 3968/3636/3852 3966/3634/3850 3964/3632/3848
f 3965/3633/3849 3969/3637/3853 3967/3635/3851
f 3970/3638/3854 3966/3634/3850 3968/3636/3852
f 3967/3635/3851 3969/3637/3853 3971/3639/3855
f 3972/3640/3856 3970/3638/3854 3968/3636/3852
f 3969/3637/3853 3973/3641/3857 3971/3639/3855
f 3974/3642/3858 3970/3638/3854 3972/3640/3856
f 3971/3639/3855 3973/3641/3857 3975/1892/3859
f 3976/3643/3860 3974/3642/3858 3972/3640/3856
f 3973/3641/3857 3977/3644/3861 3975/1892/3859
f 3978/3645/3862 3974/3642/3858 3976/3643/3860
f 3975/1892/3859 3977/3644/3861 3979/3646/3863
f 3980/1869/3864 3978/3645/3862 3976/3643/3860
f 3977/3644/3861 3981/3647/3865 3979/3646/3863
f 3982/3648/3866 3978/3645/3862 3980/1869/3864
f 3979/3646/3863 3981/3647/3865 3983/3649/3867
f 3984/1870/3868 3982/3648/3866 3980/1869/3864
f 3981/3647/3865 3985/3650/3869 3983/3649/3867
f 3986/3651/3870 3982/3648/3866 3984/1870/3868
f 3983/3649/3867 3985/3650/3869 3987/2062/3871
f 3988/3652/3872 3986/3651/3870 3984/1870/3868
f 3985/3650/3869 3989/3653/3873 3987/2062/3871
f 3990/3654/3874 3986/3651/3870 3988/3652/3872
f 3987/2062/3871 3989/3653/3873 3991/2061/3875
f 3992/3655/3876 3990/3654/3874 3988/3652/3872
f 3989/3653/3873 3993/3656/3877 3991/2061/3875
f 3994/3657/3878 3990/3654/3874 3992/3655/3876
f 3991/2061/3875 3993/3656/3877 3995/2060/3879
f 3996/1875/3880 3994/3657/3878 3992/3655/3876
f 3997/3658/3881 3994/3657/3878 3996/1875/3880
f 3995/2060/3879 3993/3656/3877 3998/2059/3882
f 3998/2059/3882 3997/3658/3881 3996/1875/3880
f 3993/3656/3877 3997/3658/3881 3998/2059/3882
f 4000/3659/3883 3999/3660/3884 4003/3661/3885
f 4001/3662/3886 4002/3663/3887 3999/3660/3884
f 3999/3660/3884 4002/3663/3887 4003/3661/3885
usemtl Cloth_Trance
f 4008/3664/3888 4007/3665/3888 4006/3666/3888
f 4010/3667/3889 4006/3666/3890 4009/3668/3891
f 4019/3668/3892 4018/3666/3892 4017/3665/3892
f 4022/3669/3893 4021/3670/3893 4020/3671/3893
f 4025/3672/3894 4024/3673/3895 4023/3674/3896
f 4024/3673/3895 4026/3675/3897 4023/3674/3896
f 4024/3673/3895 4027/3676/3898 4026/3675/3897
f 4027/3676/3898 4028/3677/3899 4026/3675/3897
f 4027/3676/3898 4029/3678/3900 4028/3677/3899
f 4029/3678/3900 4030/3679/3901 4028/3677/3899
f 4029/3678/3900 4031/3680/3902 4030/3679/3901
f 4031/3680/3902 4032/3681/3903 4030/3679/3901
f 4032/3681/3903 4033/3682/3904 4030/3679/3901
f 4032/3681/3903 4034/3683/3905 4033/3682/3904
f 4034/3683/3905 4035/3684/3906 4033/3682/3904
f 4034/3683/3905 4036/3685/3907 4035/3684/3906
f 4036/3685/3907 4037/3686/3908 4035/3684/3906
f 4036/3685/3907 4038/3687/3909 4037/3686/3908
f 4038/3687/3909 4039/3688/3910 4037/3686/3908
f 4038/3687/3909 4040/3689/3911 4039/3688/3910
f 4040/3689/3911 4041/3690/3912 4039/3688/3910
f 4040/3689/3911 4042/3691/3913 4041/3690/3912
f 4042/3691/3913 4043/3692/3914 4041/3690/3912
f 4042/3691/3913 4044/3693/3915 4043/3692/3914
f 4044/3693/3915 4045/3694/3916 4043/3692/3914
f 4044/3693/3915 4046/3695/3917 4045/3694/3916
f 4046/3695/3917 4047/3696/3918 4045/3694/3916
f 4046/3695/3917 4048/3697/3919 4047/3696/3918
f 4048/3697/3919 4049/3698/3920 4047/3696/3918
f 4048/3697/3919 4050/3699/3921 4049/3698/3920
f 4050/3699/3921 4051/3700/3922 4049/3698/3920
f 4050/3699/3921 4052/3701/3923 4051/3700/3922
f 4052/3701/3923 4053/3702/3924 4051/3700/3922
f 4056/3703/3925 4055/3704/3926 4054/3705/3927
f 4057/3706/3928 4056/3703/3925 4054/3705/3927
f 4057/3706/3928 4054/3705/3927 4058/3707/3929
f 4059/3708/3930 4057/3706/3928 4058/3707/3929
f 4059/3708/3930 4058/3707/3929 4060/3709/3931
f 4061/3710/3932 4059/3708/3930 4060/3709/3931
f 4062/3711/3933 4061/3710/3932 4060/3709/3931
f 4062/3711/3933 4060/3709/3931 4063/3712/3934
f 4064/3713/3935 4062/3711/3933 4063/3712/3934
f 4064/3713/3935 4063/3712/3934 4065/3714/3936
f 4066/3715/3937 4064/3713/3935 4065/3714/3936
f 4066/3715/3937 4065/3714/3936 4067/3716/3938
f 4068/3717/3939 4066/3715/3937 4067/3716/3938
f 4069/3718/3940 4068/3717/3939 4067/3716/3938
f 4069/3718/3940 4067/3716/3938 4070/3719/3941
f 4071/3720/3942 4069/3718/3940 4070/3719/3941
f 4071/3720/3942 4070/3719/3941 4072/3721/3943
f 4071/3720/3942 4072/3721/3943 4073/3722/3944
f 4074/3723/3945 4071/3720/3942 4073/3722/3944
f 4074/3723/3945 4073/3722/3944 4075/3724/3946
f 4076/3725/3947 4074/3723/3945 4075/3724/3946
f 4076/3725/3947 4075/3724/3946 4077/3726/3948
f 4078/3727/3949 4076/3725/3947 4077/3726/3948
f 4078/3727/3949 4077/3726/3948 4079/3728/3950
f 4080/3729/3951 4078/3727/3949 4079/3728/3950
f 4080/3729/3951 4079/3728/3950 4081/3730/3952
f 4082/3731/3953 4080/3729/3951 4081/3730/3952
f 4082/3731/3953 4081/3730/3952 4083/3732/3954
f 4084/3733/3955 4082/3731/3953 4083/3732/3954
f 4087/3734/3956 4086/3735/3957 4085/3736/3958
f 4086/3735/3957 4088/3737/3959 4085/3736/3958
f 4086/3735/3957 4089/3738/3960 4088/3737/3959
f 4089/3738/3960 4090/3739/3961 4088/3737/3959
f 4089/3738/3960 4091/3740/3962 4090/3739/3961
f 4091/3740/3962 4092/3741/3963 4090/3739/3961
f 4091/3740/3962 4093/3742/3964 4092/3741/3963
f 4093/3742/3964 4094/3743/3965 4092/3741/3963
f 4093/3742/3964 4095/3744/3966 4094/3743/3965
f 4095/3744/3966 4096/3745/3967 4094/3743/3965
f 4095/3744/3966 4097/3746/3968 4096/3745/3967
f 4097/3746/3968 4098/3747/3969 4096/3745/3967
f 4097/3746/3968 4099/3748/3970 4098/3747/3969
f 4099/3748/3970 4100/3749/3971 4098/3747/3969
f 4099/3748/3970 4101/3750/3972 4100/3749/3971
f 4101/3750/3972 4102/3751/3973 4100/3749/3971
f 4101/3750/3972 4103/3752/3974 4102/3751/3973
f 4103/3752/3974 4104/3753/3975 4102/3751/3973
f 4103/3752/3974 4105/3754/3976 4104/3753/3975
f 4103/3752/3974 4106/3755/3977 4105/3754/3976
f 4106/3755/3977 4107/3756/3978 4105/3754/3976
f 4107/3756/3978 4108/3757/3979 4105/3754/3976
f 4107/3756/3978 4109/3758/3980 4108/3757/3979
f 4109/3758/3980 4110/3759/3981 4108/3757/3979
f 4109/3758/3980 4111/3760/3982 4110/3759/3981
f 4111/3760/3982 4112/3761/3983 4110/3759/3981
f 4111/3760/3982 4113/3762/3984 4112/3761/3983
f 4113/3762/3984 4114/3763/3985 4112/3761/3983
f 4113/3762/3984 4115/3764/3986 4114/3763/3985
f 4115/3764/3986 4116/3765/3987 4114/3763/3985
f 4115/3764/3986 4117/3766/3988 4116/3765/3987
f 4115/3764/3986 4118/3767/3989 4117/3766/3988
f 4118/3767/3989 4119/3768/3990 4117/3766/3988
f 4118/3767/3989 4120/3769/3991 4119/3768/3990
f 4120/3769/3991 4121/3770/3992 4119/3768/3990
f 4120/3769/3991 4122/3771/3993 4121/3770/3992
f 4122/3771/3993 4123/3772/3994 4121/3770/3992
f 4123/3772/3994 4124/3773/3995 4121/3770/3992
f 4123/3772/3994 4125/3774/3996 4124/3773/3995
f 4125/3774/3996 4126/3775/3997 4124/3773/3995
f 4129/3776/3998 4128/3777/3999 4127/3778/4000
f 4130/3779/4001 4129/3776/3998 4127/3778/4000
f 4130/3779/4001 4127/3778/4000 4131/3780/4002
f 4132/3781/4003 4130/3779/4001 4131/3780/4002
f 4132/3781/4003 4131/3780/4002 4133/3782/4004
f 4134/3783/4005 4132/3781/4003 4133/3782/4004
f 4134/3783/4005 4133/3782/4004 4135/3784/4006
f 4136/3785/4007 4134/3783/4005 4135/3784/4006
f 4136/3785/4007 4135/3784/4006 4137/3786/4008
f 4138/3787/4009 4136/3785/4007 4137/3786/4008
f 4138/3787/4009 4137/3786/4008 4139/3788/4010
f 4140/3789/4011 4138/3787/4009 4139/3788/4010
f 4140/3789/4011 4139/3788/4010 4141/3790/4012
f 4140/3789/4011 4141/3790/4012 4142/3791/4013
f 4143/3792/4014 4140/3789/4011 4142/3791/4013
f 4143/3792/4014 4142/3791/4013 4144/3793/4015
f 4145/3794/4016 4143/3792/4014 4144/3793/4015
f 4145/3794/4016 4144/3793/4015 4146/3795/4017
f 4147/3796/4018 4145/3794/4016 4146/3795/4017
f 4147/3796/4018 4146/3795/4017 4148/3797/4019
f 4149/3798/4020 4147/3796/4018 4148/3797/4019
f 4149/3798/4020 4148/3797/4019 4150/3799/4021
f 4151/3800/4022 4149/3798/4020 4150/3799/4021
f 4151/3800/4022 4150/3799/4021 4152/3801/4023
f 4153/3802/4024 4151/3800/4022 4152/3801/4023
f 4153/3802/4024 4152/3801/4023 4154/3803/4025
f 4155/3804/4026 4153/3802/4024 4154/3803/4025
f 4155/3804/4026 4154/3803/4025 4156/3805/4027
f 4157/3806/4028 4155/3804/4026 4156/3805/4027
f 4157/3806/4028 4156/3805/4027 4158/3807/4029
f 4159/3808/4030 4157/3806/4028 4158/3807/4029
f 4159/3808/4030 4158/3807/4029 4160/3809/4031
f 4161/3810/4032 4159/3808/4030 4160/3809/4031
f 4161/3810/4032 4160/3809/4031 4162/3811/4033
f 4163/3812/4034 4161/3810/4032 4162/3811/4033
f 4163/3812/4034 4162/3811/4033 4164/3813/4035
f 4165/3814/4036 4163/3812/4034 4164/3813/4035
f 4165/3814/4036 4164/3813/4035 4166/3815/4037
f 4167/3816/4038 4165/3814/4036 4166/3815/4037
f 4170/3817/4039 4169/3818/4040 4168/3819/4041
f 4172/3820/4042 4171/3821/4043 4173/3822/4044
f 4173/3822/4044 4171/3821/4043 4174/3823/4045
f 4175/3824/4046 4174/3823/4045 4171/3821/4043
f 4177/3825/4047 4176/3826/4048 4178/3827/4049
f 4179/3828/4050 4178/3827/4049 4176/3826/4048
f 4181/3829/4051 4180/3830/4052 4182/3670/4053
f 4183/3671/4054 4182/3670/4053 4180/3830/4052
f 4185/3831/4055 4184/3832/4056 4186/3833/4057
f 4187/3834/4058 4186/3833/4057 4184/3832/4056
f 4190/3835/4059 4189/3836/4060 4188/3837/4061
f 4190/3835/4059 4188/3837/4061 4191/3838/4062
f 4195/3839/4063 4194/3840/4064 4192/3841/4065
f 4194/3840/4064 4195/3839/4063 4196/3842/4066
f 4198/3669/4067 4197/3843/4068 4199/3844/4069
f 4202/3845/4070 4201/3846/4071 4200/3847/4072
f 4204/3848/4073 4203/3849/4074 4202/3850/4075
f 4206/3851/4076 4205/3852/4077 4204/3853/4078
f 4208/3854/4079 4207/3855/4080 4206/3851/4081
f 4211/3856/4082 4210/3857/4083 4209/3858/4084
f 4214/3859/4085 4213/3860/4086 4212/3861/4087
f 4219/3862/4088 4218/3863/4089 4217/3864/4090
f 4218/3863/4089 4219/3862/4088 4220/3865/4091
f 4223/3866/4092 4222/3867/4093 4221/3868/4094
f 4222/3867/4093 4223/3866/4092 4224/3869/4095
f 4224/3869/4095 4223/3866/4092 4225/3870/4096
f 4228/3868/4097 4227/3871/4098 4226/3872/4099
f 4227/3871/4098 4229/3873/4100 4226/3872/4099
f 4232/3874/4101 4231/3875/4102 4230/3876/4103
f 4231/3875/4102 4233/3877/4104 4230/3876/4103
f 4234/3878/4105 4230/3876/4103 4233/3877/4104
f 4237/3879/4106 4235/3880/4107 4236/3881/4108
f 4240/3882/4109 4239/3883/4110 4238/3884/4111
f 4243/3885/4112 4242/3886/4113 4241/3887/4114
f 4245/3888/4115 4246/3889/4116 4244/3890/4117
f 4246/3891/4118 4247/3892/4119 4248/3893/4120
f 4248/3893/4121 4250/3894/4122 4249/3895/4123
f 4254/3896/4124 4255/3897/4125 4253/3898/4126
f 4253/3898/4126 4255/3897/4125 4256/3899/4127
f 4259/3900/4128 4257/3901/4129 4258/3902/4130
f 4261/3903/4131 4262/3904/4132 4260/3905/4133
f 4261/3903/4131 4263/3906/4134 4262/3904/4132
f 4263/3906/4134 4264/3907/4135 4262/3904/4132
f 4263/3906/4134 4265/3908/4136 4264/3907/4135
f 4265/3908/4136 4266/3909/4137 4264/3907/4135
f 4266/3909/4137 4267/3910/4138 4264/3907/4135
f 4269/3911/4139 4268/3912/4140 4270/3913/4141
f 4271/3914/4142 4269/3911/4139 4270/3913/4141
f 4271/3914/4142 4270/3913/4141 4272/3915/4143
f 4273/3916/4144 4271/3914/4142 4272/3915/4143
f 4273/3916/4144 4272/3915/4143 4274/3917/4145
f 4275/3918/4146 4273/3916/4144 4274/3917/4145
l 1205 1206
l 2556 2560
l 3265 3266
l 3271 3272
l 3283 3284
l 3287 3288
l 3291 3292
l 4215 4216
l 1243 1244
l 2553 2554
l 2568 2569
l 3190 3191
l 3760 3761
l 3769 3770
l 3773 3774
l 3810 3811
l 3814 3815
l 3818 3819
l 3822 3823
l 3829 3830
l 3891 3892
l 4013 4014
l 4251 4252
l 1207 1208
l 2564 2565
l 3488 3489
l 3492 3493
l 3496 3497
l 3761 3762
l 3766 3767
l 3770 3771
l 3811 3812
l 3815 3816
l 3819 3820
l 3823 3824
l 3281 3282
l 3285 3286
l 3289 3290
l 4015 4016
l 4192 4193
l 3188 3189
l 3762 3763
l 3767 3768
l 3771 3772
l 3812 3813
l 3816 3817
l 3820 3821
l 3827 3828
l 3893 3894
l 4004 4005
l 3731 3732
l 4011 4012
l 3472 3473
l 3478 3479
l 3490 3491
l 3494 3495
l 3498 3499
l 3759 3760
l 3768 3769
l 3772 3773
l 3813 3814
l 3817 3818
l 3821 3822
o face
v 0.000565 0.014218 -0.000632
v 0.000491 0.014236 -0.000743
v 0.000567 0.014107 -0.000496
v 0.000509 0.014038 -0.000456
v 0.000374 0.014072 -0.000640
v 0.000622 0.014198 -0.000521
v 0.000666 0.014282 -0.000526
v 0.000618 0.014319 -0.000651
v 0.000679 0.014440 -0.000651
v 0.000693 0.014342 -0.000508
v 0.000715 0.014373 -0.000462
v 0.000467 0.013993 -0.000399
v 0.000741 0.014449 -0.000524
v 0.000824 0.014531 -0.000427
v 0.000743 0.014378 -0.000389
v 0.000793 0.014421 -0.000310
v 0.000759 0.014364 -0.000324
v 0.000833 0.014501 -0.000307
v 0.000781 0.014529 -0.000545
v 0.000881 0.014654 -0.000306
v 0.000827 0.014650 -0.000546
v 0.000882 0.014824 -0.000523
v 0.000902 0.014773 -0.000296
v 0.000898 0.014929 -0.000497
v 0.000917 0.015027 -0.000466
v 0.000918 0.014929 -0.000271
v 0.000911 0.015124 -0.000426
v 0.000908 0.015204 -0.000386
v 0.000885 0.015202 -0.000213
v 0.000894 0.015254 -0.000352
v 0.000837 0.015303 -0.000206
v 0.000830 0.015352 -0.000404
v 0.000752 0.015455 -0.000333
v 0.000737 0.015457 -0.000216
v 0.000716 0.015461 -0.000458
v 0.000490 0.015606 -0.000523
v 0.000503 0.015637 -0.000378
v 0.000466 0.015663 -0.000240
v 0.000207 0.015745 -0.000396
v 0.000182 0.015709 -0.000555
v 0.000134 0.015767 -0.000247
v 0.000024 0.015759 -0.000396
v 0.000017 0.015721 -0.000548
v -0.000203 0.015748 -0.000235
v -0.000216 0.015740 -0.000375
v -0.000230 0.015703 -0.000516
v -0.000467 0.015644 -0.000214
v -0.000506 0.015635 -0.000329
v -0.000488 0.015624 -0.000447
v -0.000587 0.015574 -0.000408
v -0.000622 0.015520 -0.000201
v -0.000672 0.015512 -0.000364
v -0.000695 0.015440 -0.000205
v -0.000695 0.015484 -0.000346
v -0.000719 0.015439 -0.000380
v -0.000758 0.015362 -0.000423
v -0.000816 0.015166 -0.000268
v -0.000787 0.015220 -0.000478
v -0.000829 0.015068 -0.000414
v -0.000840 0.015026 -0.000289
v -0.000802 0.015068 -0.000516
v -0.000854 0.014910 -0.000300
v -0.000805 0.014959 -0.000533
v -0.000804 0.014855 -0.000541
v -0.000835 0.014771 -0.000421
v -0.000795 0.014758 -0.000539
v -0.000851 0.014746 -0.000301
v -0.000780 0.014670 -0.000518
v -0.000836 0.014658 -0.000304
v -0.000801 0.014602 -0.000384
v -0.000820 0.014594 -0.000318
v -0.000776 0.014590 -0.000457
v -0.000723 0.014644 -0.000646
v -0.000764 0.014554 -0.000503
v -0.000755 0.014489 -0.000521
v -0.000699 0.014511 -0.000646
v -0.000678 0.014399 -0.000628
v -0.000737 0.014396 -0.000516
v -0.000710 0.014294 -0.000492
v -0.000673 0.014210 -0.000452
v -0.000603 0.014395 -0.000740
v -0.000646 0.014154 -0.000395
v -0.000536 0.014204 -0.000637
v -0.000455 0.014048 -0.000513
v -0.000571 0.013982 -0.000179
v -0.000645 0.014131 -0.000328
v -0.000636 0.014074 -0.000225
v -0.000662 0.014140 -0.000269
v -0.000610 0.014030 -0.000202
v -0.000507 0.013907 -0.000151
v -0.000391 0.013885 -0.000279
v -0.000294 0.013740 -0.000071
v -0.000295 0.014032 -0.000689
v -0.000449 0.014202 -0.000725
v -0.000260 0.013784 -0.000204
v -0.000220 0.013699 -0.000047
v -0.000362 0.014199 -0.000795
v -0.000285 0.014192 -0.000836
v -0.000123 0.013990 -0.000734
v -0.000155 0.014175 -0.000878
v -0.000146 0.013676 -0.000038
v -0.000078 0.014164 -0.000889
v 0.000014 0.014150 -0.000876
v 0.000129 0.014130 -0.000839
v -0.000084 0.013956 -0.000703
v 0.000204 0.014117 -0.000797
v 0.000080 0.013953 -0.000667
v 0.000290 0.014095 -0.000728
v 0.000276 0.013968 -0.000541
v 0.000091 0.013901 -0.000586
v 0.000022 0.013880 -0.000572
v 0.000459 0.013970 -0.000332
v 0.000435 0.013918 -0.000229
v 0.000479 0.013974 -0.000273
v 0.000396 0.013882 -0.000205
v 0.000334 0.013836 -0.000177
v 0.000037 0.013698 -0.000080
v 0.000121 0.013798 -0.000284
v 0.000095 0.013848 -0.000455
v 0.000085 0.013861 -0.000502
v -0.000070 0.013677 -0.000048
v -0.000074 0.013736 -0.000189
v 0.000055 0.013808 -0.000370
v 0.000021 0.013794 -0.000342
v -0.000066 0.013784 -0.000317
v -0.000018 0.013786 -0.000325
v 0.000083 0.013828 -0.000409
v -0.000126 0.013789 -0.000313
v 0.000060 0.013870 -0.000542
v -0.000056 0.013901 -0.000599
v -0.000114 0.013911 -0.000607
v -0.000172 0.013918 -0.000599
v -0.000254 0.013921 -0.000570
v -0.000286 0.013956 -0.000610
v -0.000292 0.013920 -0.000540
v -0.000319 0.013919 -0.000502
v -0.000332 0.013910 -0.000453
v -0.000325 0.013887 -0.000407
v -0.000303 0.013860 -0.000368
v -0.000276 0.013837 -0.000342
v -0.000239 0.013819 -0.000324
v -0.000188 0.013802 -0.000314
v -0.000134 0.013893 0.000391
v -0.000134 0.013895 0.000396
v -0.000111 0.013894 0.000405
v -0.000106 0.013891 0.000396
v -0.000068 0.013887 0.000383
v -0.000007 0.013887 0.000347
v 0.000002 0.013887 0.000348
v -0.000095 0.013883 0.000393
v -0.000092 0.013887 0.000390
v -0.000119 0.013885 0.000395
v -0.000135 0.013894 0.000390
v -0.000147 0.013891 0.000385
v -0.000213 0.013916 0.000350
v -0.000225 0.013922 0.000348
v -0.000135 0.013891 0.000390
v -0.000134 0.013894 0.000396
v 0.000019 0.013778 0.000125
v 0.000027 0.013813 0.000127
v -0.000036 0.013816 0.000243
v -0.000055 0.013783 0.000245
v -0.000031 0.013780 0.000240
v 0.000028 0.013778 0.000125
v -0.000185 0.013801 0.000259
v -0.000109 0.013824 0.000274
v -0.000127 0.013792 0.000277
v -0.000193 0.013838 0.000258
v -0.000213 0.013805 0.000249
v -0.000250 0.013851 0.000181
v -0.000286 0.013823 0.000127
v -0.000274 0.013822 0.000126
v -0.000272 0.013857 0.000128
v 0.000009 0.013852 0.000181
v -0.000021 0.013874 0.000129
v -0.000015 0.013857 0.000127
v 0.000001 0.013876 0.000184
v 0.000000 0.013845 0.000279
v -0.000001 0.013874 0.000251
v -0.000017 0.013856 0.000298
v -0.000043 0.013839 0.000318
v -0.000071 0.013885 0.000282
v -0.000226 0.013911 0.000187
v -0.000091 0.013845 0.000335
v -0.000158 0.013856 0.000334
v -0.000203 0.013864 0.000318
v -0.000224 0.013899 0.000280
v -0.000210 0.013901 0.000129
v -0.000241 0.013883 0.000257
v -0.000243 0.013889 0.000182
v -0.000219 0.013887 0.000128
v -0.000199 0.013862 0.000320
v -0.000206 0.013852 0.000312
v -0.000228 0.013875 0.000291
v -0.000247 0.013883 0.000251
v -0.000131 0.013851 0.000334
v -0.000243 0.013889 0.000182
v -0.000213 0.013868 0.000127
v -0.000219 0.013887 0.000128
v -0.000024 0.013841 0.000127
v -0.000032 0.013828 0.000306
v -0.000075 0.013842 0.000330
v -0.000026 0.013840 0.000310
v -0.000015 0.013857 0.000127
v 0.000009 0.013852 0.000181
v 0.000010 0.013847 0.000256
v -0.000141 0.013889 0.000388
v -0.000223 0.013920 0.000350
v -0.000106 0.013883 0.000395
v -0.000225 0.013900 0.000361
v -0.000240 0.013925 0.000362
v -0.000151 0.013898 0.000387
v -0.000179 0.013915 0.000403
v -0.000117 0.013893 0.000404
v -0.000097 0.013887 0.000398
v -0.000110 0.013899 0.000438
v 0.000002 0.013887 0.000348
v -0.000073 0.013882 0.000381
v -0.000115 0.013876 0.000406
v 0.000009 0.013880 0.000359
v -0.000076 0.013858 0.000384
v -0.000118 0.013852 0.000392
v -0.000257 0.013871 0.000335
v -0.000139 0.013807 0.000339
v -0.000106 0.013939 0.000452
v 0.000018 0.013888 0.000361
v -0.000021 0.013819 0.000335
v -0.000145 0.013696 0.000248
v -0.000307 0.013764 0.000246
v -0.000369 0.014032 0.000382
v -0.000429 0.013924 0.000296
v -0.000228 0.014045 0.000456
v -0.000090 0.014048 0.000534
v -0.000085 0.014086 0.000559
v 0.000119 0.013927 0.000376
v 0.000181 0.013830 0.000300
v 0.000015 0.013700 0.000240
v 0.000336 0.013960 0.000316
v 0.000096 0.014055 0.000441
v -0.000058 0.014096 0.000546
v -0.000085 0.014115 0.000564
v -0.000077 0.014137 0.000570
v -0.000048 0.014136 0.000528
v -0.000101 0.014181 0.000484
v -0.000020 0.014194 0.000445
v 0.000018 0.014138 0.000473
v 0.000154 0.014135 0.000398
v 0.000368 0.014057 0.000329
v 0.000266 0.014248 0.000293
v 0.000378 0.014146 0.000317
v 0.000008 0.013638 0.000188
v 0.000269 0.013748 0.000165
v 0.000432 0.013869 0.000184
v 0.000604 0.014179 0.000197
v 0.000523 0.013988 0.000214
v 0.000605 0.014211 0.000191
v 0.000430 0.014224 0.000245
v 0.000094 0.014267 0.000356
v -0.000057 0.014249 0.000419
v 0.000047 0.014323 0.000365
v 0.000633 0.014283 0.000181
v 0.000167 0.014322 0.000323
v 0.000192 0.014434 0.000353
v 0.000034 0.014398 0.000385
v 0.000156 0.014558 0.000449
v 0.000279 0.014569 0.000418
v -0.000050 0.014324 0.000402
v -0.000101 0.014210 0.000446
v -0.000169 0.014295 0.000374
v -0.000035 0.014424 0.000414
v 0.000034 0.014588 0.000513
v -0.000106 0.014418 0.000387
v 0.000116 0.014821 0.000569
v 0.000462 0.014772 0.000423
v -0.000052 0.014599 0.000512
v 0.000001 0.014836 0.000580
v -0.000117 0.014821 0.000544
v 0.000169 0.014977 0.000579
v -0.000196 0.014669 0.000466
v -0.000141 0.014349 0.000367
v -0.000179 0.014171 0.000465
v -0.000289 0.014360 0.000315
v -0.000293 0.014182 0.000411
v -0.000361 0.014335 0.000302
v -0.000527 0.014184 0.000333
v -0.000291 0.014461 0.000319
v -0.000541 0.014364 0.000249
v -0.000508 0.014275 0.000321
v -0.000289 0.013700 0.000215
v -0.000632 0.014003 0.000187
v -0.000691 0.014151 0.000221
v -0.000719 0.014375 0.000201
v -0.000685 0.014400 0.000201
v -0.000251 0.014480 0.000350
v -0.000201 0.014579 0.000427
v -0.000423 0.014876 0.000417
v -0.000137 0.015010 0.000561
v 0.000016 0.015005 0.000593
v -0.000349 0.014681 0.000408
v -0.000407 0.015126 0.000453
v -0.000012 0.015164 0.000582
v -0.000510 0.015149 0.000384
v -0.000537 0.014996 0.000363
v -0.000264 0.015293 0.000477
v -0.000461 0.015304 0.000365
v -0.000546 0.015271 0.000302
v -0.000613 0.015095 0.000292
v -0.000205 0.015419 0.000419
v -0.000487 0.015444 0.000193
v -0.000599 0.015372 0.000126
v -0.000279 0.015545 0.000260
v -0.000653 0.015274 0.000134
v -0.000175 0.015566 0.000293
v 0.000478 0.015007 0.000469
v 0.000065 0.015287 0.000546
v 0.000208 0.015118 0.000569
v 0.000226 0.015244 0.000534
v 0.000494 0.015156 0.000446
v 0.000099 0.015515 0.000380
v 0.000410 0.015331 0.000415
v 0.000107 0.015407 0.000471
v 0.000007 0.015594 0.000275
v 0.000426 0.015433 0.000332
v 0.000644 0.015179 0.000322
v 0.000578 0.015356 0.000255
v 0.000666 0.015077 0.000339
v 0.000623 0.014986 0.000382
v 0.000592 0.014846 0.000375
v 0.000435 0.014586 0.000375
v 0.000689 0.015275 0.000181
v 0.000460 0.015481 0.000252
v 0.000186 0.015579 0.000278
v 0.000603 0.015483 0.000039
v 0.000458 0.015593 0.000060
v 0.000264 0.015662 0.000079
v 0.000771 0.015255 0.000021
v 0.000789 0.015124 0.000125
v 0.000706 0.014903 0.000288
v 0.000788 0.014906 0.000174
v 0.000815 0.015141 0.000021
v 0.000556 0.014654 0.000341
v 0.000672 0.014734 0.000290
v 0.000737 0.014785 0.000240
v 0.000793 0.014635 0.000082
v 0.000301 0.014542 0.000386
v 0.000625 0.014513 0.000257
v 0.000437 0.014553 0.000349
v 0.000690 0.014417 0.000181
v 0.000249 0.014489 0.000338
v 0.000218 0.014390 0.000317
v 0.000230 0.014333 0.000303
v 0.000469 0.014253 0.000225
v 0.000520 0.014268 0.000207
v 0.000560 0.014298 0.000199
v 0.000265 0.014285 0.000288
v 0.000224 0.014445 0.000329
v 0.000327 0.014261 0.000270
v 0.000400 0.014252 0.000249
v 0.000290 0.014520 0.000343
v 0.000347 0.014539 0.000343
v 0.000424 0.014554 0.000325
v 0.000596 0.014339 0.000200
v 0.000621 0.014383 0.000209
v 0.000565 0.014514 0.000285
v 0.000652 0.014392 0.000205
v 0.000629 0.014421 0.000222
v 0.000628 0.014455 0.000242
v 0.000709 0.014309 0.000061
v 0.000636 0.014166 0.000114
v 0.000824 0.014503 -0.000027
v 0.000530 0.013957 0.000127
v 0.000880 0.014921 -0.000078
v 0.000716 0.015416 -0.000073
v 0.000660 0.015529 -0.000224
v 0.000489 0.015627 -0.000099
v 0.000838 0.015300 -0.000206
v 0.000877 0.015215 -0.000212
v 0.000918 0.014873 -0.000280
v 0.000770 0.015411 -0.000213
v 0.000919 0.014981 -0.000260
v 0.000515 0.015636 -0.000237
v 0.000902 0.014773 -0.000296
v 0.000300 0.015724 -0.000245
v 0.000859 0.014576 -0.000177
v 0.000877 0.014647 -0.000306
v 0.000800 0.014428 -0.000309
v 0.000157 0.015742 -0.000083
v 0.000812 0.014437 -0.000067
v 0.000108 0.015768 -0.000247
v 0.000752 0.014342 -0.000294
v 0.000759 0.014364 -0.000324
v 0.000733 0.014312 -0.000282
v 0.000676 0.014232 -0.000240
v 0.000669 0.014184 -0.000063
v 0.000641 0.014180 -0.000222
v 0.000607 0.014129 -0.000212
v 0.000567 0.014030 -0.000085
v 0.000576 0.014084 -0.000211
v 0.000545 0.014043 -0.000218
v 0.000510 0.014003 -0.000236
v 0.000456 0.013899 -0.000112
v 0.000479 0.013974 -0.000273
v 0.000426 0.013906 -0.000221
v 0.000340 0.013834 -0.000180
v 0.000432 0.013852 0.000114
v 0.000123 0.013730 -0.000109
v 0.000307 0.013760 0.000103
v 0.000116 0.013672 0.000090
v 0.000013 0.013694 -0.000072
v -0.000069 0.013608 0.000133
v -0.000070 0.013677 -0.000048
v -0.000146 0.013675 -0.000038
v -0.000221 0.013699 -0.000047
v -0.000303 0.013744 -0.000074
v -0.000106 0.013604 0.000184
v -0.000157 0.013595 0.000175
v -0.000234 0.013632 0.000129
v -0.000342 0.013718 0.000058
v -0.000475 0.013805 0.000116
v -0.000226 0.013628 0.000185
v -0.000494 0.013834 0.000167
v -0.000636 0.013988 0.000123
v -0.000540 0.013900 -0.000061
v -0.000556 0.013958 -0.000171
v -0.000610 0.014030 -0.000202
v -0.000649 0.014041 -0.000096
v -0.000636 0.014074 -0.000225
v -0.000662 0.014140 -0.000269
v -0.000717 0.014149 0.000128
v -0.000698 0.014133 -0.000081
v -0.000684 0.014176 -0.000232
v -0.000705 0.014225 -0.000213
v -0.000723 0.014273 -0.000206
v -0.000798 0.014456 -0.000109
v -0.000741 0.014325 -0.000207
v -0.000779 0.014401 -0.000012
v -0.000759 0.014384 -0.000217
v -0.000777 0.014443 -0.000235
v -0.000819 0.014570 -0.000288
v -0.000808 0.014537 -0.000276
v -0.000820 0.014594 -0.000318
v -0.000841 0.014666 -0.000303
v -0.000856 0.014746 -0.000122
v -0.000838 0.014694 -0.000016
v -0.000851 0.014904 -0.000300
v -0.000836 0.014796 -0.000034
v -0.000840 0.015026 -0.000289
v -0.000818 0.015169 -0.000267
v -0.000777 0.015111 -0.000037
v -0.000742 0.015357 -0.000224
v -0.000653 0.015488 -0.000200
v -0.000526 0.015603 -0.000209
v -0.000484 0.015582 -0.000060
v -0.000384 0.015686 -0.000221
v -0.000215 0.015745 -0.000234
v -0.000195 0.015727 -0.000092
v -0.000346 0.015622 0.000047
v -0.000205 0.015681 0.000060
v 0.000096 0.015696 0.000082
v -0.000688 0.015067 0.000212
v -0.000747 0.014796 0.000149
v -0.000628 0.014929 0.000294
v -0.000532 0.014804 0.000348
v -0.000698 0.014718 0.000221
v -0.000767 0.014448 0.000093
v -0.000741 0.014503 0.000170
v -0.000715 0.014502 0.000189
v -0.000666 0.014675 0.000245
v -0.000552 0.014695 0.000312
v -0.000361 0.014654 0.000380
v -0.000266 0.014556 0.000376
v -0.000588 0.014680 0.000292
v -0.000667 0.014523 0.000204
v -0.000644 0.014473 0.000203
v -0.000435 0.014667 0.000334
v -0.000569 0.014404 0.000229
v -0.000321 0.014609 0.000346
v -0.000504 0.014383 0.000253
v -0.000291 0.014568 0.000340
v -0.000431 0.014371 0.000273
v -0.000364 0.014376 0.000291
v -0.000317 0.014412 0.000305
v -0.000280 0.014518 0.000330
v -0.000370 0.014643 0.000346
v -0.000664 0.014642 0.000245
v -0.000615 0.014433 0.000211
v -0.000675 0.014610 0.000227
v -0.000678 0.014572 0.000213
v -0.000667 0.014142 -0.000254
v -0.000644 0.014133 -0.000326
v -0.000646 0.014154 -0.000393
v -0.000720 0.014151 -0.000271
v -0.000665 0.014194 -0.000437
v -0.000708 0.014295 -0.000492
v -0.000730 0.014189 -0.000241
v -0.000716 0.014253 -0.000207
v -0.000798 0.014300 -0.000518
v -0.000851 0.014418 -0.000559
v -0.000737 0.014396 -0.000516
v -0.000764 0.014173 -0.000353
v -0.000753 0.014274 -0.000228
v -0.000753 0.014370 -0.000214
v -0.000755 0.014490 -0.000520
v -0.000766 0.014557 -0.000498
v -0.000822 0.014653 -0.000426
v -0.000776 0.014590 -0.000457
v -0.000801 0.014602 -0.000384
v -0.000820 0.014594 -0.000318
v -0.000880 0.014533 -0.000560
v -0.000883 0.014623 -0.000526
v -0.000872 0.014672 -0.000462
v -0.000810 0.014233 -0.000445
v -0.000862 0.014663 -0.000383
v -0.000838 0.014308 -0.000504
v -0.000899 0.014587 -0.000498
v -0.000886 0.014478 -0.000539
v -0.000771 0.014190 -0.000336
v -0.000887 0.014626 -0.000429
v -0.000751 0.014191 -0.000279
v -0.000753 0.014227 -0.000261
v -0.000720 0.014208 -0.000349
v -0.000760 0.014263 -0.000436
v -0.000827 0.014436 -0.000502
v -0.000830 0.014554 -0.000457
v -0.000715 0.014231 -0.000347
v -0.000788 0.014366 -0.000425
v -0.000712 0.014209 -0.000292
v -0.000777 0.014443 -0.000235
v -0.000820 0.014565 -0.000286
v -0.000787 0.014362 -0.000271
v -0.000796 0.014397 -0.000279
v -0.000854 0.014595 -0.000304
v -0.000813 0.014454 -0.000294
v -0.000870 0.014583 -0.000355
v -0.000802 0.014541 -0.000348
v -0.000771 0.014430 -0.000316
v -0.000779 0.014496 -0.000369
v -0.000790 0.014387 -0.000407
v -0.000812 0.014374 -0.000344
v -0.000730 0.014294 -0.000285
v 0.000486 0.013975 -0.000255
v 0.000459 0.013972 -0.000331
v 0.000467 0.013993 -0.000398
v 0.000516 0.013971 -0.000323
v 0.000497 0.014026 -0.000442
v 0.000565 0.014109 -0.000497
v 0.000549 0.013977 -0.000261
v 0.000568 0.014072 -0.000211
v 0.000654 0.014088 -0.000523
v 0.000719 0.014186 -0.000560
v 0.000622 0.014198 -0.000521
v 0.000604 0.014078 -0.000232
v 0.000627 0.014160 -0.000217
v 0.000584 0.013977 -0.000356
v 0.000667 0.014282 -0.000524
v 0.000696 0.014345 -0.000503
v 0.000778 0.014420 -0.000431
v 0.000715 0.014373 -0.000462
v 0.000743 0.014378 -0.000389
v 0.000759 0.014363 -0.000319
v 0.000798 0.014289 -0.000566
v 0.000826 0.014375 -0.000532
v 0.000831 0.014425 -0.000467
v 0.000632 0.014019 -0.000457
v 0.000819 0.014418 -0.000389
v 0.000748 0.014164 -0.000542
v 0.000694 0.014086 -0.000509
v 0.000831 0.014335 -0.000504
v 0.000803 0.014263 -0.000538
v 0.000651 0.014037 -0.000453
v 0.000598 0.013991 -0.000343
v 0.000832 0.014376 -0.000436
v 0.000580 0.013998 -0.000283
v 0.000589 0.014028 -0.000266
v 0.000568 0.014035 -0.000386
v 0.000634 0.014088 -0.000469
v 0.000754 0.014285 -0.000496
v 0.000758 0.014344 -0.000411
v 0.000672 0.014172 -0.000435
v 0.000650 0.014143 -0.000414
v 0.000584 0.014095 -0.000335
v 0.000540 0.014024 -0.000309
v 0.000676 0.014232 -0.000240
v 0.000723 0.014297 -0.000272
v 0.000643 0.014131 -0.000276
v 0.000677 0.014173 -0.000287
v 0.000791 0.014355 -0.000309
v 0.000715 0.014235 -0.000301
v 0.000804 0.014339 -0.000360
v 0.000726 0.014313 -0.000350
v 0.000670 0.014244 -0.000326
v 0.000712 0.014305 -0.000393
v 0.000690 0.014154 -0.000348
v 0.000593 0.014105 -0.000287
v -0.000370 0.014659 0.000409
v -0.000375 0.014663 0.000409
v -0.000365 0.014655 0.000410
v -0.000376 0.014666 0.000409
v -0.000373 0.014665 0.000409
v -0.000363 0.014658 0.000408
v 0.000349 0.014553 0.000408
v 0.000342 0.014552 0.000407
v 0.000358 0.014557 0.000406
v 0.000355 0.014559 0.000406
v 0.000348 0.014557 0.000407
v -0.000246 0.014050 0.000220
v -0.000248 0.014084 0.000224
v -0.000174 0.014031 0.000340
v -0.000175 0.014068 0.000342
v -0.000238 0.014083 0.000222
v -0.000158 0.014065 0.000344
v -0.000089 0.014053 0.000375
v -0.000095 0.014019 0.000366
v -0.000038 0.014046 0.000357
v -0.000015 0.014008 0.000339
v -0.000005 0.014042 0.000343
v 0.000059 0.014040 0.000221
v 0.000070 0.014038 0.000223
v 0.000057 0.014005 0.000219
v -0.000078 0.014136 0.000565
v -0.000075 0.014147 0.000551
v -0.000125 0.013892 0.000394
v -0.000099 0.013978 0.000365
v -0.000082 0.013886 0.000385
v -0.000090 0.014016 0.000284
v -0.000166 0.013900 0.000373
v -0.000010 0.013887 0.000347
v -0.000096 0.014014 0.000191
v 0.000052 0.013962 0.000316
v -0.000099 0.013984 0.000101
v 0.000059 0.013892 0.000312
v 0.000018 0.013829 0.000312
v -0.000077 0.013885 0.000380
v -0.000109 0.013831 0.000353
v -0.000112 0.013892 0.000392
v 0.000083 0.013886 0.000224
v 0.000017 0.013807 0.000228
v -0.000115 0.013827 0.000272
v 0.000075 0.013980 0.000240
v 0.000059 0.013976 0.000128
v 0.000001 0.013969 0.000049
v 0.000070 0.013896 0.000121
v 0.000005 0.013914 0.000026
v -0.000060 0.013923 0.000043
v 0.000005 0.013825 0.000125
v -0.000012 0.013865 0.000043
v -0.000115 0.013877 0.000091
v -0.000108 0.013933 0.000074
v -0.000123 0.013841 0.000180
v -0.000161 0.013898 0.000376
v -0.000156 0.013883 0.000067
v -0.000230 0.013851 0.000320
v -0.000268 0.013853 0.000230
v -0.000215 0.013917 0.000349
v -0.000253 0.013866 0.000129
v -0.000281 0.013930 0.000313
v -0.000218 0.013894 0.000048
v -0.000227 0.013944 0.000029
v -0.000304 0.013944 0.000226
v -0.000289 0.013948 0.000122
v -0.000247 0.014009 0.000318
v -0.000283 0.014022 0.000189
v -0.000217 0.013996 0.000055
v -0.000222 0.014038 0.000251
v -0.000216 0.014032 0.000144
v -0.000364 0.014658 0.000409
v -0.000381 0.014671 0.000410
v -0.000384 0.014679 0.000406
v -0.000347 0.014650 0.000412
v -0.000352 0.014659 0.000412
v -0.000370 0.014673 0.000409
v 0.000347 0.014555 0.000406
v 0.000363 0.014562 0.000406
v 0.000370 0.014568 0.000402
v 0.000331 0.014551 0.000408
v 0.000327 0.014553 0.000410
v 0.000368 0.014570 0.000404
v 0.000345 0.014564 0.000408
v 0.000581 0.014325 0.000204
v 0.000549 0.014289 0.000200
v 0.000580 0.014313 0.000199
v 0.000613 0.014347 0.000202
v 0.000644 0.014389 0.000208
v 0.000608 0.014372 0.000215
v 0.000625 0.014436 0.000234
v 0.000674 0.014426 0.000199
v 0.000699 0.014436 0.000173
v 0.000571 0.014545 0.000288
v 0.000594 0.014470 0.000261
v 0.000655 0.014535 0.000256
v 0.000745 0.014435 0.000144
v 0.000555 0.014495 0.000282
v 0.000618 0.014565 0.000284
v 0.000579 0.014585 0.000312
v 0.000514 0.014509 0.000299
v 0.000531 0.014597 0.000343
v 0.000428 0.014569 0.000344
v 0.000434 0.014523 0.000324
v 0.000482 0.014604 0.000364
v 0.000387 0.014522 0.000335
v 0.000410 0.014598 0.000389
v 0.000328 0.014511 0.000346
v 0.000240 0.014514 0.000373
v 0.000334 0.014578 0.000406
v 0.000224 0.014477 0.000365
v 0.000280 0.014550 0.000407
v 0.000220 0.014505 0.000395
v 0.000191 0.014467 0.000385
v 0.000517 0.014606 0.000353
v 0.000489 0.014604 0.000360
v 0.000581 0.014583 0.000309
v 0.000566 0.014598 0.000322
v 0.000615 0.014579 0.000289
v 0.000646 0.014550 0.000267
v 0.000681 0.014532 0.000237
v 0.000740 0.014470 0.000179
v 0.000250 0.014563 0.000419
v 0.000272 0.014583 0.000424
v 0.000297 0.014591 0.000420
v 0.000315 0.014608 0.000423
v 0.000333 0.014605 0.000417
v 0.000359 0.014617 0.000412
v 0.000392 0.014616 0.000404
v 0.000538 0.014281 0.000204
v 0.000529 0.014276 0.000207
v 0.000538 0.014265 0.000212
v 0.000550 0.014290 0.000201
v 0.000540 0.014282 0.000202
v 0.000557 0.014274 0.000206
v -0.000643 0.014472 0.000205
v -0.000659 0.014493 0.000203
v -0.000680 0.014533 0.000208
v -0.000665 0.014534 0.000215
v -0.000669 0.014580 0.000226
v -0.000704 0.014599 0.000212
v -0.000667 0.014624 0.000239
v -0.000718 0.014629 0.000202
v -0.000722 0.014663 0.000194
v -0.000638 0.014642 0.000259
v -0.000683 0.014718 0.000246
v -0.000560 0.014718 0.000305
v -0.000635 0.014741 0.000281
v -0.000735 0.014644 0.000178
v -0.000783 0.014657 0.000150
v -0.000599 0.014657 0.000280
v -0.000553 0.014663 0.000298
v -0.000584 0.014753 0.000315
v -0.000530 0.014751 0.000347
v -0.000463 0.014654 0.000326
v -0.000481 0.014743 0.000368
v -0.000282 0.014599 0.000376
v -0.000400 0.014633 0.000341
v -0.000388 0.014706 0.000399
v -0.000342 0.014599 0.000352
v -0.000332 0.014665 0.000411
v -0.000286 0.014616 0.000406
v -0.000271 0.014549 0.000366
v -0.000235 0.014527 0.000386
v -0.000495 0.014751 0.000360
v -0.000484 0.014745 0.000367
v -0.000557 0.014762 0.000327
v -0.000565 0.014754 0.000326
v -0.000617 0.014748 0.000293
v -0.000617 0.014760 0.000300
v -0.000748 0.014700 0.000202
v -0.000691 0.014733 0.000245
v -0.000270 0.014637 0.000421
v -0.000283 0.014660 0.000426
v -0.000315 0.014687 0.000421
v -0.000310 0.014692 0.000426
v -0.000339 0.014712 0.000420
v -0.000357 0.014714 0.000414
v -0.000394 0.014731 0.000402
v -0.000375 0.014727 0.000409
v -0.000628 0.014451 0.000208
v -0.000621 0.014444 0.000211
v -0.000631 0.014437 0.000217
v -0.000636 0.014463 0.000205
v -0.000629 0.014453 0.000208
v -0.000648 0.014449 0.000213
v -0.000454 0.014608 0.000279
v -0.000441 0.014607 0.000285
v -0.000439 0.014600 0.000287
v -0.000458 0.014601 0.000280
v -0.000447 0.014597 0.000284
v 0.000374 0.014489 0.000285
v 0.000386 0.014486 0.000286
v 0.000388 0.014480 0.000285
v 0.000368 0.014482 0.000283
v 0.000377 0.014476 0.000285
v -0.000429 0.014365 0.000277
v -0.000490 0.014370 0.000261
v -0.000450 0.014375 0.000268
v -0.000540 0.014387 0.000244
v -0.000508 0.014385 0.000251
v -0.000397 0.014372 0.000281
v -0.000567 0.014402 0.000230
v -0.000556 0.014663 0.000297
v -0.000479 0.014697 0.000384
v -0.000479 0.014656 0.000321
v -0.000429 0.014644 0.000335
v -0.000480 0.014744 0.000367
v -0.000561 0.014754 0.000329
v -0.000388 0.014704 0.000399
v -0.000606 0.014699 0.000335
v -0.000612 0.014749 0.000298
v -0.000599 0.014657 0.000280
v -0.000346 0.014626 0.000413
v -0.000370 0.014618 0.000346
v -0.000330 0.014663 0.000410
v -0.000636 0.014643 0.000259
v -0.000686 0.014718 0.000245
v -0.000699 0.014665 0.000263
v -0.000667 0.014624 0.000239
v -0.000272 0.014548 0.000367
v -0.000280 0.014610 0.000405
v -0.000238 0.014525 0.000391
v -0.000254 0.014564 0.000395
v -0.000717 0.014627 0.000204
v -0.000777 0.014657 0.000151
v -0.000700 0.014587 0.000213
v -0.000667 0.014556 0.000222
v -0.000679 0.014532 0.000207
v -0.000653 0.014488 0.000201
v 0.000336 0.014252 0.000270
v 0.000335 0.014258 0.000275
v 0.000390 0.014243 0.000255
v 0.000348 0.014259 0.000265
v 0.000297 0.014269 0.000278
v 0.000410 0.014252 0.000247
v 0.000448 0.014248 0.000232
v 0.000559 0.014493 0.000281
v 0.000512 0.014509 0.000300
v 0.000502 0.014557 0.000369
v 0.000435 0.014523 0.000323
v 0.000387 0.014522 0.000335
v 0.000480 0.014605 0.000364
v 0.000561 0.014591 0.000325
v 0.000422 0.014599 0.000385
v 0.000611 0.014571 0.000291
v 0.000318 0.014531 0.000413
v 0.000329 0.014577 0.000405
v 0.000609 0.014514 0.000316
v 0.000322 0.014510 0.000346
v 0.000594 0.014470 0.000260
v 0.000660 0.014531 0.000251
v 0.000669 0.014462 0.000257
v 0.000625 0.014436 0.000235
v 0.000226 0.014476 0.000365
v 0.000265 0.014542 0.000404
v 0.000219 0.014503 0.000396
v 0.000189 0.014466 0.000387
v 0.000607 0.014368 0.000213
v 0.000674 0.014425 0.000199
v 0.000645 0.014389 0.000208
v 0.000739 0.014437 0.000146
v 0.000571 0.014311 0.000195
v -0.000364 0.014376 0.000290
v -0.000431 0.014371 0.000273
v -0.000341 0.014268 0.000216
v -0.000317 0.014412 0.000306
v -0.000582 0.014240 0.000119
v -0.000504 0.014383 0.000253
v -0.000221 0.014337 0.000231
v -0.000289 0.014464 0.000319
v -0.000569 0.014404 0.000229
v -0.000280 0.014518 0.000330
v -0.000656 0.014308 0.000129
v -0.000615 0.014433 0.000211
v -0.000175 0.014514 0.000263
v -0.000291 0.014568 0.000340
v -0.000644 0.014473 0.000203
v -0.000321 0.014609 0.000346
v -0.000702 0.014401 0.000139
v -0.000667 0.014523 0.000204
v -0.000245 0.014646 0.000274
v -0.000387 0.014653 0.000345
v -0.000719 0.014519 0.000155
v -0.000678 0.014572 0.000213
v -0.000700 0.014627 0.000139
v -0.000672 0.014636 0.000237
v -0.000397 0.014716 0.000259
v -0.000510 0.014679 0.000311
v -0.000629 0.014712 0.000177
v -0.000600 0.014676 0.000282
v -0.000557 0.014723 0.000233
v -0.000528 0.014749 0.000172
v -0.000277 0.014697 0.000196
v -0.000139 0.014566 0.000196
v -0.000139 0.014351 0.000177
v -0.000406 0.014192 0.000132
v -0.000241 0.014225 0.000148
v -0.000639 0.014286 0.000072
v -0.000503 0.014236 0.000072
v -0.000333 0.014230 0.000077
v -0.000212 0.014297 0.000091
v -0.000713 0.014397 0.000088
v -0.000162 0.014455 0.000114
v -0.000732 0.014501 0.000081
v -0.000231 0.014577 0.000102
v -0.000645 0.014660 0.000086
v -0.000311 0.014658 0.000118
v -0.000541 0.014715 0.000113
v -0.000683 0.014587 0.000067
v -0.000498 0.014633 0.000060
v -0.000357 0.014563 0.000042
v -0.000466 0.014540 0.000030
v -0.000693 0.014416 0.000048
v -0.000646 0.014338 0.000044
v -0.000269 0.014474 0.000049
v -0.000379 0.014311 0.000031
v -0.000386 0.014403 0.000015
v -0.000282 0.014329 0.000047
v 0.000265 0.014285 0.000288
v 0.000213 0.014187 0.000214
v 0.000327 0.014261 0.000270
v 0.000230 0.014333 0.000304
v 0.000409 0.014085 0.000115
v 0.000400 0.014252 0.000249
v 0.000115 0.014287 0.000229
v 0.000218 0.014390 0.000317
v 0.000469 0.014253 0.000225
v 0.000224 0.014445 0.000329
v 0.000521 0.014135 0.000123
v 0.000520 0.014268 0.000207
v 0.000123 0.014469 0.000263
v 0.000249 0.014489 0.000338
v 0.000560 0.014298 0.000198
v 0.000290 0.014520 0.000343
v 0.000594 0.014213 0.000135
v 0.000596 0.014339 0.000200
v 0.000194 0.014559 0.000267
v 0.000367 0.014544 0.000342
v 0.000656 0.014298 0.000118
v 0.000621 0.014383 0.000209
v 0.000308 0.014599 0.000268
v 0.000657 0.014428 0.000131
v 0.000635 0.014444 0.000231
v 0.000491 0.014534 0.000308
v 0.000614 0.014531 0.000172
v 0.000495 0.014586 0.000233
v 0.000575 0.014506 0.000278
v 0.000567 0.014575 0.000180
v 0.000455 0.014610 0.000177
v 0.000272 0.014617 0.000194
v 0.000103 0.014533 0.000195
v 0.000041 0.014328 0.000177
v 0.000077 0.014215 0.000153
v 0.000167 0.014127 0.000138
v 0.000501 0.014120 0.000068
v 0.000355 0.014111 0.000068
v 0.000190 0.014155 0.000075
v 0.000096 0.014253 0.000090
v 0.000603 0.014205 0.000083
v 0.000094 0.014420 0.000112
v 0.000197 0.014514 0.000098
v 0.000613 0.014477 0.000083
v 0.000297 0.014571 0.000115
v 0.000530 0.014560 0.000110
v 0.000629 0.014396 0.000062
v 0.000469 0.014492 0.000057
v 0.000310 0.014466 0.000040
v 0.000627 0.014265 0.000058
v 0.000407 0.014412 0.000027
v 0.000542 0.014192 0.000033
v 0.000196 0.014401 0.000048
v 0.000260 0.014218 0.000028
v 0.000273 0.014300 0.000015
v 0.000171 0.014263 0.000045
v -0.000410 0.014636 0.000298
v -0.000394 0.014623 0.000303
v -0.000430 0.014638 0.000296
v -0.000395 0.014608 0.000303
v -0.000443 0.014615 0.000290
v -0.000438 0.014628 0.000290
v -0.000407 0.014597 0.000296
v -0.000421 0.014594 0.000296
v -0.000434 0.014601 0.000290
v 0.000416 0.014517 0.000293
v 0.000431 0.014506 0.000291
v 0.000401 0.014498 0.000299
v 0.000435 0.014489 0.000292
v 0.000399 0.014516 0.000290
v 0.000385 0.014504 0.000290
v 0.000419 0.014476 0.000288
v 0.000386 0.014488 0.000290
v 0.000400 0.014475 0.000290
v -0.000573 0.014574 0.000243
v -0.000555 0.014614 0.000250
v -0.000571 0.014537 0.000229
v -0.000515 0.014667 0.000274
v -0.000565 0.014477 0.000223
v -0.000467 0.014685 0.000286
v -0.000545 0.014440 0.000216
v -0.000404 0.014680 0.000298
v -0.000520 0.014395 0.000218
v -0.000483 0.014364 0.000223
v -0.000333 0.014623 0.000305
v -0.000447 0.014357 0.000229
v -0.000306 0.014551 0.000295
v -0.000388 0.014373 0.000247
v -0.000342 0.014434 0.000276
v -0.000328 0.014449 0.000272
v -0.000313 0.014544 0.000306
v -0.000405 0.014365 0.000249
v -0.000357 0.014645 0.000317
v -0.000431 0.014679 0.000302
v -0.000512 0.014665 0.000281
v -0.000414 0.014556 0.000240
v -0.000402 0.014506 0.000233
v 0.000520 0.014453 0.000250
v 0.000521 0.014403 0.000237
v 0.000507 0.014497 0.000262
v 0.000502 0.014355 0.000225
v 0.000484 0.014525 0.000279
v 0.000473 0.014539 0.000277
v 0.000473 0.014308 0.000216
v 0.000425 0.014558 0.000287
v 0.000442 0.014276 0.000215
v 0.000403 0.014248 0.000216
v 0.000345 0.014555 0.000301
v 0.000389 0.014560 0.000306
v 0.000356 0.014236 0.000223
v 0.000310 0.014254 0.000234
v 0.000297 0.014513 0.000313
v 0.000270 0.014488 0.000296
v 0.000265 0.014309 0.000255
v 0.000247 0.014407 0.000280
v 0.000268 0.014318 0.000266
v 0.000256 0.014425 0.000295
v 0.000320 0.014248 0.000240
v 0.000346 0.014397 0.000228
v 0.000350 0.014443 0.000240
v 0.000304 0.014817 0.000508
v 0.000330 0.014833 0.000499
v 0.000380 0.014829 0.000479
v 0.000409 0.014850 0.000469
v 0.000506 0.014852 0.000426
v 0.000482 0.014837 0.000434
v 0.000556 0.014829 0.000393
v 0.000559 0.014842 0.000393
v 0.000622 0.014816 0.000349
v 0.000654 0.014796 0.000332
v -0.000249 0.014898 0.000510
v -0.000265 0.014916 0.000505
v -0.000301 0.014924 0.000487
v -0.000305 0.014941 0.000487
v -0.000401 0.014963 0.000445
v -0.000382 0.014975 0.000454
v -0.000465 0.014978 0.000410
v -0.000464 0.014993 0.000410
v -0.000509 0.014981 0.000384
v -0.000500 0.014994 0.000388
v -0.000564 0.014985 0.000348
v -0.000592 0.014976 0.000339
vn -0.0513 -0.8500 -0.5242
vn 0.8945 -0.4469 -0.0047
vn 0.7445 0.0346 -0.6667
vn -0.1352 -0.9843 -0.1132
vn 0.6139 -0.1231 -0.7797
vn 0.8347 0.0349 -0.5496
vn 0.8330 0.0987 -0.5444
vn 0.7438 0.1386 -0.6538
vn 0.7531 0.2508 -0.6082
vn 0.8432 0.1645 -0.5119
vn 0.8655 0.2114 -0.4541
vn 0.8350 0.2570 -0.4865
vn 0.8644 0.3722 -0.3381
vn 0.8954 0.2301 -0.3813
vn 0.9315 0.2251 -0.2857
vn 0.9305 0.1890 -0.3137
vn 0.9193 0.3212 -0.2275
vn 0.8106 0.3315 -0.4827
vn 0.8675 0.4303 -0.2494
vn 0.8117 0.4029 -0.4229
vn 0.7993 -0.3149 0.5118
vn 0.8224 0.5155 -0.2406
vn 0.7634 -0.3455 0.5457
vn -0.5371 -0.5073 0.6739
vn 0.7731 0.5991 -0.2082
vn 0.7552 -0.2784 0.5934
vn 0.5842 0.7015 -0.4081
vn 0.6709 0.7198 -0.1783
vn 0.7931 0.1862 0.5799
vn 0.5959 0.7886 -0.1517
vn 0.4766 0.8741 -0.0936
vn -0.7495 -0.5988 0.2823
vn 0.5234 0.8457 -0.1039
vn -0.2673 -0.5040 0.8213
vn -0.3899 -0.5968 0.7012
vn 0.3599 0.9205 -0.1520
vn 0.3513 0.9277 -0.1262
vn 0.1395 0.9695 -0.2015
vn -0.1914 0.8373 -0.5122
vn 0.1366 0.9816 -0.1333
vn 0.0517 0.9735 -0.2229
vn -0.3780 0.0318 -0.9253
vn -0.1082 0.9862 -0.1251
vn -0.1107 0.9710 -0.2120
vn 0.1572 -0.6116 0.7754
vn -0.2301 0.9684 -0.0961
vn -0.2569 0.9495 -0.1800
vn 0.1270 -0.5442 0.8293
vn 0.5036 -0.7884 0.3533
vn -0.3451 0.9271 -0.1460
vn -0.8052 0.4237 0.4149
vn -0.4305 0.8824 -0.1900
vn -0.9963 -0.0499 0.0701
vn -0.5682 0.8183 -0.0867
vn -0.9353 -0.3532 0.0228
vn -0.5633 0.8031 -0.1941
vn -0.6655 0.4823 0.5697
vn -0.5977 0.6676 -0.4439
vn -0.6586 0.7286 -0.1882
vn -0.5842 0.7083 -0.3964
vn -0.7218 0.6515 -0.2335
vn -0.6653 0.6371 -0.3893
vn -0.6617 0.6100 -0.4359
vn -0.6654 0.5140 -0.5413
vn -0.6929 0.5361 -0.4822
vn -0.7893 0.5725 -0.2218
vn -0.7303 0.4853 -0.4808
vn -0.8326 0.4796 -0.2769
vn -0.7981 0.4718 -0.3749
vn -0.8404 0.4463 -0.3074
vn -0.7730 0.4498 -0.4474
vn -0.6547 0.4554 -0.6032
vn -0.7650 0.3982 -0.5061
vn -0.7742 0.3323 -0.5387
vn -0.6782 0.3453 -0.6487
vn -0.7091 0.2443 -0.6614
vn -0.7949 0.2728 -0.5419
vn -0.5797 0.0480 -0.8134
vn -0.9837 -0.1797 0.0028
vn -0.3154 -0.2164 -0.9240
vn -0.6291 0.0531 -0.7755
vn -0.6472 -0.1831 -0.7400
vn -0.8534 -0.0410 -0.5196
vn -0.2533 -0.6104 -0.7505
vn -0.9049 -0.0535 -0.4222
vn -0.9235 -0.2135 -0.3188
vn -0.9345 -0.0724 -0.3485
vn -0.5589 -0.2414 -0.7933
vn -0.6671 -0.5424 -0.5107
vn -0.8051 -0.4912 -0.3325
vn -0.6033 -0.7185 -0.3462
vn -0.5251 -0.0586 -0.8490
vn 0.5122 0.1156 0.8511
vn -0.4989 -0.8386 -0.2187
vn -0.4772 -0.7902 -0.3845
vn 0.0332 -0.9698 -0.2415
vn 0.4943 0.5180 0.6982
vn 0.3296 0.1686 0.9290
vn 0.0548 -0.2400 -0.9692
vn 0.1924 0.2045 0.9598
vn 0.2127 -0.9107 -0.3542
vn 0.3650 -0.8878 -0.2805
vn 0.4100 -0.9007 -0.1433
vn 0.3972 -0.9007 -0.1760
vn 0.7414 -0.4419 -0.5050
vn -0.3242 0.6483 0.6890
vn -0.4480 0.2583 0.8559
vn 0.3102 -0.3851 -0.8692
vn 0.3400 -0.9385 0.0600
vn 0.7993 -0.2863 -0.5283
vn -0.0074 -0.8397 -0.5430
vn -0.1395 -0.9194 -0.3677
vn 0.8865 -0.2415 -0.3946
vn 0.8678 -0.4180 -0.2688
vn 0.8728 -0.3351 -0.3549
vn 0.4321 -0.9015 -0.0262
vn -0.0334 -0.9250 -0.3784
vn 0.3167 -0.9407 -0.1215
vn 0.6524 -0.7380 0.1724
vn -0.3118 -0.8642 -0.3949
vn -0.0863 -0.9442 -0.3179
vn -0.2719 -0.7726 -0.5737
vn 0.0083 -0.9859 -0.1670
vn 0.1788 -0.9835 0.0274
vn 0.0349 -0.9254 -0.3773
vn -0.0714 -0.9758 -0.2066
vn 0.0637 -0.9896 -0.1292
vn 0.4915 -0.8673 0.0787
vn 0.3047 -0.5159 -0.8006
vn 0.2140 -0.4923 -0.8437
vn 0.0377 -0.4270 -0.9035
vn -0.0596 -0.4068 -0.9116
vn -0.1750 -0.3661 -0.9140
vn 0.6721 0.4751 -0.5680
vn -0.2815 -0.4598 -0.8422
vn -0.3623 -0.4615 -0.8098
vn -0.5897 -0.7942 0.1469
vn -0.3563 -0.9325 0.0596
vn -0.4089 -0.9121 0.0295
vn -0.4074 -0.6604 -0.6308
vn -0.2853 -0.7525 -0.5936
vn -0.2252 -0.9412 -0.2517
vn -0.0576 -0.2753 0.9596
vn -0.1027 -0.2591 0.9604
vn 0.3096 -0.4168 0.8547
vn 0.0511 -0.9372 0.3451
vn -0.0821 -0.8015 0.5924
vn 0.6863 0.2358 0.6881
vn 0.7521 -0.6258 0.2067
vn -0.0881 -0.5286 0.8443
vn 0.7030 -0.6988 0.1319
vn 0.0374 -0.5083 0.8603
vn -0.4144 -0.3187 0.8525
vn -0.1367 -0.8143 0.5642
vn -0.6952 0.1224 -0.7083
vn -0.9524 0.1070 0.2854
vn -0.6783 0.0364 0.7339
vn 0.4151 -0.5942 0.6889
vn 0.3959 0.9056 -0.1522
vn -0.6606 0.5852 0.4704
vn -0.3675 0.8770 0.3095
vn 0.1037 0.7514 -0.6516
vn -0.0056 0.3913 0.9202
vn -0.4062 0.7972 0.4466
vn 0.3057 0.1886 -0.9333
vn -0.4558 0.7906 -0.4089
vn 0.0274 0.5805 -0.8138
vn 0.1039 0.9875 0.1187
vn -0.6037 0.1291 0.7867
vn -0.5780 0.0434 0.8149
vn -0.7682 -0.5554 0.3185
vn 0.5582 0.7526 0.3492
vn 0.7584 0.4546 -0.4671
vn -0.1558 0.8611 -0.4840
vn -0.0956 0.6758 -0.7308
vn -0.1791 0.8327 -0.5240
vn -0.1348 0.9906 -0.0230
vn 0.2015 -0.4891 0.8486
vn 0.6856 -0.2126 -0.6962
vn 0.7636 -0.0187 0.6454
vn 0.1413 -0.5423 0.8282
vn -0.4489 0.7974 0.4033
vn -0.9508 0.2914 0.1056
vn -0.6738 0.7356 -0.0701
vn -0.7975 0.6021 -0.0376
vn -0.8846 0.3541 0.3036
vn -0.0987 -0.1783 0.9790
vn 0.2257 0.6135 -0.7568
vn -0.4457 -0.3702 0.8150
vn 0.4037 0.7482 -0.5265
vn 0.3134 0.8035 -0.5061
vn -0.2420 -0.7485 0.6173
vn -0.0386 -0.9740 -0.2230
vn -0.2035 -0.2397 0.9493
vn 0.0508 -0.9916 0.1193
vn -0.1723 -0.7361 0.6546
vn -0.1192 0.6927 -0.7113
vn -0.9963 0.0286 0.0804
vn 0.3146 0.8041 -0.5044
vn -0.4199 -0.7906 0.4456
vn 0.6859 -0.2031 0.6988
vn -0.0686 -0.7319 0.6779
vn 0.1177 -0.5514 0.8259
vn -0.1100 0.8659 -0.4880
vn 0.3406 0.6005 -0.7234
vn -0.3436 -0.9387 -0.0288
vn -0.1133 0.0810 0.9903
vn -0.0062 -0.8950 0.4461
vn 0.7129 0.2799 0.6430
vn -0.0387 -0.3762 0.9257
vn -0.4884 -0.2593 0.8332
vn -0.6550 -0.5728 0.4929
vn -0.8365 -0.1171 0.5353
vn -0.0643 -0.1617 0.9848
vn -0.5584 -0.3477 0.7532
vn 0.4505 0.0107 0.8927
vn -0.4267 -0.3223 0.8450
vn 0.4760 -0.6337 0.6098
vn 0.4473 -0.1955 0.8728
vn -0.0410 0.4732 0.8800
vn 0.0636 -0.4952 0.8664
vn -0.2357 -0.4263 0.8733
vn -0.4690 -0.3758 0.7993
vn -0.1658 -0.7088 0.6857
vn -0.0846 -0.0896 0.9924
vn 0.1017 -0.1099 0.9887
vn 0.2236 -0.6297 0.7439
vn -0.0636 -0.7539 0.6539
vn -0.4210 -0.6248 0.6576
vn -0.6461 -0.1314 0.7519
vn -0.5628 -0.1809 0.8066
vn -0.5475 -0.0372 0.8360
vn 0.2395 -0.8264 0.5096
vn 0.3696 0.0166 0.9291
vn 0.4616 -0.2353 0.8553
vn 0.5393 -0.5463 0.6409
vn 0.3630 -0.6987 0.6164
vn 0.7249 -0.3193 0.6103
vn 0.4008 0.0093 0.9161
vn 0.4854 0.3072 0.8185
vn -0.5952 0.4141 0.6887
vn 0.0645 -0.6560 0.7520
vn 0.1635 -0.0439 0.9856
vn -0.7519 0.6392 0.1615
vn 0.7082 0.2946 0.6416
vn 0.5537 -0.0142 0.8326
vn 0.6497 0.0333 0.7594
vn 0.7220 -0.1535 0.6746
vn 0.6769 0.3680 0.6375
vn 0.7884 0.0163 0.6149
vn -0.0741 -0.9445 0.3202
vn 0.1387 -0.8500 0.5082
vn 0.6086 -0.7854 0.1131
vn 0.8662 -0.3170 0.3863
vn 0.9819 -0.0119 0.1892
vn 0.8912 -0.1247 0.4361
vn 0.9528 -0.2996 0.0498
vn -0.1971 0.7161 0.6696
vn 0.3410 0.4306 0.8356
vn -0.0452 0.5032 0.8630
vn 0.7557 0.1996 0.6237
vn 0.2100 0.4236 0.8811
vn 0.9947 -0.0962 0.0353
vn 0.0327 0.4984 0.8663
vn 0.3388 0.5907 0.7323
vn 0.7671 0.5024 0.3988
vn 0.0861 0.5037 0.8596
vn -0.2933 0.3587 0.8862
vn -0.7076 0.4048 0.5791
vn -0.0926 0.5106 0.8548
vn 0.2806 0.6503 0.7060
vn -0.7967 0.3569 0.4878
vn 0.9394 -0.3416 0.0281
vn -0.2444 0.6479 0.7214
vn 0.2805 0.5840 0.7618
vn -0.0293 0.7574 0.6523
vn -0.3687 0.7530 0.5450
vn -0.1977 0.6890 0.6972
vn 0.1943 0.5430 0.8169
vn -0.9452 -0.2917 -0.1470
vn -0.3791 0.5091 0.7727
vn -0.2306 0.2058 0.9510
vn -0.4976 0.4493 0.7420
vn -0.4635 0.0860 0.8819
vn -0.5951 0.3875 0.7040
vn -0.7236 -0.0956 0.6836
vn -0.2046 -0.6723 0.7114
vn -0.5697 0.6579 0.4925
vn -0.6512 0.6246 0.4311
vn -0.4980 -0.6907 0.5243
vn -0.6029 -0.7167 0.3505
vn -0.9545 -0.2109 0.2109
vn -0.8766 0.1555 0.4555
vn -0.9645 -0.0116 0.2637
vn 0.5943 0.3181 0.7387
vn 0.2460 -0.7945 0.5552
vn 0.1441 0.3663 0.9193
vn -0.3166 0.7828 0.5358
vn -0.1284 0.8300 0.5429
vn -0.0268 0.7880 0.6151
vn -0.1972 0.7664 0.6113
vn -0.0082 0.8148 0.5797
vn 0.2753 0.7778 0.5650
vn 0.0132 0.6351 0.7724
vn 0.0126 0.6769 0.7360
vn -0.3470 0.8388 0.4195
vn -0.1508 0.8447 0.5136
vn -0.4129 0.8631 0.2908
vn -0.1788 0.6644 0.7257
vn 0.0170 0.8947 0.4463
vn -0.1787 0.8675 0.4642
vn -0.4459 0.8929 0.0625
vn -0.1080 0.9127 0.3940
vn -0.8148 0.5309 -0.2327
vn 0.1530 0.7416 0.6532
vn 0.7045 -0.6576 0.2670
vn 0.3929 0.7320 0.5566
vn 0.4152 0.7524 0.5115
vn -0.3126 0.9497 -0.0161
vn 0.8973 -0.0969 0.4306
vn 0.1617 0.8345 0.5267
vn 0.5491 0.5697 0.6115
vn 0.3575 0.8331 0.4221
vn 0.5375 0.7647 0.3555
vn 0.1906 0.9185 0.3465
vn 0.6043 0.7385 0.2990
vn 0.6093 0.7387 0.2883
vn 0.6923 0.6981 0.1826
vn 0.8715 0.4800 0.1005
vn 0.8863 -0.4399 0.1447
vn 0.8183 -0.5732 0.0422
vn -0.4264 -0.8889 0.1673
vn 0.9221 0.3856 0.0320
vn 0.4365 0.8677 0.2378
vn -0.0474 0.7689 0.6376
vn 0.5497 0.8354 0.0035
vn 0.6285 0.7740 0.0769
vn 0.4958 0.8599 0.1215
vn 0.9889 0.0458 -0.1413
vn 0.0847 0.0322 0.9959
vn 0.6327 0.7733 0.0403
vn 0.4999 -0.5369 0.6796
vn 0.9537 0.0878 -0.2877
vn -0.4724 -0.2748 0.8374
vn 0.7766 0.5194 0.3566
vn 0.8756 0.4563 0.1584
vn 0.8345 -0.5334 -0.1383
vn 0.4714 -0.3962 0.7879
vn 0.9393 -0.3430 -0.0114
vn 0.1535 -0.9038 0.3994
vn 0.6995 -0.7145 0.0146
vn 0.7552 0.4404 0.4855
vn -0.1143 -0.5142 0.8500
vn 0.3170 -0.6443 0.6960
vn 0.4696 -0.6077 0.6405
vn 0.7183 -0.1899 0.6693
vn 0.5471 -0.7501 0.3714
vn 0.6597 0.5610 0.5000
vn 0.7752 0.2926 0.5599
vn 0.5062 0.5155 0.6914
vn 0.7652 0.1947 0.6137
vn 0.8352 0.0436 0.5482
vn 0.5544 0.5762 0.6005
vn 0.6537 0.4527 0.6063
vn 0.7005 0.1434 0.6991
vn 0.9620 -0.0441 0.2696
vn 0.0639 0.8200 0.5688
vn -0.0086 0.6226 0.7825
vn 0.9261 0.2601 0.2731
vn 0.8800 0.3056 0.3636
vn 0.6139 0.5378 -0.5779
vn 0.7226 -0.6615 -0.2008
vn 0.6204 -0.5225 0.5848
vn 0.7667 0.3877 0.5117
vn 0.8750 -0.2639 0.4058
vn 0.5700 0.3947 0.7207
vn 0.6479 0.7503 -0.1311
vn 0.4349 0.7180 0.5434
vn 0.5789 0.8146 -0.0369
vn 0.8867 -0.1148 0.4479
vn 0.5419 0.0379 0.8396
vn 0.6670 -0.7193 0.1943
vn 0.5863 0.8020 -0.1146
vn 0.7573 0.6364 -0.1467
vn 0.3752 0.9159 -0.1425
vn 0.2529 0.9591 -0.1274
vn 0.8495 0.4758 -0.2279
vn 0.6209 -0.7176 0.3155
vn 0.8757 0.4090 -0.2567
vn 0.9220 0.2820 -0.2654
vn -0.1023 0.9706 0.2177
vn 0.4125 -0.8300 0.3753
vn 0.1080 0.9820 -0.1548
vn 0.8618 0.0620 -0.5035
vn 0.9057 0.1623 -0.3917
vn 0.9662 0.2529 0.0497
vn 0.9608 0.0240 -0.2761
vn 0.9970 0.0723 -0.0283
vn 0.9759 -0.0266 -0.2164
vn 0.9748 -0.0828 -0.2072
vn 0.9638 -0.1883 -0.1887
vn 0.9639 -0.1389 -0.2273
vn 0.9408 -0.3377 0.0295
vn 0.9150 -0.2985 -0.2712
vn 0.8763 -0.4818 0.0079
vn 0.8788 -0.3357 -0.3391
vn 0.8532 -0.4340 -0.2892
vn 0.7701 -0.6351 -0.0598
vn 0.8193 -0.5691 -0.0696
vn 0.7363 -0.5603 -0.3794
vn 0.5532 -0.8279 -0.0930
vn 0.6794 -0.7327 0.0394
vn 0.3968 -0.9172 0.0355
vn 0.4370 -0.8352 0.3340
vn 0.1415 -0.9891 0.0414
vn 0.1850 -0.9724 0.1423
vn -0.6212 -0.7835 -0.0126
vn -0.3511 -0.9341 0.0653
vn 0.0746 -0.9923 0.0985
vn -0.7527 -0.6499 0.1050
vn -0.1532 -0.9750 -0.1608
vn -0.7358 -0.5507 0.3941
vn -0.8121 -0.4254 0.3994
vn -0.9502 -0.1578 0.2686
vn -0.8754 -0.4244 -0.2313
vn -0.9004 -0.3895 -0.1939
vn -0.9382 -0.2451 -0.2442
vn -0.9705 -0.2410 0.0052
vn -0.9455 -0.1642 -0.2812
vn -0.9378 -0.0784 -0.3383
vn -0.9928 0.1034 0.0600
vn -0.9961 -0.0711 0.0527
vn -0.9606 -0.0067 -0.2779
vn -0.9683 0.0652 -0.2411
vn -0.9700 0.1463 -0.1940
vn -0.9131 0.2282 -0.3380
vn -0.9685 0.1757 -0.1764
vn -0.7682 -0.1044 0.6317
vn -0.7225 -0.0058 0.6913
vn -0.9419 0.2557 -0.2177
vn -0.9183 0.2988 -0.2599
vn -0.8622 0.3125 0.3986
vn -0.8980 0.3956 -0.1928
vn -0.8125 0.5230 -0.2576
vn -0.8256 0.4145 -0.3828
vn -0.7995 0.5993 -0.0395
vn -0.6720 0.5478 0.4983
vn -0.7213 0.6495 -0.2406
vn -0.6754 0.7120 -0.1922
vn -0.5002 0.6334 0.5904
vn -0.8745 -0.4844 0.0267
vn -0.5191 0.0992 0.8489
vn -0.3353 0.7376 0.5861
vn -0.2130 0.8461 0.4887
vn -0.3348 0.6036 0.7235
vn -0.3288 0.9374 -0.1146
vn -0.3313 0.7428 0.5818
vn -0.0999 0.9944 -0.0356
vn -0.0793 0.9861 -0.1462
vn -0.0773 0.7839 0.6160
vn -0.2909 0.8676 0.4033
vn -0.7835 -0.5239 0.3342
vn -0.5452 0.7520 0.3706
vn 0.2087 0.4408 0.8730
vn -0.7825 -0.5568 0.2785
vn -0.9494 0.3133 0.0214
vn -0.3749 0.4169 0.8281
vn -0.3308 -0.8531 0.4034
vn -0.1730 -0.0275 0.9845
vn -0.2596 0.8091 0.5272
vn -0.6263 -0.7578 0.1830
vn -0.3670 0.1967 0.9092
vn -0.2701 -0.9240 0.2706
vn -0.7308 0.5100 0.4536
vn -0.7946 0.4993 0.3454
vn -0.7217 0.5172 0.4601
vn -0.6333 0.6790 0.3714
vn -0.7340 0.3852 0.5594
vn -0.6983 0.6647 0.2655
vn 0.3385 0.2936 0.8940
vn 0.1952 0.2344 0.9523
vn 0.0683 -0.4803 0.8745
vn -0.3643 0.6049 0.7081
vn -0.4449 0.6834 0.5788
vn -0.7770 0.6294 0.0077
vn -0.8317 0.3682 0.4156
vn -0.6966 0.6025 0.3895
vn -0.7608 0.4312 0.4851
vn -0.7859 -0.1113 -0.6083
vn -0.8967 -0.0170 -0.4424
vn -0.9011 0.1715 -0.3982
vn -0.9384 -0.3218 0.1259
vn -0.9279 0.3285 0.1762
vn -0.8589 -0.1853 -0.4775
vn -0.9374 0.1452 -0.3166
vn -0.2363 0.6633 -0.7101
vn -0.8351 -0.4306 -0.3424
vn -0.9874 0.1251 -0.0968
vn -0.8068 0.2510 -0.5349
vn -0.2531 -0.1312 -0.9585
vn -0.9338 0.2446 -0.2612
vn -0.9459 0.2307 -0.2284
vn -0.6739 -0.4454 -0.5895
vn 0.7061 0.7004 0.1041
vn -0.8283 0.3666 -0.4238
vn -0.7314 -0.1009 -0.6744
vn -0.8475 0.3631 -0.3871
vn -0.8897 0.3040 -0.3406
vn 0.0377 0.8271 -0.5607
vn -0.7802 0.5750 -0.2464
vn -0.8435 0.5369 0.0136
vn -0.8151 0.2742 -0.5104
vn -0.4742 0.8803 0.0175
vn -0.9235 -0.3789 -0.0598
vn -0.5030 0.7123 0.4895
vn -0.8896 -0.3894 -0.2388
vn -0.1785 0.9400 0.2908
vn -0.2949 -0.4092 0.8635
vn -0.8069 0.3323 -0.4883
vn -0.9256 0.3555 -0.1301
vn -0.4464 -0.3292 0.8321
vn -0.7815 0.2609 0.5667
vn -0.6962 -0.3061 0.6493
vn -0.4775 -0.5950 0.6466
vn -0.8967 0.0226 -0.4421
vn -0.6847 -0.3449 -0.6421
vn -0.6976 -0.3194 -0.6414
vn -0.9133 0.3913 0.1126
vn -0.7310 -0.6523 -0.2005
vn -0.9198 -0.3811 0.0937
vn -0.9305 0.3591 0.0718
vn -0.7248 0.6570 0.2073
vn -0.9502 0.1692 -0.2619
vn -0.1790 0.9168 -0.3570
vn -0.9032 0.0219 0.4286
vn -0.3993 -0.5305 0.7477
vn -0.7865 0.3406 -0.5152
vn -0.7583 -0.0992 -0.6444
vn -0.6756 0.0286 -0.7367
vn -0.5335 -0.0727 -0.8427
vn 0.9180 -0.3378 -0.2078
vn 0.7772 -0.5252 0.3467
vn 0.8981 -0.3291 0.2918
vn 0.8743 -0.1459 -0.4630
vn 0.5373 -0.7550 0.3759
vn 0.9100 -0.1193 -0.3970
vn 0.9266 -0.1261 -0.3543
vn 0.6336 -0.7072 -0.3137
vn 0.8096 0.1971 -0.5528
vn 0.8312 0.0169 -0.5558
vn 0.9727 -0.0998 -0.2094
vn 0.9511 0.3043 -0.0521
vn 0.9585 -0.0427 -0.2819
vn 0.4800 -0.1777 -0.8591
vn 0.4013 -0.7086 -0.5804
vn 0.8967 0.1080 -0.4293
vn -0.5104 0.8565 0.0760
vn 0.5655 -0.4085 -0.7164
vn 0.9147 0.1130 -0.3880
vn -0.5920 -0.7484 -0.2990
vn 0.5710 0.5603 -0.6000
vn 0.9490 0.1222 -0.2905
vn 0.8546 -0.2526 -0.4537
vn 0.5676 0.1479 -0.8099
vn 0.9786 -0.0353 -0.2029
vn 0.0495 -0.9985 -0.0217
vn 0.4082 -0.8356 0.3676
vn -0.3938 -0.7110 0.5826
vn -0.3971 -0.5533 0.7322
vn -0.1254 -0.0650 0.9900
vn 0.5740 0.8178 0.0419
vn 0.7481 0.0100 -0.6635
vn 0.7907 -0.2484 -0.5595
vn 0.9521 0.1138 -0.2839
vn 0.9666 0.2524 0.0445
vn -0.4464 -0.5589 0.6988
vn 0.7838 -0.5698 0.2471
vn -0.2725 -0.9422 0.1952
vn 0.5716 -0.1562 -0.8055
vn 0.8820 0.3088 0.3561
vn 0.6464 -0.2197 -0.7307
vn 0.8490 -0.0377 -0.5270
vn 0.8246 -0.2297 -0.5170
vn 0.8166 -0.4311 -0.3839
vn 0.8414 -0.4487 -0.3012
vn 0.9255 0.3704 0.0790
vn -0.4250 -0.5517 -0.7176
vn 0.8725 -0.4829 0.0746
vn 0.6769 0.5629 -0.4742
vn 0.2607 -0.9385 0.2265
vn -0.0965 -0.9436 0.3167
vn 0.7173 0.2275 -0.6586
vn 0.6948 -0.7026 0.1534
vn 0.6978 0.2642 0.6658
vn 0.2624 0.0134 0.9649
vn -0.0270 -0.1283 0.9914
vn -0.1000 -0.0628 0.9930
vn -0.0976 0.0060 0.9952
vn 0.0855 0.1539 0.9844
vn -0.2554 0.4206 0.8705
vn 0.0062 0.4713 0.8819
vn -0.1903 0.8597 0.4740
vn 0.1673 -0.3832 0.9084
vn 0.2753 -0.3162 0.9079
vn 0.1117 -0.3231 0.9397
vn -0.4025 -0.1807 0.8974
vn -0.8387 -0.2021 0.5056
vn -0.2137 -0.7173 0.6632
vn -0.2493 -0.1912 0.9494
vn -0.3832 0.0328 0.9231
vn -0.0917 -0.0162 0.9957
vn -0.0400 -0.3442 0.9381
vn 0.9115 0.0077 0.4112
vn -0.0618 -0.1364 0.9887
vn 0.2680 -0.9205 0.2842
vn 0.1843 -0.2565 0.9488
vn 0.3719 -0.0496 0.9270
vn 0.3363 -0.2988 0.8931
vn 0.6642 -0.4435 0.6017
vn -0.1453 -0.6524 0.7438
vn 0.2339 0.2952 -0.9264
vn -0.2212 -0.4366 0.8721
vn -0.1660 -0.3784 0.9106
vn 0.8183 -0.3038 -0.4879
vn -0.0697 -0.9971 0.0307
vn -0.3770 -0.9099 -0.1729
vn -0.2532 -0.1252 -0.9593
vn -0.1844 0.3592 -0.9149
vn -0.3309 -0.3179 0.8885
vn -0.1617 0.5669 -0.8078
vn -0.0855 0.6395 -0.7640
vn 0.1335 -0.7803 0.6110
vn -0.0803 0.5791 -0.8113
vn -0.1282 -0.7651 0.6311
vn -0.3263 0.8210 -0.4685
vn -0.3866 0.7131 -0.5848
vn 0.3406 0.6774 -0.6520
vn 0.5144 -0.3318 -0.7908
vn -0.2393 -0.8166 0.5252
vn -0.3561 -0.6341 0.6864
vn -0.3531 -0.7532 0.5549
vn -0.9273 0.2065 0.3122
vn -0.6898 0.2608 0.6754
vn -0.0019 -0.7437 0.6685
vn -0.1948 0.9168 -0.3486
vn -0.2226 0.6689 0.7092
vn 0.0625 0.7053 0.7061
vn -0.6284 0.1393 0.7653
vn -0.5539 0.8071 -0.2044
vn -0.3777 -0.6920 0.6152
vn -0.2225 0.6668 0.7112
vn 0.1746 0.6791 -0.7130
vn 0.1994 0.8745 -0.4422
vn -0.4470 0.7363 0.5080
vn 0.1811 0.9577 -0.2237
vn 0.3804 0.4674 -0.7980
vn 0.6039 0.1898 0.7741
vn 0.5951 0.3653 0.7158
vn 0.4573 0.3838 -0.8022
vn 0.7609 0.1472 0.6320
vn -0.1107 0.0110 0.9938
vn 0.4862 -0.4551 0.7460
vn 0.3097 -0.6640 -0.6806
vn -0.1710 -0.0209 0.9850
vn -0.1644 0.2143 0.9628
vn 0.5441 0.6107 0.5754
vn -0.2513 0.0203 0.9677
vn -0.2771 -0.0643 0.9587
vn -0.3597 0.0805 0.9296
vn 0.1208 -0.3781 0.9179
vn 0.1807 -0.0930 0.9791
vn -0.3121 0.7430 0.5921
vn 0.2174 -0.4142 0.8838
vn 0.0562 -0.3555 0.9330
vn 0.2890 -0.5524 0.7818
vn 0.4086 -0.4735 0.7803
vn -0.3065 -0.9090 0.2825
vn 0.9230 0.1137 0.3676
vn 0.9154 0.2016 0.3484
vn -0.2997 0.4618 0.8348
vn -0.6227 -0.3657 0.6918
vn 0.8840 0.2638 0.3860
vn 0.9739 0.1670 0.1537
vn 0.1477 -0.4606 0.8752
vn 0.5797 0.5843 0.5679
vn 0.8748 0.3293 0.3554
vn 0.8461 0.3554 0.3972
vn 0.8177 0.4195 0.3943
vn 0.9005 0.3842 0.2038
vn 0.8041 0.3534 0.4781
vn 0.7855 0.4562 0.4182
vn 0.7642 0.5096 0.3952
vn 0.8090 0.4186 0.4128
vn 0.7179 0.4862 0.4983
vn 0.7693 0.4269 0.4752
vn 0.7239 0.4211 0.5465
vn 0.6896 0.4885 0.5346
vn 0.6708 0.4953 0.5520
vn 0.6396 0.5284 0.5583
vn 0.6143 0.5222 0.5916
vn 0.7094 0.4575 0.5361
vn 0.5666 0.5459 0.6172
vn 0.6403 0.4304 0.6362
vn 0.5792 0.4711 0.6652
vn 0.4883 0.5312 0.6923
vn 0.4465 0.5054 0.7384
vn 0.6454 -0.6729 0.3615
vn 0.7823 0.2358 0.5765
vn 0.6468 -0.3258 0.6896
vn 0.7955 0.2892 0.5324
vn 0.7895 0.4102 0.4566
vn 0.7379 0.6601 0.1406
vn 0.8408 0.3908 0.3747
vn 0.8754 0.3166 0.3653
vn 0.1752 0.5982 0.7820
vn -0.6974 -0.5753 0.4275
vn 0.8857 0.2608 0.3840
vn 0.5801 -0.8073 0.1084
vn 0.5656 0.5498 0.6147
vn -0.4723 -0.0679 0.8788
vn 0.5316 0.7036 0.4715
vn 0.8036 -0.2131 0.5557
vn -0.2790 0.9471 0.1586
vn -0.1979 -0.6805 0.7055
vn 0.7696 0.4314 0.4707
vn -0.1266 -0.6751 0.7268
vn 0.6150 0.7026 0.3579
vn -0.5957 0.6131 0.5189
vn 0.2315 0.0577 0.9711
vn 0.4250 0.3156 0.8484
vn -0.8041 0.4837 0.3457
vn -0.7690 0.5484 0.3285
vn -0.4979 0.7681 0.4026
vn 0.1815 0.3954 0.9004
vn -0.8663 0.4774 0.1472
vn -0.5736 0.6989 0.4272
vn -0.7345 0.5688 0.3702
vn -0.0856 0.6660 0.7410
vn -0.6809 0.6016 0.4177
vn -0.6348 0.6392 0.4341
vn -0.7365 0.5944 0.3229
vn -0.7683 0.5873 0.2546
vn -0.6960 0.5185 0.4967
vn -0.6683 0.5661 0.4826
vn -0.6308 0.6381 0.4414
vn -0.5519 0.6682 0.4989
vn -0.5473 0.7040 0.4527
vn -0.4859 0.7315 0.4783
vn 0.1787 0.1576 0.9712
vn -0.6969 0.1493 0.7015
vn -0.4258 0.7038 0.5686
vn -0.4235 0.6592 0.6213
vn -0.4529 0.6467 0.6137
vn -0.4490 0.5775 0.6818
vn -0.4733 0.5661 0.6749
vn -0.1122 0.5627 0.8190
vn -0.5492 0.7480 0.3727
vn -0.7943 0.3404 0.5031
vn -0.5866 0.6610 0.4680
vn -0.4697 0.8643 0.1800
vn -0.6975 0.1743 0.6950
vn -0.6558 0.1761 0.7341
vn 0.1653 0.0516 0.9849
vn -0.7161 0.5481 0.4322
vn -0.7677 0.5551 0.3202
vn -0.8452 -0.3457 -0.4076
vn -0.1363 0.6236 0.7698
vn -0.4303 0.6153 0.6604
vn -0.9487 -0.2963 0.1099
vn -0.3651 0.7146 0.5967
vn 0.5396 -0.3359 0.7720
vn -0.3211 0.8095 0.4915
vn -0.2816 -0.3472 0.8945
vn -0.7813 0.2371 0.5774
vn -0.8151 0.4411 0.3755
vn 0.6746 0.7324 -0.0922
vn -0.7837 0.1913 0.5910
vn 0.1438 -0.6501 0.7461
vn -0.6429 0.6275 0.4393
vn -0.6983 0.6379 0.3247
vn -0.7105 0.5323 0.4603
vn 0.4405 -0.1232 0.8892
vn -0.5582 0.7607 0.3313
vn -0.7988 -0.2628 0.5412
vn 0.6835 -0.3057 0.6628
vn 0.6765 0.1870 0.7123
vn 0.8071 0.2800 0.5199
vn 0.4812 0.8453 0.2322
vn 0.1023 0.8300 0.5483
vn -0.5659 0.5358 0.6266
vn -0.7717 -0.2012 0.6033
vn -0.5611 0.7352 0.3804
vn -0.8542 0.0123 0.5198
vn -0.8731 0.2385 0.4253
vn 0.7395 -0.2364 0.6303
vn -0.8705 0.3796 0.3133
vn -0.6718 0.5448 0.5019
vn -0.5745 0.6322 0.5199
vn -0.5370 0.6363 0.5539
vn -0.5273 0.7035 0.4765
vn -0.5815 0.6660 0.4673
vn -0.4684 0.6430 0.6059
vn -0.9902 0.0208 0.1378
vn -0.6568 0.6380 0.4019
vn -0.6906 0.5693 0.4460
vn -0.5230 0.5714 0.6324
vn -0.5142 0.5744 0.6370
vn -0.4308 0.6692 0.6054
vn 0.7559 -0.4720 -0.4537
vn -0.6829 0.6289 0.3717
vn -0.7307 0.6507 0.2065
vn -0.5287 0.7038 0.4744
vn -0.4610 0.6622 0.5907
vn -0.4510 0.5486 0.7040
vn -0.9949 0.0029 0.1005
vn -0.2056 0.6990 0.6850
vn -0.9279 0.3004 -0.2206
vn -0.8702 0.4298 0.2410
vn -0.7950 0.5208 0.3110
vn -0.6816 0.4150 0.6027
vn -0.6823 0.4486 0.5773
vn -0.4331 0.5705 0.6978
vn 0.7637 0.0672 0.6421
vn 0.7653 0.5169 0.3835
vn 0.3543 0.6161 0.7035
vn 0.7807 0.2872 0.5550
vn 0.9382 -0.1594 0.3072
vn 0.7734 -0.4902 0.4019
vn -0.1704 0.0820 0.9820
vn -0.1441 0.5506 0.8223
vn 0.7977 0.3755 0.4719
vn 0.8295 0.3751 0.4138
vn 0.7254 0.4653 0.5073
vn 0.6886 0.4280 0.5854
vn 0.7967 0.3490 0.4935
vn 0.6881 0.5527 0.4702
vn 0.6338 0.4841 0.6032
vn 0.7850 0.4340 0.4421
vn -0.0811 0.5729 0.8156
vn 0.6290 0.5458 0.5536
vn 0.7544 0.4399 0.4873
vn 0.6458 0.4329 0.6289
vn 0.3031 -0.5063 0.8073
vn 0.8278 0.4186 0.3734
vn 0.6497 0.5619 0.5120
vn 0.8835 0.3143 0.3473
vn 0.5996 0.5260 0.6032
vn 0.5437 0.4817 0.6873
vn 0.5836 0.3869 0.7140
vn 0.9688 -0.1508 0.1967
vn 0.3594 0.2541 0.8979
vn 0.9138 0.1923 0.3578
vn 0.9649 0.1337 0.2262
vn -0.1702 0.4317 0.8858
vn 0.7134 0.3677 0.5966
vn 0.7123 -0.6781 -0.1813
vn -0.6887 0.3648 0.6266
vn -0.5847 0.4331 0.6859
vn -0.5130 0.4870 0.7069
vn -0.5569 -0.1343 -0.8196
vn -0.7606 0.3592 0.5408
vn -0.2471 0.6082 0.7543
vn -0.4073 0.5463 0.7319
vn -0.8179 0.3337 0.4687
vn -0.4023 0.5899 0.7001
vn -0.6410 0.3939 0.6588
vn -0.8278 0.3746 0.4178
vn -0.2150 0.7678 0.6035
vn -0.3775 0.6529 0.6567
vn -0.8482 0.3923 0.3559
vn -0.4334 0.6232 0.6510
vn -0.7838 0.4635 0.4133
vn -0.8351 0.4438 0.3250
vn -0.3286 0.8056 0.4930
vn -0.4866 0.6153 0.6201
vn -0.7939 0.5053 0.3382
vn -0.8113 0.5144 0.2778
vn -0.6548 0.7556 0.0194
vn -0.9912 0.1320 -0.0003
vn -0.5040 0.7712 0.3889
vn -0.6524 0.6423 0.4023
vn -0.7569 0.6437 0.1126
vn -0.6682 0.5286 0.5235
vn -0.6251 0.7260 0.2866
vn -0.6876 0.6534 0.3168
vn 0.8448 0.1366 0.5173
vn -0.2708 0.7614 0.5890
vn -0.3055 0.6464 0.6992
vn -0.8546 0.1013 0.5094
vn -0.4424 0.8222 -0.3580
vn 0.1574 0.6936 0.7030
vn -0.9235 0.1542 0.3513
vn -0.5608 0.8041 -0.1972
vn -0.7497 0.5078 0.4244
vn -0.9216 0.3563 0.1542
vn -0.3170 0.7283 0.6075
vn -0.5592 0.6222 -0.5480
vn -0.1951 -0.6981 -0.6889
vn -0.4121 -0.4721 -0.7793
vn -0.2565 0.8333 0.4897
vn 0.9263 0.2347 -0.2949
vn -0.8133 0.3542 0.4616
vn -0.9846 0.0134 -0.1742
vn 0.2902 -0.6458 0.7062
vn 0.8219 0.0798 0.5640
vn -0.9053 -0.0227 0.4242
vn -0.0956 -0.3873 0.9170
vn -0.3359 -0.3699 0.8662
vn -0.7992 0.5690 0.1939
vn -0.9150 0.3358 0.2236
vn -0.8956 0.2860 0.3407
vn 0.7681 0.1535 0.6216
vn 0.7783 -0.0259 0.6274
vn 0.6888 0.2475 0.6814
vn 0.6351 0.3197 0.7032
vn 0.6570 0.0964 0.7477
vn 0.8368 0.1231 0.5335
vn -0.8251 -0.3267 -0.4609
vn 0.5549 0.4067 0.7258
vn 0.8816 0.0791 0.4653
vn 0.5622 0.4486 0.6948
vn 0.4849 0.1440 0.8626
vn 0.9031 0.1224 0.4117
vn 0.5006 0.3987 0.7684
vn 0.5511 0.5219 0.6511
vn 0.9279 0.1349 0.3477
vn 0.6085 0.5082 0.6095
vn 0.6126 0.2259 0.7574
vn 0.9413 0.1967 0.2742
vn 0.5207 0.6840 0.5109
vn 0.7027 0.4513 0.5500
vn 0.9416 0.3356 0.0275
vn 0.9398 0.2254 0.2570
vn 0.6260 0.5809 0.5202
vn 0.8863 0.4356 0.1575
vn 0.6919 0.4074 0.5962
vn 0.7530 0.4106 0.5142
vn 0.5772 0.7846 0.2264
vn 0.5366 0.4232 0.7300
vn 0.7685 0.3650 0.5255
vn 0.9053 0.4247 -0.0105
vn 0.8122 0.5828 0.0246
vn 0.6070 0.6763 0.4174
vn 0.4904 0.6807 0.5442
vn 0.9878 0.0647 -0.1417
vn 0.6115 0.2227 0.7592
vn 0.9412 -0.1701 0.2918
vn 0.9008 -0.1789 0.3956
vn 0.0661 0.9515 0.3005
vn 0.8950 0.4449 -0.0325
vn 0.8775 0.1119 0.4664
vn 0.9882 -0.0294 0.1504
vn 0.0429 0.2289 0.9725
vn -0.9531 -0.1901 0.2355
vn -0.5015 0.6169 -0.6066
vn 0.6317 0.6704 0.3892
vn -0.6535 0.7490 0.1093
vn -0.6420 -0.0525 -0.7649
vn 0.8814 -0.4021 -0.2478
vn -0.2501 0.1203 0.9607
vn 0.7748 0.6169 -0.1380
vn 0.4451 -0.7480 0.4923
vn 0.3611 -0.9319 0.0331
vn 0.9973 -0.0404 0.0611
vn 0.2855 0.9554 0.0751
vn -0.3719 0.8640 0.3393
vn 0.8824 0.3685 0.2925
vn -0.4948 -0.5506 0.6723
vn -0.8264 -0.0917 0.5556
vn -0.4194 0.5334 0.7346
vn -0.5528 0.7322 0.3979
vn 0.1341 -0.5536 0.8219
vn -0.6717 0.7171 0.1858
vn -0.1344 0.8241 0.5503
vn -0.3708 0.5049 0.7795
vn -0.5903 0.5510 0.5898
vn 0.2059 -0.4808 0.8523
vn -0.6821 0.0713 0.7278
vn 0.6527 0.2365 0.7198
vn -0.8552 0.4880 0.1746
vn -0.7776 -0.3933 0.4905
vn 0.7381 0.3732 0.5621
vn 0.8113 0.4408 0.3841
vn 0.6501 0.5852 0.4846
vn 0.5435 0.5868 0.6003
vn 0.3948 0.1452 0.9072
vn -0.6465 0.5127 0.5650
vn 0.4953 -0.7607 0.4197
vn -0.6813 0.6286 0.3750
vn -0.8066 0.5837 0.0935
vn 0.3920 0.6382 0.6626
vn -0.5884 0.3549 0.7265
vn -0.5827 0.3415 0.7375
vn -0.0289 0.9878 0.1528
vn -0.9200 0.3067 0.2439
vn -0.1720 0.7390 0.6514
vn -0.6248 0.2004 0.7547
vn -0.0834 0.9748 -0.2069
vn -0.3567 0.7801 0.5139
vn -0.7081 0.5329 0.4632
vn 0.3635 -0.9190 0.1528
vn -0.9117 0.2870 0.2941
vn -0.5356 0.0282 0.8440
vn 0.8529 0.0017 0.5220
vn -0.8155 0.3353 0.4717
vn 0.0686 -0.0827 0.9942
vn 0.3834 -0.1349 0.9137
vn -0.7295 0.4741 0.4929
vn 0.4766 0.2391 0.8460
vn -0.4292 0.5099 0.7455
vn -0.4357 0.5828 0.6859
vn 0.3676 0.1855 0.9113
vn 0.5915 0.3463 0.7281
vn -0.1668 0.7449 0.6460
vn 0.7616 0.2228 0.6085
vn -0.6626 0.4524 0.5969
vn 0.7954 0.3072 0.5225
vn -0.8473 0.2085 0.4885
vn 0.8360 0.1173 0.5360
vn 0.7889 0.4634 0.4035
vn 0.1461 0.8041 0.5763
vn -0.5554 0.4229 0.7160
vn 0.9194 -0.2256 0.3221
vn -0.6789 -0.5331 -0.5048
vn 0.4355 -0.6492 0.6237
vn 0.7828 0.4326 0.4473
vn -0.1331 -0.1784 0.9749
vn 0.9668 0.0090 0.2552
vn -0.0928 -0.9278 0.3613
vn -0.0867 0.5624 0.8223
vn 0.3337 -0.9302 0.1527
vn 0.9297 0.1970 0.3113
vn 0.5124 0.6503 0.5609
vn 0.7652 -0.5628 0.3125
vn 0.6930 -0.6843 0.2270
vn -0.1099 -0.8467 0.5206
vn 0.5778 0.6090 0.5434
vn 0.2843 0.6950 0.6604
vn 0.5633 -0.7904 0.2407
vn 0.6762 -0.5792 0.4552
vn -0.1048 0.4240 0.8996
vn -0.8720 0.4151 0.2594
vn -0.2942 0.6644 0.6871
vn -0.8550 0.4237 0.2990
vn 0.1692 0.6119 0.7726
vn -0.9779 -0.0455 0.2042
vn 0.1128 0.7072 0.6980
vn -0.9605 -0.2485 0.1253
vn -0.3816 0.8061 0.4524
vn 0.0089 0.7312 0.6821
vn -0.4037 0.8120 0.4216
vn -0.9766 0.1948 0.0912
vn 0.5271 0.4525 0.7193
vt 0.041039 0.102374
vt 0.053556 0.114306
vt 0.046562 0.112248
vt 0.043467 0.095451
vt 0.056836 0.102240
vt 0.038749 0.109559
vt 0.036801 0.115768
vt 0.045207 0.119012
vt 0.043189 0.126375
vt 0.034728 0.119793
vt 0.031396 0.122013
vt 0.034968 0.127477
vt 0.028368 0.133957
vt 0.026359 0.122779
vt 0.020738 0.126536
vt 0.021867 0.122289
vt 0.020383 0.132363
vt 0.035837 0.133043
vt 0.020662 0.142910
vt 0.035758 0.140679
vt 0.035318 0.151178
vt 0.020970 0.150912
vt 0.035251 0.163193
vt 0.035185 0.157310
vt 0.021935 0.161643
vt 0.036146 0.173861
vt 0.035714 0.168842
vt 0.027576 0.180156
vt 0.036288 0.177311
vt 0.031649 0.186545
vt 0.045324 0.188734
vt 0.042726 0.180606
vt 0.041190 0.194817
vt 0.051215 0.184151
vt 0.065537 0.188128
vt 0.062675 0.196009
vt 0.062219 0.205427
vt 0.081762 0.198749
vt 0.082989 0.189730
vt 0.086930 0.208955
vt 0.093087 0.198184
vt 0.091843 0.189299
vt 0.110400 0.203544
vt 0.107445 0.194851
vt 0.105057 0.186983
vt 0.127281 0.193722
vt 0.124319 0.186847
vt 0.119292 0.182168
vt 0.125128 0.179488
vt 0.137279 0.184597
vt 0.130281 0.176677
vt 0.141089 0.178377
vt 0.132598 0.175338
vt 0.132594 0.171915
vt 0.132999 0.166856
vt 0.146299 0.158298
vt 0.132975 0.158082
vt 0.139001 0.150094
vt 0.146768 0.148648
vt 0.132615 0.149425
vt 0.146779 0.140985
vt 0.132129 0.143293
vt 0.131583 0.137243
vt 0.138830 0.132060
vt 0.131412 0.131469
vt 0.146689 0.130292
vt 0.132106 0.125925
vt 0.146147 0.124549
vt 0.140475 0.121021
vt 0.144894 0.120392
vt 0.135481 0.120423
vt 0.123900 0.125056
vt 0.132133 0.118328
vt 0.130006 0.114400
vt 0.121761 0.117781
vt 0.120295 0.111111
vt 0.127971 0.108305
vt 0.125583 0.101235
vt 0.113425 0.113274
vt 0.123064 0.094397
vt 0.109911 0.101417
vt 0.107254 0.087558
vt 0.121735 0.088367
vt 0.116905 0.068130
vt 0.122881 0.083310
vt 0.123094 0.074595
vt 0.126047 0.079976
vt 0.120492 0.071399
vt 0.101955 0.071136
vt 0.110911 0.063823
vt 0.093483 0.054123
vt 0.094500 0.098718
vt 0.103733 0.104501
vt 0.090885 0.064161
vt 0.087914 0.051738
vt 0.093193 0.091914
vt 0.098246 0.106830
vt 0.093954 0.108017
vt 0.084428 0.097760
vt 0.087247 0.108822
vt 0.083630 0.109111
vt 0.079314 0.108959
vt 0.081512 0.094832
vt 0.073142 0.108479
vt 0.073716 0.095711
vt 0.068750 0.107395
vt 0.063143 0.105193
vt 0.060148 0.092505
vt 0.071632 0.090265
vt 0.044697 0.089387
vt 0.075505 0.088246
vt 0.045567 0.072367
vt 0.043458 0.084363
vt 0.043068 0.075691
vt 0.040239 0.081108
vt 0.064809 0.069374
vt 0.050027 0.068267
vt 0.070331 0.055331
vt 0.070145 0.082164
vt 0.077436 0.051926
vt 0.078749 0.062518
vt 0.082606 0.050890
vt 0.073557 0.073706
vt 0.071790 0.075954
vt 0.082683 0.070818
vt 0.078904 0.071274
vt 0.075967 0.072167
vt 0.070451 0.078956
vt 0.071296 0.084917
vt 0.073110 0.086902
vt 0.080008 0.089563
vt 0.083258 0.089892
vt 0.086481 0.089456
vt 0.091082 0.087962
vt 0.093291 0.086573
vt 0.095049 0.084541
vt 0.096131 0.081751
vt 0.095734 0.078557
vt 0.094299 0.075581
vt 0.092470 0.073393
vt 0.090065 0.071919
vt 0.086762 0.071029
vt 0.973866 0.519346
vt 0.981541 0.519346
vt 0.981357 0.527746
vt 0.971896 0.527746
vt 0.958856 0.519346
vt 0.941277 0.527746
vt 0.935934 0.519346
vt 0.904144 0.519346
vt 0.905414 0.527746
vt 0.896217 0.519346
vt 0.890662 0.527746
vt 0.886022 0.519346
vt 0.862731 0.527746
vt 0.858757 0.519346
vt 0.829132 0.527746
vt 0.829023 0.519346
vt 0.879521 0.209959
vt 0.840695 0.195361
vt 0.845983 0.183249
vt 0.885178 0.196404
vt 0.873397 0.222700
vt 0.834935 0.208372
vt 0.927201 0.196727
vt 0.905080 0.211914
vt 0.908966 0.225949
vt 0.935070 0.212373
vt 0.940977 0.223955
vt 0.960910 0.203228
vt 0.983646 0.208374
vt 0.972602 0.183249
vt 0.977895 0.195375
vt 0.812829 0.054087
vt 0.809483 0.053672
vt 0.816560 0.043125
vt 0.812074 0.042626
vt 0.813093 0.025299
vt 0.810899 0.031840
vt 0.809102 0.022617
vt 0.806093 0.016569
vt 0.797150 0.024528
vt 0.770853 0.042848
vt 0.796289 0.014006
vt 0.783144 0.014305
vt 0.772112 0.026850
vt 0.774541 0.017529
vt 0.772473 0.053981
vt 0.766966 0.029921
vt 0.766075 0.043385
vt 0.769564 0.054487
vt 0.820506 0.023203
vt 0.826508 0.021447
vt 0.825995 0.017078
vt 0.817648 0.031679
vt 0.839234 0.013650
vt 0.816856 0.043385
vt 0.823730 0.053938
vt 0.820345 0.054487
vt 0.860511 0.053581
vt 0.857801 0.021329
vt 0.850276 0.014330
vt 0.859847 0.018746
vt 0.863610 0.054087
vt 0.867341 0.043125
vt 0.865697 0.030084
vt 0.497426 0.138091
vt 0.484497 0.149747
vt 0.500110 0.136241
vt 0.500704 0.137051
vt 0.482366 0.145294
vt 0.477952 0.150887
vt 0.495146 0.159345
vt 0.492718 0.161969
vt 0.499656 0.162448
vt 0.500293 0.166324
vt 0.502194 0.161424
vt 0.504499 0.138855
vt 0.519414 0.147450
vt 0.515785 0.149796
vt 0.506874 0.135110
vt 0.500161 0.133262
vt 0.473711 0.134180
vt 0.497068 0.122409
vt 0.499892 0.171585
vt 0.522514 0.151277
vt 0.518475 0.129376
vt 0.500138 0.099216
vt 0.462844 0.106617
vt 0.441745 0.164117
vt 0.432139 0.139512
vt 0.474293 0.182937
vt 0.499905 0.190957
vt 0.500039 0.196432
vt 0.540047 0.160809
vt 0.567243 0.138647
vt 0.533036 0.098394
vt 0.596045 0.173865
vt 0.536658 0.193878
vt 0.503640 0.199472
vt 0.499170 0.200468
vt 0.500029 0.202245
vt 0.504130 0.204803
vt 0.494778 0.212984
vt 0.511992 0.221204
vt 0.517751 0.210167
vt 0.550592 0.215879
vt 0.601717 0.194267
vt 0.580543 0.246018
vt 0.601195 0.217100
vt 0.512496 0.076038
vt 0.536907 0.087120
vt 0.596736 0.110145
vt 0.630466 0.145925
vt 0.666948 0.219522
vt 0.646950 0.177906
vt 0.670325 0.236604
vt 0.623289 0.237508
vt 0.538302 0.245213
vt 0.500773 0.236448
vt 0.557906 0.261748
vt 0.525672 0.257574
vt 0.557289 0.288539
vt 0.519489 0.276254
vt 0.538801 0.320795
vt 0.569725 0.324743
vt 0.500127 0.254894
vt 0.493273 0.224366
vt 0.500371 0.280899
vt 0.471552 0.242674
vt 0.510261 0.330187
vt 0.481660 0.276239
vt 0.600010 0.383666
vt 0.519899 0.382075
vt 0.489887 0.327706
vt 0.495309 0.382233
vt 0.470248 0.373715
vt 0.524324 0.417858
vt 0.455242 0.337285
vt 0.458857 0.316436
vt 0.475413 0.257359
vt 0.479895 0.211317
vt 0.438941 0.254381
vt 0.452914 0.211101
vt 0.422524 0.244469
vt 0.398840 0.194226
vt 0.432789 0.276708
vt 0.399520 0.217380
vt 0.376676 0.236076
vt 0.469748 0.089356
vt 0.483730 0.079027
vt 0.375161 0.138147
vt 0.356056 0.177714
vt 0.331971 0.230062
vt 0.338604 0.239154
vt 0.443318 0.283836
vt 0.437848 0.301837
vt 0.399186 0.377157
vt 0.462910 0.415118
vt 0.493852 0.417378
vt 0.416840 0.329819
vt 0.401768 0.426892
vt 0.483021 0.447599
vt 0.362322 0.399248
vt 0.368720 0.435583
vt 0.425508 0.467293
vt 0.375645 0.472817
vt 0.348044 0.465456
vt 0.334831 0.422768
vt 0.432421 0.499359
vt 0.346425 0.518700
vt 0.311570 0.502087
vt 0.400812 0.544105
vt 0.299126 0.473170
vt 0.429817 0.545893
vt 0.590524 0.432707
vt 0.495007 0.473591
vt 0.528940 0.446395
vt 0.363450 0.590178
vt 0.590969 0.465384
vt 0.528879 0.472056
vt 0.499911 0.503876
vt 0.494831 0.535002
vt 0.567647 0.499364
vt 0.470959 0.561666
vt 0.571093 0.529358
vt 0.632745 0.486225
vt 0.615927 0.527718
vt 0.639130 0.459174
vt 0.630594 0.435636
vt 0.632592 0.402973
vt 0.611561 0.336751
vt 0.655446 0.521737
vt 0.582745 0.554176
vt 0.512297 0.562931
vt 0.637335 0.591269
vt 0.589840 0.610135
vt 0.533133 0.618069
vt 0.692084 0.491834
vt 0.664579 0.422650
vt 0.702810 0.537417
vt 0.701517 0.432007
vt 0.723972 0.508406
vt 0.634812 0.355282
vt 0.666200 0.379389
vt 0.685848 0.395338
vt 0.735631 0.363395
vt 0.577431 0.316449
vt 0.662206 0.316958
vt 0.609694 0.323135
vt 0.691230 0.294342
vt 0.571341 0.300188
vt 0.567586 0.276890
vt 0.572080 0.263404
vt 0.647555 0.249330
vt 0.634650 0.245975
vt 0.658123 0.257036
vt 0.678239 0.252467
vt 0.581880 0.252549
vt 0.567377 0.289837
vt 0.597630 0.247389
vt 0.616338 0.245442
vt 0.578879 0.307670
vt 0.591359 0.314408
vt 0.609651 0.318782
vt 0.667259 0.269616
vt 0.644184 0.316664
vt 0.678515 0.285505
vt 0.671764 0.283001
vt 0.671598 0.294122
vt 0.667988 0.303971
vt 0.725392 0.258296
vt 0.691041 0.218734
vt 0.764006 0.321137
vt 0.667822 0.164078
vt 0.770900 0.450468
vt 0.690252 0.596212
vt 0.680728 0.668095
vt 0.609546 0.654198
vt 0.762477 0.588840
vt 0.783730 0.561178
vt 0.847798 0.448860
vt 0.731862 0.624826
vt 0.831189 0.486710
vt 0.631389 0.696030
vt 0.551996 0.718997
vt 0.857360 0.413332
vt 0.818441 0.338076
vt 0.862960 0.365682
vt 0.857971 0.278046
vt 0.500641 0.672444
vt 0.779765 0.291524
vt 0.483015 0.722215
vt 0.845062 0.242768
vt 0.858015 0.249073
vt 0.837580 0.230835
vt 0.812657 0.199200
vt 0.741788 0.205240
vt 0.798366 0.179299
vt 0.785454 0.159174
vt 0.725993 0.152517
vt 0.775466 0.141042
vt 0.767865 0.122696
vt 0.762345 0.102106
vt 0.697287 0.099594
vt 0.764132 0.081104
vt 0.728998 0.066889
vt 0.687764 0.045420
vt 0.615301 0.102971
vt 0.644341 0.132893
vt 0.601760 0.016082
vt 0.572668 0.074240
vt 0.560025 0.011226
vt 0.520781 0.066804
vt 0.528612 0.011554
vt 0.500130 0.012251
vt 0.436048 0.011749
vt 0.470893 0.011544
vt 0.478570 0.064333
vt 0.499625 0.072506
vt 0.443015 0.054934
vt 0.411387 0.087800
vt 0.412276 0.103712
vt 0.361168 0.128259
vt 0.359376 0.067124
vt 0.316947 0.043878
vt 0.284493 0.060327
vt 0.309700 0.094588
vt 0.265372 0.069694
vt 0.235964 0.081104
vt 0.332443 0.164576
vt 0.287910 0.122308
vt 0.237751 0.102106
vt 0.232231 0.122696
vt 0.224630 0.141042
vt 0.238884 0.219186
vt 0.214642 0.159174
vt 0.269314 0.217302
vt 0.290699 0.237638
vt 0.201730 0.179299
vt 0.187440 0.199200
vt 0.155033 0.242767
vt 0.162377 0.231021
vt 0.142135 0.277954
vt 0.142081 0.249073
vt 0.201637 0.313914
vt 0.241552 0.300851
vt 0.137188 0.367791
vt 0.142736 0.413332
vt 0.158879 0.464235
vt 0.232178 0.339079
vt 0.237516 0.435350
vt 0.194376 0.529333
vt 0.229686 0.578611
vt 0.309293 0.589230
vt 0.269603 0.626118
vt 0.319262 0.668265
vt 0.392037 0.654720
vt 0.371490 0.697152
vt 0.403832 0.606537
vt 0.485601 0.618939
vt 0.307594 0.414838
vt 0.333792 0.380800
vt 0.367388 0.352701
vt 0.285069 0.331270
vt 0.316952 0.323098
vt 0.364740 0.321799
vt 0.332144 0.310315
vt 0.312386 0.259064
vt 0.322160 0.262969
vt 0.413914 0.320783
vt 0.356250 0.316507
vt 0.332853 0.269637
vt 0.341971 0.257034
vt 0.392495 0.318700
vt 0.365447 0.245965
vt 0.421251 0.307683
vt 0.383758 0.245442
vt 0.428774 0.300184
vt 0.402466 0.247389
vt 0.418234 0.252530
vt 0.428017 0.263404
vt 0.432719 0.289837
vt 0.408737 0.314408
vt 0.332018 0.303903
vt 0.352540 0.249329
vt 0.328505 0.294125
vt 0.328332 0.283001
vt 0.937209 0.262003
vt 0.958703 0.247417
vt 0.936169 0.247546
vt 0.983701 0.280920
vt 0.974826 0.259974
vt 0.924286 0.266473
vt 0.905459 0.271644
vt 0.966875 0.315291
vt 0.984826 0.307054
vt 0.960902 0.336540
vt 0.983513 0.332013
vt 0.948696 0.277723
vt 0.910003 0.283425
vt 0.893984 0.305083
vt 0.977490 0.353008
vt 0.940839 0.368714
vt 0.956001 0.378951
vt 0.968341 0.367812
vt 0.934843 0.382081
vt 0.918083 0.371847
vt 0.935255 0.365223
vt 0.954042 0.351101
vt 0.948202 0.358573
vt 0.943265 0.362736
vt 0.957937 0.301004
vt 0.959754 0.317805
vt 0.945400 0.354877
vt 0.952530 0.344266
vt 0.944878 0.281611
vt 0.939500 0.358582
vt 0.933367 0.275006
vt 0.924362 0.279100
vt 0.938725 0.288927
vt 0.948932 0.303488
vt 0.947775 0.335146
vt 0.939181 0.347946
vt 0.936161 0.291693
vt 0.938907 0.319553
vt 0.928036 0.339072
vt 0.932623 0.284444
vt 0.894347 0.327997
vt 0.909636 0.362338
vt 0.912590 0.310047
vt 0.912400 0.321224
vt 0.923531 0.294822
vt 0.920356 0.362675
vt 0.910813 0.335428
vt 0.927532 0.357138
vt 0.925530 0.345875
vt 0.919818 0.329380
vt 0.934849 0.322546
vt 0.925006 0.317363
vt 0.958706 0.247482
vt 0.974826 0.259971
vt 0.948947 0.261690
vt 0.935155 0.247941
vt 0.983787 0.280853
vt 0.932611 0.263799
vt 0.904328 0.273297
vt 0.984846 0.307045
vt 0.966634 0.315398
vt 0.983513 0.332012
vt 0.963644 0.336265
vt 0.909003 0.283268
vt 0.894425 0.302292
vt 0.948591 0.277664
vt 0.977499 0.353007
vt 0.956002 0.378951
vt 0.940788 0.368744
vt 0.968326 0.367806
vt 0.934844 0.382081
vt 0.917128 0.370821
vt 0.935289 0.365215
vt 0.954044 0.351102
vt 0.948221 0.358608
vt 0.943272 0.362798
vt 0.960050 0.299435
vt 0.957125 0.335757
vt 0.959725 0.317804
vt 0.945381 0.354855
vt 0.950861 0.348114
vt 0.956315 0.302028
vt 0.944971 0.281901
vt 0.939490 0.358647
vt 0.933394 0.274876
vt 0.924520 0.278823
vt 0.934093 0.285451
vt 0.942597 0.293357
vt 0.949592 0.309963
vt 0.943617 0.344200
vt 0.933634 0.349672
vt 0.937548 0.323022
vt 0.937238 0.315256
vt 0.930223 0.343431
vt 0.930137 0.297241
vt 0.894343 0.328012
vt 0.901323 0.347768
vt 0.912163 0.317291
vt 0.913882 0.303861
vt 0.922847 0.295343
vt 0.920060 0.362652
vt 0.911406 0.335754
vt 0.927461 0.357214
vt 0.924802 0.345686
vt 0.921253 0.332719
vt 0.924809 0.317439
vt 0.441231 0.975748
vt 0.444968 0.979049
vt 0.443785 0.977387
vt 0.442718 0.978749
vt 0.436280 0.975135
vt 0.444323 0.977995
vt 0.434536 0.973299
vt 0.438649 0.974302
vt 0.438038 0.976474
vt 0.434550 0.973390
vt 0.442180 0.978582
vt 0.835091 0.210143
vt 0.840131 0.197414
vt 0.880816 0.211154
vt 0.877479 0.224833
vt 0.845220 0.184685
vt 0.886006 0.197231
vt 0.909764 0.225999
vt 0.909332 0.211552
vt 0.925906 0.197431
vt 0.937606 0.211167
vt 0.940436 0.224968
vt 0.973342 0.184694
vt 0.983511 0.210136
vt 0.978449 0.197379
vt 0.903255 0.169218
vt 0.908555 0.142248
vt 0.924770 0.164813
vt 0.881713 0.157996
vt 0.949198 0.111538
vt 0.901289 0.119882
vt 0.907932 0.125849
vt 0.890140 0.122115
vt 0.924894 0.119973
vt 0.907253 0.117594
vt 0.925606 0.113389
vt 0.926684 0.105156
vt 0.925759 0.063629
vt 0.908557 0.083720
vt 0.905746 0.055970
vt 0.914549 0.113273
vt 0.913974 0.108530
vt 0.907371 0.100586
vt 0.914004 0.116963
vt 0.909783 0.114904
vt 0.907248 0.115258
vt 0.908818 0.114359
vt 0.909924 0.113712
vt 0.908820 0.113870
vt 0.908086 0.113866
vt 0.909517 0.112231
vt 0.908801 0.113411
vt 0.907179 0.112682
vt 0.907160 0.114015
vt 0.907010 0.109794
vt 0.879548 0.069662
vt 0.906221 0.113094
vt 0.887825 0.099938
vt 0.899831 0.109511
vt 0.865669 0.114981
vt 0.904662 0.112531
vt 0.888501 0.113696
vt 0.905522 0.113499
vt 0.905507 0.113968
vt 0.899790 0.113859
vt 0.904425 0.113897
vt 0.902181 0.115847
vt 0.905447 0.114395
vt 0.904922 0.115769
vt 0.430001 0.975027
vt 0.444484 0.986525
vt 0.441627 0.982233
vt 0.418330 0.971865
vt 0.422038 0.976481
vt 0.435493 0.984438
vt 0.444770 0.986898
vt 0.431139 0.975664
vt 0.440742 0.981469
vt 0.420418 0.971561
vt 0.418150 0.972317
vt 0.443523 0.987033
vt 0.428732 0.980981
vt 0.852541 0.757838
vt 0.846997 0.750849
vt 0.851486 0.760913
vt 0.857299 0.767303
vt 0.861476 0.778264
vt 0.854066 0.772869
vt 0.853505 0.788356
vt 0.867299 0.787406
vt 0.874696 0.790089
vt 0.833100 0.808463
vt 0.843337 0.794668
vt 0.853650 0.812513
vt 0.887434 0.792026
vt 0.832817 0.798471
vt 0.842458 0.817785
vt 0.831383 0.820945
vt 0.822610 0.799774
vt 0.818353 0.822568
vt 0.798786 0.808522
vt 0.803563 0.798609
vt 0.806400 0.821717
vt 0.793012 0.796131
vt 0.789860 0.817577
vt 0.780560 0.790531
vt 0.761098 0.786743
vt 0.773588 0.809993
vt 0.758894 0.778586
vt 0.763429 0.800856
vt 0.754017 0.786885
vt 0.750065 0.776512
vt 0.940328 0.891590
vt 0.864052 0.906642
vt 0.922208 0.900636
vt 0.881248 0.911336
vt 0.836329 0.914183
vt 0.803253 0.904585
vt 0.767787 0.904678
vt 0.695367 0.884845
vt 0.805104 0.949980
vt 0.780585 0.951490
vt 0.755235 0.938994
vt 0.825286 0.959996
vt 0.840104 0.951051
vt 0.896413 0.939552
vt 0.866686 0.952179
vt 0.932493 0.665923
vt 0.932375 0.650673
vt 0.918524 0.666510
vt 0.964331 0.668633
vt 0.969828 0.646483
vt 0.951868 0.659783
vt 0.848252 0.753413
vt 0.852541 0.757883
vt 0.857064 0.766788
vt 0.853345 0.767585
vt 0.854139 0.778227
vt 0.853448 0.788366
vt 0.863130 0.781388
vt 0.870474 0.795544
vt 0.867606 0.787815
vt 0.845960 0.793198
vt 0.827233 0.809593
vt 0.858132 0.810077
vt 0.845552 0.816430
vt 0.874606 0.790242
vt 0.836556 0.797524
vt 0.825708 0.799549
vt 0.832285 0.820788
vt 0.804537 0.798748
vt 0.806221 0.821691
vt 0.763375 0.788086
vt 0.790133 0.794961
vt 0.783880 0.815184
vt 0.776326 0.788209
vt 0.770212 0.807593
vt 0.759969 0.796577
vt 0.758993 0.778636
vt 0.749771 0.775631
vt 0.885512 0.910344
vt 0.944084 0.890377
vt 0.935226 0.896426
vt 0.879395 0.905596
vt 0.834467 0.907107
vt 0.838780 0.914258
vt 0.716017 0.888868
vt 0.770189 0.905228
vt 0.754679 0.938894
vt 0.776677 0.949956
vt 0.815090 0.950810
vt 0.814259 0.960107
vt 0.846568 0.957671
vt 0.861756 0.947709
vt 0.899997 0.938696
vt 0.882566 0.946659
vt 0.932747 0.648940
vt 0.932501 0.665877
vt 0.918528 0.666511
vt 0.970387 0.645522
vt 0.964173 0.669119
vt 0.952648 0.660211
vt 0.408429 0.913856
vt 0.404933 0.919641
vt 0.389885 0.917760
vt 0.389066 0.911227
vt 0.401055 0.908155
vt 0.407657 0.914188
vt 0.405196 0.919796
vt 0.392131 0.919919
vt 0.388010 0.912545
vt 0.397828 0.908010
vt 0.767377 0.691575
vt 0.870701 0.683585
vt 0.850890 0.693800
vt 0.815387 0.683690
vt 0.796393 0.696528
vt 0.900646 0.688410
vt 0.740082 0.705816
vt 0.783091 0.860357
vt 0.830239 0.830858
vt 0.792222 0.828267
vt 0.767459 0.823177
vt 0.787385 0.886031
vt 0.830621 0.889787
vt 0.739354 0.871162
vt 0.846071 0.859814
vt 0.859645 0.885633
vt 0.852619 0.829119
vt 0.714908 0.835922
vt 0.737805 0.812943
vt 0.708628 0.855310
vt 0.873428 0.823722
vt 0.902398 0.869408
vt 0.901343 0.842957
vt 0.891765 0.815668
vt 0.683204 0.791967
vt 0.682708 0.832001
vt 0.662313 0.791717
vt 0.668895 0.810060
vt 0.967055 0.841184
vt 0.929764 0.821307
vt 0.920926 0.801155
vt 0.902175 0.782116
vt 0.916128 0.771416
vt 0.910038 0.746110
vt 0.859438 0.681505
vt 0.809637 0.683979
vt 0.863216 0.688383
vt 0.849835 0.693813
vt 0.898188 0.688665
vt 0.792154 0.697259
vt 0.756705 0.699560
vt 0.800112 0.861804
vt 0.821461 0.830737
vt 0.846323 0.829880
vt 0.782704 0.826615
vt 0.759648 0.821078
vt 0.830443 0.889773
vt 0.786878 0.885949
vt 0.758613 0.878694
vt 0.860933 0.885356
vt 0.715363 0.835181
vt 0.715119 0.859283
vt 0.858104 0.856886
vt 0.729707 0.809666
vt 0.868531 0.825423
vt 0.894764 0.872793
vt 0.902159 0.840975
vt 0.891759 0.815686
vt 0.683298 0.791972
vt 0.687511 0.837974
vt 0.671148 0.814166
vt 0.663033 0.792412
vt 0.902623 0.780882
vt 0.920656 0.799754
vt 0.929777 0.821332
vt 0.966961 0.841131
vt 0.909359 0.745359
vt 0.112434 0.525462
vt 0.120123 0.485727
vt 0.143421 0.499664
vt 0.158041 0.518282
vt 0.084356 0.524807
vt 0.090555 0.481473
vt 0.123085 0.537832
vt 0.168081 0.539777
vt 0.065240 0.491249
vt 0.171563 0.562439
vt 0.074539 0.524502
vt 0.049959 0.502995
vt 0.131238 0.559239
vt 0.170550 0.584675
vt 0.037349 0.513953
vt 0.164586 0.608076
vt 0.060841 0.528360
vt 0.026464 0.531080
vt 0.128983 0.583467
vt 0.136737 0.639264
vt 0.044603 0.540962
vt 0.022556 0.550578
vt 0.043897 0.562086
vt 0.017581 0.576836
vt 0.102653 0.610102
vt 0.067717 0.649095
vt 0.048529 0.585188
vt 0.028275 0.619349
vt 0.058436 0.606289
vt 0.069445 0.594409
vt 0.112900 0.584201
vt 0.122466 0.563491
vt 0.118609 0.545101
vt 0.100966 0.528814
vt 0.111325 0.536167
vt 0.090723 0.530956
vt 0.077966 0.529876
vt 0.103300 0.535964
vt 0.110211 0.542336
vt 0.065374 0.533555
vt 0.114236 0.553660
vt 0.057398 0.543624
vt 0.110642 0.564709
vt 0.058719 0.568926
vt 0.103194 0.576190
vt 0.069635 0.581776
vt 0.057829 0.556013
vt 0.078777 0.570129
vt 0.095854 0.563691
vt 0.085231 0.559301
vt 0.067402 0.538707
vt 0.075276 0.534750
vt 0.095253 0.547477
vt 0.104907 0.555498
vt 0.097760 0.540742
vt 0.104464 0.544023
vt 0.112307 0.525353
vt 0.086531 0.524863
vt 0.123062 0.537796
vt 0.074682 0.524649
vt 0.131204 0.559078
vt 0.060794 0.528347
vt 0.131459 0.576443
vt 0.136286 0.639490
vt 0.051644 0.542017
vt 0.119865 0.598296
vt 0.044457 0.561753
vt 0.017754 0.575523
vt 0.048500 0.585199
vt 0.073586 0.612677
vt 0.028599 0.619879
vt 0.060425 0.595693
vt 0.083851 0.596908
vt 0.112873 0.584228
vt 0.122455 0.563642
vt 0.118748 0.545301
vt 0.113632 0.538346
vt 0.106938 0.532470
vt 0.077986 0.529874
vt 0.090885 0.530992
vt 0.103414 0.536028
vt 0.110216 0.542345
vt 0.114249 0.553842
vt 0.110208 0.564549
vt 0.058627 0.569094
vt 0.102665 0.576560
vt 0.069600 0.581766
vt 0.057721 0.555997
vt 0.078177 0.570103
vt 0.095575 0.563637
vt 0.062691 0.541352
vt 0.085264 0.559052
vt 0.073604 0.537062
vt 0.104911 0.555084
vt 0.097594 0.540698
vt 0.096574 0.547559
vt 0.104464 0.544013
vt 0.416024 0.947697
vt 0.447231 0.946261
vt 0.431301 0.953208
vt 0.450709 0.935763
vt 0.411339 0.928594
vt 0.410277 0.938719
vt 0.433555 0.917663
vt 0.443982 0.922687
vt 0.421209 0.919132
vt 0.430996 0.953441
vt 0.450751 0.936338
vt 0.444938 0.948741
vt 0.423995 0.935115
vt 0.417193 0.948606
vt 0.410121 0.935514
vt 0.414654 0.923729
vt 0.428719 0.917875
vt 0.443542 0.922562
vt 0.297392 0.944358
vt 0.346767 0.893247
vt 0.351566 0.850426
vt 0.307553 0.951190
vt 0.354889 0.811027
vt 0.337999 0.751787
vt 0.262987 0.976420
vt 0.203164 0.980392
vt 0.226202 0.971017
vt 0.315830 0.714072
vt 0.281153 0.675813
vt 0.126558 0.938371
vt 0.158109 0.945284
vt 0.238532 0.653431
vt 0.203669 0.651129
vt 0.167350 0.678734
vt 0.148962 0.680669
vt 0.107164 0.862508
vt 0.094320 0.870860
vt 0.099055 0.765421
vt 0.114572 0.752699
vt 0.196390 0.807162
vt 0.207985 0.844560
vt 0.356284 0.838046
vt 0.350566 0.887922
vt 0.350223 0.784464
vt 0.326253 0.931049
vt 0.285642 0.966570
vt 0.292289 0.949281
vt 0.328005 0.733134
vt 0.302540 0.695883
vt 0.237269 0.981797
vt 0.202712 0.965591
vt 0.163107 0.964023
vt 0.221101 0.650909
vt 0.265225 0.665477
vt 0.187362 0.667318
vt 0.174655 0.660391
vt 0.098835 0.891723
vt 0.128112 0.916678
vt 0.091249 0.808057
vt 0.103067 0.828681
vt 0.123933 0.712834
vt 0.126768 0.724910
vt 0.204703 0.801217
vt 0.199230 0.843289
vt 0.684821 0.950464
vt 0.744530 0.962762
vt 0.704558 0.962224
vt 0.766663 0.979089
vt 0.846039 0.985246
vt 0.827340 0.972735
vt 0.890202 0.970192
vt 0.891726 0.980608
vt 0.949300 0.962759
vt 0.977344 0.950395
vt 0.684956 0.950481
vt 0.700057 0.960302
vt 0.735421 0.972613
vt 0.730282 0.960059
vt 0.802191 0.983312
vt 0.815681 0.971954
vt 0.872790 0.983689
vt 0.871008 0.972645
vt 0.908688 0.967026
vt 0.903556 0.978109
vt 0.956692 0.960082
vt 0.976941 0.950485
s 1
usemtl Face
f 4278/3919/4147 4277/3920/4148 4276/3921/4149
f 4278/3919/4147 4279/3922/4150 4277/3920/4148
f 4279/3922/4150 4280/3923/4151 4277/3920/4148
f 4278/3919/4147 4276/3921/4149 4281/3924/4152
f 4281/3924/4152 4276/3921/4149 4282/3925/4153
f 4276/3921/4149 4283/3926/4154 4282/3925/4153
f 4283/3926/4154 4284/3927/4155 4282/3925/4153
f 4284/3927/4155 4285/3928/4156 4282/3925/4153
f 4285/3928/4156 4284/3927/4155 4286/3929/4157
f 4284/3927/4155 4288/3930/4158 4286/3929/4157
f 4286/3929/4157 4288/3930/4158 4289/3931/4159
f 4290/3932/4160 4286/3929/4157 4289/3931/4159
f 4290/3932/4160 4289/3931/4159 4291/3933/4161
f 4292/3934/4162 4290/3932/4160 4291/3933/4161
f 4291/3933/4161 4289/3931/4159 4293/3935/4163
f 4288/3930/4158 4294/3936/4164 4289/3931/4159
f 4293/3935/4163 4289/3931/4159 4295/3937/4165
f 4294/3936/4164 4296/3938/4166 4289/3931/4159
f 4289/3931/4159 4296/3938/4166 4297/3939/4167
f 4289/3931/4159 4297/3939/4167 4295/3937/4165
f 4297/3939/4167 4298/3940/4168 4295/3937/4165
f 4297/3939/4167 4300/3941/4169 4298/3940/4168
f 4299/3942/4170 4300/3941/4169 4297/3939/4167
f 4300/3941/4169 4301/3943/4171 4298/3940/4168
f 4300/3941/4169 4303/3944/4172 4301/3943/4171
f 4302/3945/4173 4303/3944/4172 4300/3941/4169
f 4303/3944/4172 4304/3946/4174 4301/3943/4171
f 4303/3944/4172 4305/3947/4175 4304/3946/4174
f 4306/3948/4176 4304/3946/4174 4305/3947/4175
f 4306/3948/4176 4305/3947/4175 4308/3949/4177
f 4308/3949/4177 4305/3947/4175 4307/3950/4178
f 4309/3951/4179 4306/3948/4176 4308/3949/4177
f 4308/3949/4177 4307/3950/4178 4310/3952/4180
f 4308/3949/4177 4310/3952/4180 4311/3953/4181
f 4309/3951/4179 4308/3949/4177 4312/3954/4182
f 4312/3954/4182 4308/3949/4177 4311/3953/4181
f 4313/3955/4183 4309/3951/4179 4312/3954/4182
f 4313/3955/4183 4312/3954/4182 4314/3956/4184
f 4314/3956/4184 4312/3954/4182 4311/3953/4181
f 4314/3956/4184 4311/3953/4181 4315/3957/4185
f 4316/3958/4186 4313/3955/4183 4314/3956/4184
f 4317/3959/4187 4314/3956/4184 4315/3957/4185
f 4317/3959/4187 4316/3958/4186 4314/3956/4184
f 4318/3960/4188 4317/3959/4187 4315/3957/4185
f 4319/3961/4189 4316/3958/4186 4317/3959/4187
f 4320/3962/4190 4317/3959/4187 4318/3960/4188
f 4320/3962/4190 4319/3961/4189 4317/3959/4187
f 4321/3963/4191 4320/3962/4190 4318/3960/4188
f 4322/3964/4192 4319/3961/4189 4320/3962/4190
f 4323/3965/4193 4320/3962/4190 4321/3963/4191
f 4323/3965/4193 4322/3964/4192 4320/3962/4190
f 4324/3966/4194 4323/3965/4193 4321/3963/4191
f 4325/3967/4195 4323/3965/4193 4324/3966/4194
f 4326/3968/4196 4322/3964/4192 4323/3965/4193
f 4327/3969/4197 4323/3965/4193 4325/3967/4195
f 4327/3969/4197 4326/3968/4196 4323/3965/4193
f 4328/3970/4198 4326/3968/4196 4327/3969/4197
f 4329/3971/4199 4328/3970/4198 4327/3969/4197
f 4329/3971/4199 4330/3972/4200 4331/3973/4201
f 4329/3971/4199 4331/3973/4201 4328/3970/4198
f 4328/3970/4198 4331/3973/4201 4332/3974/4202
f 4331/3973/4201 4333/3975/4203 4334/3976/4204
f 4331/3973/4201 4334/3976/4204 4332/3974/4202
f 4332/3974/4202 4334/3976/4204 4335/3977/4205
f 4333/3975/4203 4336/3978/4206 4334/3976/4204
f 4335/3977/4205 4334/3976/4204 4337/3979/4207
f 4336/3978/4206 4338/3980/4208 4334/3976/4204
f 4338/3980/4208 4339/3981/4209 4334/3976/4204
f 4334/3976/4204 4340/3982/4210 4337/3979/4207
f 4339/3981/4209 4340/3982/4210 4334/3976/4204
f 4339/3981/4209 4341/3983/4211 4340/3982/4210
f 4340/3982/4210 4342/3984/4212 4337/3979/4207
f 4341/3983/4211 4343/3985/4213 4340/3982/4210
f 4340/3982/4210 4344/3986/4214 4342/3984/4212
f 4340/3982/4210 4345/3987/4215 4344/3986/4214
f 4345/3987/4215 4346/3988/4216 4344/3986/4214
f 4347/3989/4217 4345/3987/4215 4340/3982/4210
f 4343/3985/4213 4347/3989/4217 4340/3982/4210
f 4343/3985/4213 4348/3990/4218 4347/3989/4217
f 4348/3990/4218 4349/3991/4219 4347/3989/4217
f 4349/3991/4219 4348/3990/4218 4350/3992/4220
f 4348/3990/4218 4351/3993/4221 4350/3992/4220
f 4351/3993/4221 4352/3994/4222 4350/3992/4220
f 4352/3994/4222 4353/3995/4223 4350/3992/4220
f 4352/3994/4222 4354/3996/4224 4353/3995/4223
f 4356/3997/4225 4354/3996/4224 4352/3994/4222
f 4355/3998/4226 4354/3996/4224 4356/3997/4225
f 4358/3999/4227 4355/3998/4226 4356/3997/4225
f 4359/4000/4228 4357/4001/4229 4355/3998/4226
f 4359/4000/4228 4355/3998/4226 4358/3999/4227
f 4357/4001/4229 4359/4000/4228 4360/4002/4230
f 4361/4003/4231 4357/4001/4229 4360/4002/4230
f 4361/4003/4231 4360/4002/4230 4362/4004/4232
f 4363/4005/4233 4361/4003/4231 4362/4004/4232
f 4362/4004/4232 4360/4002/4230 4364/4006/4234
f 4360/4002/4230 4366/4007/4235 4365/4008/4236
f 4360/4002/4230 4359/4000/4228 4366/4007/4235
f 4366/4007/4235 4367/4009/4237 4365/4008/4236
f 4368/4010/4238 4359/4000/4228 4358/3999/4227
f 4369/4011/4239 4368/4010/4238 4358/3999/4227
f 4367/4009/4237 4370/4012/4240 4371/4013/4241
f 4368/4010/4238 4409/4014/4242 4359/4000/4228
f 4372/4015/4243 4368/4010/4238 4369/4011/4239
f 4373/4016/4244 4368/4010/4238 4372/4015/4243
f 4374/4017/4245 4368/4010/4238 4373/4016/4244
f 4375/4018/4246 4374/4017/4245 4373/4016/4244
f 4366/4007/4235 4370/4012/4240 4367/4009/4237
f 4377/4019/4247 4374/4017/4245 4375/4018/4246
f 4374/4017/4245 4377/4019/4247 4378/4020/4248
f 4380/4021/4249 4374/4017/4245 4378/4020/4248
f 4380/4021/4249 4378/4020/4248 4379/4022/4250
f 4382/4023/4251 4379/4022/4250 4381/4024/4252
f 4382/4023/4251 4381/4024/4252 4383/4025/4253
f 4382/4023/4251 4380/4021/4249 4379/4022/4250
f 4382/4023/4251 4383/4025/4253 4280/3923/4151
f 4384/4026/4254 4382/4023/4251 4280/3923/4151
f 4385/4027/4255 4382/4023/4251 4384/4026/4254
f 4279/3922/4150 4384/4026/4254 4280/3923/4151
f 4287/4028/4256 4384/4026/4254 4279/3922/4150
f 4382/4023/4251 4386/4029/4257 4380/4021/4249
f 4384/4026/4254 4287/4028/4256 4390/4030/4258
f 4385/4027/4255 4386/4029/4257 4382/4023/4251
f 4287/4028/4256 4387/4031/4259 4390/4030/4258
f 4390/4030/4258 4387/4031/4259 4388/4032/4260
f 4387/4031/4259 4389/4033/4261 4388/4032/4260
f 4384/4026/4254 4390/4030/4258 4393/4034/4262
f 4393/4034/4262 4390/4030/4258 4391/4035/4263
f 4385/4027/4255 4384/4026/4254 4393/4034/4262
f 4393/4034/4262 4391/4035/4263 4392/4036/4264
f 4394/4037/4265 4385/4027/4255 4393/4034/4262
f 4393/4034/4262 4392/4036/4264 4396/4038/4266
f 4397/4039/4267 4393/4034/4262 4396/4038/4266
f 4397/4039/4267 4396/4038/4266 4376/4040/4268
f 4399/4041/4269 4398/4042/4270 4393/4034/4262
f 4399/4041/4269 4393/4034/4262 4397/4039/4267
f 4371/4013/4241 4403/4043/4271 4376/4040/4268
f 4403/4043/4271 4397/4039/4267 4376/4040/4268
f 4400/4044/4272 4401/4045/4273 4397/4039/4267
f 4397/4039/4267 4401/4045/4273 4399/4041/4269
f 4398/4042/4270 4402/4046/4274 4393/4034/4262
f 4393/4034/4262 4402/4046/4274 4394/4037/4265
f 4394/4037/4265 4395/4047/4275 4385/4027/4255
f 4395/4047/4275 4404/4048/4276 4385/4027/4255
f 4385/4027/4255 4404/4048/4276 4386/4029/4257
f 4386/4029/4257 4405/4049/4277 4380/4021/4249
f 4405/4049/4277 4406/4050/4278 4380/4021/4249
f 4406/4050/4278 4407/4051/4279 4380/4021/4249
f 4407/4051/4279 4408/4052/4280 4380/4021/4249
f 4408/4052/4280 4409/4014/4242 4380/4021/4249
f 4380/4021/4249 4409/4014/4242 4374/4017/4245
f 4408/4052/4280 4410/4053/4281 4409/4014/4242
f 4368/4010/4238 4374/4017/4245 4409/4014/4242
f 4410/4053/4281 4411/4054/4282 4409/4014/4242
f 4409/4014/4242 4411/4054/4282 4359/4000/4228
f 4411/4054/4282 4412/4055/4283 4359/4000/4228
f 4359/4000/4228 4412/4055/4283 4366/4007/4235
f 4413/4056/4284 4366/4007/4235 4412/4055/4283
f 4413/4056/4284 4414/4057/4285 4366/4007/4235
f 4366/4007/4235 4414/4057/4285 4370/4012/4240
f 4415/4058/4286 4370/4012/4240 4414/4057/4285
f 4415/4058/4286 4416/4059/4287 4370/4012/4240
f 4416/4059/4287 4417/4060/4288 4370/4012/4240
f 4370/4012/4240 4417/4060/4288 4371/4013/4241
f 4371/4013/4241 4417/4060/4288 4403/4043/4271
f 4397/4039/4267 4403/4043/4271 4400/4044/4272
f 4420/4061/4289 4419/4062/4290 4418/4063/4291
f 4421/4064/4292 4420/4061/4289 4418/4063/4291
f 4422/4065/4293 4420/4061/4289 4421/4064/4292
f 4422/4065/4293 4421/4064/4292 4423/4066/4294
f 4422/4065/4293 4423/4066/4294 4424/4067/4295
f 4424/4067/4295 4423/4066/4294 4425/4068/4296
f 4423/4066/4294 4426/4069/4297 4425/4068/4296
f 4426/4069/4297 4427/4070/4298 4425/4068/4296
f 4426/4069/4297 4428/4071/4299 4427/4070/4298
f 4427/4070/4298 4428/4071/4299 4429/4072/4300
f 4428/4071/4299 4430/4073/4301 4429/4072/4300
f 4430/4073/4301 4431/4074/4302 4429/4072/4300
f 4430/4073/4301 4432/4075/4303 4431/4074/4302
f 4432/4075/4303 4433/4076/4304 4431/4074/4302
f 4436/4077/4305 4435/4078/4306 4434/4079/4307
f 4436/4077/4305 4434/4079/4307 4437/4080/4308
f 4435/4078/4306 4436/4077/4305 4438/4081/4309
f 4439/4082/4310 4435/4078/4306 4438/4081/4309
f 4437/4080/4308 4440/4083/4311 4436/4077/4305
f 4438/4081/4309 4436/4077/4305 4441/4084/4312
f 4442/4085/4313 4438/4081/4309 4441/4084/4312
f 4440/4083/4311 4441/4084/4312 4436/4077/4305
f 4442/4085/4313 4441/4084/4312 4443/4086/4314
f 4444/4087/4315 4442/4085/4313 4443/4086/4314
f 4440/4083/4311 4443/4086/4314 4441/4084/4312
f 4443/4086/4314 4445/4088/4316 4444/4087/4315
f 4445/4088/4316 4446/4089/4317 4444/4087/4315
f 4445/4088/4316 4443/4086/4314 4440/4083/4311
f 4447/4090/4318 4445/4088/4316 4440/4083/4311
f 4445/4088/4316 4448/4091/4319 4446/4089/4317
f 4448/4091/4319 4445/4088/4316 4447/4090/4318
f 4451/4092/4320 4450/4093/4321 4449/4094/4322
f 4450/4093/4321 4452/4095/4323 4449/4094/4322
f 4449/4094/4322 4452/4095/4323 4453/4096/4324
f 4452/4095/4323 4454/4097/4325 4453/4096/4324
f 4454/4097/4325 4455/4098/4326 4453/4096/4324
f 4456/4099/4327 4453/4096/4324 4455/4098/4326
f 4454/4097/4325 4457/4100/4328 4455/4098/4326
f 4450/4093/4321 4458/4101/4329 4452/4095/4323
f 4452/4095/4323 4458/4101/4329 4454/4097/4325
f 4456/4099/4327 4455/4098/4326 4459/4102/4330
f 4457/4100/4328 4459/4102/4330 4455/4098/4326
f 4458/4101/4329 4457/4100/4328 4454/4097/4325
f 4459/4102/4330 4457/4100/4328 4460/4103/4331
f 4457/4100/4328 4462/4104/4332 4460/4103/4331
f 4462/4104/4332 4461/4105/4333 4460/4103/4331
f 4450/4093/4321 4463/4106/4334 4458/4101/4329
f 4457/4100/4328 4458/4101/4329 4462/4104/4332
f 4462/4104/4332 4464/4107/4335 4461/4105/4333
f 4462/4104/4332 4458/4101/4329 4464/4107/4335
f 4458/4101/4329 4465/4108/4336 4464/4107/4335
f 4458/4101/4329 4463/4106/4334 4465/4108/4336
f 4463/4106/4334 4466/4109/4337 4465/4108/4336
f 4469/4110/4338 4468/4111/4339 4467/4112/4340
f 4469/4110/4338 4470/4113/4341 4468/4111/4339
f 4467/4112/4340 4468/4111/4339 4471/4114/4342
f 4472/4115/4343 4473/4116/4344 4470/4113/4341
f 4472/4115/4343 4474/4117/4345 4473/4116/4344
f 4470/4113/4341 4473/4116/4344 4468/4111/4339
f 4473/4116/4344 4475/4118/4346 4468/4111/4339
f 4468/4111/4339 4476/4119/4347 4471/4114/4342
f 4476/4119/4347 4477/4120/4348 4471/4114/4342
f 4475/4118/4346 4476/4119/4347 4468/4111/4339
f 4476/4119/4347 4478/4121/4349 4477/4120/4348
f 4479/4122/4350 4480/4123/4351 4475/4118/4346
f 4475/4118/4346 4480/4123/4351 4481/4124/4352
f 4475/4118/4346 4481/4124/4352 4476/4119/4347
f 4481/4124/4352 4478/4121/4349 4476/4119/4347
f 4482/4125/4353 4483/4126/4354 4494/4127/4355
f 4484/4128/4356 4482/4125/4353 4494/4127/4355
f 4494/4127/4355 4483/4126/4354 4485/4129/4357
f 4483/4126/4354 4486/4130/4358 4485/4129/4357
f 4483/4126/4354 4487/4131/4359 4486/4130/4358
f 4487/4131/4359 4488/4132/4360 4486/4130/4358
f 4489/4133/4361 4491/4134/4362 4487/4131/4359
f 4491/4134/4362 4488/4132/4360 4487/4131/4359
f 4491/4134/4362 4489/4133/4361 4490/4135/4363
f 4493/4136/4364 4484/4128/4356 4494/4127/4355
f 4495/4137/4365 4492/4138/4366 4493/4136/4364
f 4493/4136/4364 4494/4127/4355 4496/4139/4367
f 4495/4137/4365 4493/4136/4364 4496/4139/4367
f 4494/4127/4355 4497/4140/4368 4496/4139/4367
f 4497/4140/4368 4494/4127/4355 4485/4129/4357
f 4497/4140/4368 4485/4129/4357 4498/4141/4369
f 4485/4129/4357 4486/4130/4358 4498/4141/4369
f 4497/4140/4368 4498/4141/4369 4499/4142/4370
f 4500/4143/4371 4488/4132/4360 4491/4134/4362
f 4491/4134/4362 4490/4135/4363 4501/4144/4372
f 4490/4135/4363 4492/4138/4366 4501/4144/4372
f 4501/4144/4372 4492/4138/4366 4495/4137/4365
f 4496/4139/4367 4497/4140/4368 4499/4142/4370
f 4495/4137/4365 4496/4139/4367 4502/4145/4373
f 4502/4145/4373 4496/4139/4367 4503/4146/4374
f 4503/4146/4374 4496/4139/4367 4499/4142/4370
f 4498/4141/4369 4504/4147/4375 4499/4142/4370
f 4499/4142/4370 4504/4147/4375 4503/4146/4374
f 4498/4141/4369 4486/4130/4358 4505/4148/4376
f 4498/4141/4369 4506/4149/4377 4504/4147/4375
f 4488/4132/4360 4500/4143/4371 4486/4130/4358
f 4498/4141/4369 4505/4148/4376 4506/4149/4377
f 4486/4130/4358 4500/4143/4371 4507/4150/4378
f 4486/4130/4358 4507/4150/4378 4505/4148/4376
f 4508/4151/4379 4509/4152/4380 4507/4150/4378
f 4507/4150/4378 4500/4143/4371 4508/4151/4379
f 4491/4134/4362 4501/4144/4372 4500/4143/4371
f 4500/4143/4371 4501/4144/4372 4510/4153/4381
f 4508/4151/4379 4500/4143/4371 4510/4153/4381
f 4510/4153/4381 4501/4144/4372 4511/4154/4382
f 4501/4144/4372 4495/4137/4365 4511/4154/4382
f 4511/4154/4382 4495/4137/4365 4502/4145/4373
f 4512/4155/4383 4502/4145/4373 4503/4146/4374
f 4511/4154/4382 4502/4145/4373 4512/4155/4383
f 4513/4156/4384 4510/4153/4381 4511/4154/4382
f 4514/4157/4385 4510/4153/4381 4513/4156/4384
f 4508/4151/4379 4510/4153/4381 4514/4157/4385
f 4515/4158/4386 4508/4151/4379 4514/4157/4385
f 4509/4152/4380 4508/4151/4379 4515/4158/4386
f 4515/4158/4386 4516/4159/4387 4509/4152/4380
f 4517/4160/4388 4516/4159/4387 4515/4158/4386
f 4518/4161/4389 4517/4160/4388 4515/4158/4386
f 4519/4162/4390 4516/4159/4387 4517/4160/4388
f 4518/4161/4389 4520/4163/4391 4517/4160/4388
f 4521/4164/4392 4518/4161/4389 4515/4158/4386
f 4521/4164/4392 4520/4163/4391 4518/4161/4389
f 4514/4157/4385 4521/4164/4392 4515/4158/4386
f 4514/4157/4385 4522/4165/4393 4521/4164/4392
f 4513/4156/4384 4523/4166/4394 4514/4157/4385
f 4523/4166/4394 4522/4165/4393 4514/4157/4385
f 4522/4165/4393 4524/4167/4395 4521/4164/4392
f 4524/4167/4395 4520/4163/4391 4521/4164/4392
f 4525/4168/4396 4522/4165/4393 4523/4166/4394
f 4525/4168/4396 4524/4167/4395 4522/4165/4393
f 4503/4146/4374 4690/4169/4397 4512/4155/4383
f 4512/4155/4383 4526/4170/4398 4527/4171/4399
f 4511/4154/4382 4512/4155/4383 4527/4171/4399
f 4511/4154/4382 4527/4171/4399 4528/4172/4400
f 4511/4154/4382 4528/4172/4400 4513/4156/4384
f 4529/4173/4401 4525/4168/4396 4523/4166/4394
f 4513/4156/4384 4528/4172/4400 4530/4174/4402
f 4530/4174/4402 4523/4166/4394 4513/4156/4384
f 4530/4174/4402 4529/4173/4401 4523/4166/4394
f 4531/4175/4403 4532/4176/4404 4529/4173/4401
f 4529/4173/4401 4532/4176/4404 4525/4168/4396
f 4525/4168/4396 4532/4176/4404 4524/4167/4395
f 4524/4167/4395 4533/4177/4405 4520/4163/4391
f 4533/4177/4405 4534/4178/4406 4520/4163/4391
f 4537/4179/4407 4535/4180/4408 4533/4177/4405
f 4533/4177/4405 4535/4180/4408 4534/4178/4406
f 4524/4167/4395 4537/4179/4407 4533/4177/4405
f 4537/4179/4407 4538/4181/4409 4535/4180/4408
f 4538/4181/4409 4539/4182/4410 4535/4180/4408
f 4538/4181/4409 4540/4183/4411 4539/4182/4410
f 4538/4181/4409 4541/4184/4412 4540/4183/4411
f 4520/4163/4391 4519/4162/4390 4517/4160/4388
f 4535/4180/4408 4542/4185/4413 4534/4178/4406
f 4535/4180/4408 4539/4182/4410 4542/4185/4413
f 4520/4163/4391 4543/4186/4414 4519/4162/4390
f 4520/4163/4391 4534/4178/4406 4543/4186/4414
f 4540/4183/4411 4545/4187/4415 4539/4182/4410
f 4534/4178/4406 4544/4188/4416 4543/4186/4414
f 4539/4182/4410 4545/4187/4415 4542/4185/4413
f 4542/4185/4413 4544/4188/4416 4534/4178/4406
f 4540/4183/4411 4546/4189/4417 4545/4187/4415
f 4545/4187/4415 4547/4190/4418 4542/4185/4413
f 4549/4191/4419 4546/4189/4417 4540/4183/4411
f 4549/4191/4419 4548/4192/4420 4546/4189/4417
f 4546/4189/4417 4550/4193/4421 4545/4187/4415
f 4548/4192/4420 4551/4194/4422 4546/4189/4417
f 4551/4194/4422 4550/4193/4421 4546/4189/4417
f 4550/4193/4421 4551/4194/4422 4552/4195/4423
f 4548/4192/4420 4553/4196/4424 4551/4194/4422
f 4554/4197/4425 4570/4198/4426 4550/4193/4421
f 4550/4193/4421 4570/4198/4426 4545/4187/4415
f 4547/4190/4418 4555/4199/4427 4542/4185/4413
f 4542/4185/4413 4555/4199/4427 4544/4188/4416
f 4519/4162/4390 4556/4200/4428 4516/4159/4387
f 4543/4186/4414 4556/4200/4428 4519/4162/4390
f 4556/4200/4428 4509/4152/4380 4516/4159/4387
f 4544/4188/4416 4557/4201/4429 4543/4186/4414
f 4556/4200/4428 4558/4202/4430 4509/4152/4380
f 4558/4202/4430 4507/4150/4378 4509/4152/4380
f 4543/4186/4414 4559/4203/4431 4556/4200/4428
f 4559/4203/4431 4558/4202/4430 4556/4200/4428
f 4558/4202/4430 4560/4204/4432 4507/4150/4378
f 4560/4204/4432 4505/4148/4376 4507/4150/4378
f 4561/4205/4433 4557/4201/4429 4544/4188/4416
f 4555/4199/4427 4561/4205/4433 4544/4188/4416
f 4557/4201/4429 4559/4203/4431 4543/4186/4414
f 4558/4202/4430 4563/4206/4434 4560/4204/4432
f 4559/4203/4431 4563/4206/4434 4558/4202/4430
f 4562/4207/4435 4563/4206/4434 4559/4203/4431
f 4503/4146/4374 4504/4147/4375 4564/4208/4436
f 4695/4209/4437 4503/4146/4374 4564/4208/4436
f 4565/4210/4438 4506/4149/4377 4566/4211/4439
f 4506/4149/4377 4505/4148/4376 4566/4211/4439
f 4560/4204/4432 4566/4211/4439 4505/4148/4376
f 4562/4207/4435 4567/4212/4440 4563/4206/4434
f 4563/4206/4434 4567/4212/4440 4560/4204/4432
f 4562/4207/4435 4568/4213/4441 4567/4212/4440
f 4567/4212/4440 4566/4211/4439 4560/4204/4432
f 4569/4214/4442 4561/4205/4433 4555/4199/4427
f 4547/4190/4418 4569/4214/4442 4555/4199/4427
f 4545/4187/4415 4570/4198/4426 4547/4190/4418
f 4570/4198/4426 4746/4215/4443 4547/4190/4418
f 4746/4215/4443 4569/4214/4442 4547/4190/4418
f 4550/4193/4421 4552/4195/4423 4554/4197/4425
f 4552/4195/4423 4571/4216/4444 4554/4197/4425
f 4572/4217/4445 4552/4195/4423 4551/4194/4422
f 4572/4217/4445 4571/4216/4444 4552/4195/4423
f 4573/4218/4446 4572/4217/4445 4551/4194/4422
f 4553/4196/4424 4573/4218/4446 4551/4194/4422
f 4571/4216/4444 4574/4219/4447 4554/4197/4425
f 4554/4197/4425 4574/4219/4447 4570/4198/4426
f 4575/4220/4448 4571/4216/4444 4572/4217/4445
f 4576/4221/4449 4575/4220/4448 4572/4217/4445
f 4576/4221/4449 4572/4217/4445 4573/4218/4446
f 4575/4220/4448 4578/4222/4450 4571/4216/4444
f 4577/4223/4451 4578/4222/4450 4575/4220/4448
f 4579/4224/4452 4575/4220/4448 4576/4221/4449
f 4580/4225/4453 4577/4223/4451 4575/4220/4448
f 4579/4224/4452 4580/4225/4453 4575/4220/4448
f 4580/4225/4453 4581/4226/4454 4577/4223/4451
f 4577/4223/4451 4582/4227/4455 4578/4222/4450
f 4581/4226/4454 4582/4227/4455 4577/4223/4451
f 4583/4228/4456 4580/4225/4453 4579/4224/4452
f 4584/4229/4457 4581/4226/4454 4580/4225/4453
f 4584/4229/4457 4585/4230/4458 4581/4226/4454
f 4586/4231/4459 4580/4225/4453 4583/4228/4456
f 4586/4231/4459 4584/4229/4457 4580/4225/4453
f 4581/4226/4454 4587/4232/4460 4582/4227/4455
f 4585/4230/4458 4587/4232/4460 4581/4226/4454
f 4588/4233/4461 4586/4231/4459 4583/4228/4456
f 4589/4234/4462 4553/4196/4424 4548/4192/4420
f 4549/4191/4419 4589/4234/4462 4548/4192/4420
f 4590/4235/4463 4579/4224/4452 4576/4221/4449
f 4583/4228/4456 4579/4224/4452 4590/4235/4463
f 4553/4196/4424 4591/4236/4464 4573/4218/4446
f 4591/4236/4464 4576/4221/4449 4573/4218/4446
f 4589/4234/4462 4591/4236/4464 4553/4196/4424
f 4732/4237/4465 4584/4229/4457 4586/4231/4459
f 4589/4234/4462 4593/4238/4466 4591/4236/4464
f 4593/4238/4466 4592/4239/4467 4591/4236/4464
f 4591/4236/4464 4592/4239/4467 4576/4221/4449
f 4592/4239/4467 4590/4235/4463 4576/4221/4449
f 4596/4240/4468 4583/4228/4456 4590/4235/4463
f 4594/4241/4469 4583/4228/4456 4596/4240/4468
f 4594/4241/4469 4588/4233/4461 4583/4228/4456
f 4592/4239/4467 4596/4240/4468 4590/4235/4463
f 4595/4242/4470 4596/4240/4468 4592/4239/4467
f 4597/4243/4471 4588/4233/4461 4594/4241/4469
f 4593/4238/4466 4595/4242/4470 4592/4239/4467
f 4595/4242/4470 4598/4244/4472 4596/4240/4468
f 4598/4244/4472 4594/4241/4469 4596/4240/4468
f 4599/4245/4473 4595/4242/4470 4593/4238/4466
f 4600/4246/4474 4598/4244/4472 4595/4242/4470
f 4599/4245/4473 4600/4246/4474 4595/4242/4470
f 4541/4184/4412 4549/4191/4419 4540/4183/4411
f 4601/4247/4475 4593/4238/4466 4589/4234/4462
f 4601/4247/4475 4599/4245/4473 4593/4238/4466
f 4602/4248/4476 4601/4247/4475 4589/4234/4462
f 4603/4249/4477 4589/4234/4462 4549/4191/4419
f 4603/4249/4477 4602/4248/4476 4589/4234/4462
f 4604/4250/4478 4549/4191/4419 4541/4184/4412
f 4605/4251/4479 4600/4246/4474 4599/4245/4473
f 4603/4249/4477 4549/4191/4419 4604/4250/4478
f 4600/4246/4474 4606/4252/4480 4598/4244/4472
f 4606/4252/4480 4607/4253/4481 4598/4244/4472
f 4598/4244/4472 4607/4253/4481 4594/4241/4469
f 4607/4253/4481 4597/4243/4471 4594/4241/4469
f 4600/4246/4474 4608/4254/4482 4606/4252/4480
f 4605/4251/4479 4608/4254/4482 4600/4246/4474
f 4606/4252/4480 4609/4255/4483 4607/4253/4481
f 4609/4255/4483 4610/4256/4484 4607/4253/4481
f 4612/4257/4485 4605/4251/4479 4599/4245/4473
f 4612/4257/4485 4599/4245/4473 4601/4247/4475
f 4613/4258/4486 4601/4247/4475 4602/4248/4476
f 4613/4258/4486 4602/4248/4476 4603/4249/4477
f 4612/4257/4485 4611/4259/4487 4605/4251/4479
f 4614/4260/4488 4612/4257/4485 4601/4247/4475
f 4614/4260/4488 4601/4247/4475 4613/4258/4486
f 4615/4261/4489 4611/4259/4487 4612/4257/4485
f 4616/4262/4490 4603/4249/4477 4604/4250/4478
f 4617/4263/4491 4603/4249/4477 4616/4262/4490
f 4617/4263/4491 4613/4258/4486 4603/4249/4477
f 4618/4264/4492 4613/4258/4486 4617/4263/4491
f 4618/4264/4492 4614/4260/4488 4613/4258/4486
f 4614/4260/4488 4618/4264/4492 4619/4265/4493
f 4538/4181/4409 4620/4266/4494 4541/4184/4412
f 4621/4267/4495 4616/4262/4490 4604/4250/4478
f 4617/4263/4491 4616/4262/4490 4621/4267/4495
f 4541/4184/4412 4622/4268/4496 4604/4250/4478
f 4541/4184/4412 4620/4266/4494 4622/4268/4496
f 4618/4264/4492 4617/4263/4491 4621/4267/4495
f 4623/4269/4497 4619/4265/4493 4618/4264/4492
f 4623/4269/4497 4618/4264/4492 4621/4267/4495
f 4604/4250/4478 4622/4268/4496 4621/4267/4495
f 4538/4181/4409 4624/4270/4498 4620/4266/4494
f 4537/4179/4407 4625/4271/4499 4538/4181/4409
f 4626/4272/4500 4625/4271/4499 4537/4179/4407
f 4524/4167/4395 4626/4272/4500 4537/4179/4407
f 4628/4273/4501 4627/4274/4502 4532/4176/4404
f 4531/4175/4403 4628/4273/4501 4532/4176/4404
f 4629/4275/4503 4628/4273/4501 4531/4175/4403
f 4536/4276/4504 4629/4275/4503 4531/4175/4403
f 4524/4167/4395 4630/4277/4505 4626/4272/4500
f 4625/4271/4499 4631/4278/4506 4538/4181/4409
f 4632/4279/4507 4630/4277/4505 4524/4167/4395
f 4538/4181/4409 4631/4278/4506 4624/4270/4498
f 4633/4280/4508 4632/4279/4507 4524/4167/4395
f 4532/4176/4404 4633/4280/4508 4524/4167/4395
f 4624/4270/4498 4634/4281/4509 4620/4266/4494
f 4627/4274/4502 4633/4280/4508 4532/4176/4404
f 4634/4281/4509 4635/4282/4510 4620/4266/4494
f 4620/4266/4494 4635/4282/4510 4622/4268/4496
f 4635/4282/4510 4636/4283/4511 4622/4268/4496
f 4637/4284/4512 4629/4275/4503 4536/4276/4504
f 4622/4268/4496 4636/4283/4511 4639/4285/4513
f 4622/4268/4496 4639/4285/4513 4621/4267/4495
f 4640/4286/4514 4638/4287/4515 4637/4284/4512
f 4640/4286/4514 4637/4284/4512 4536/4276/4504
f 4641/4288/4516 4638/4287/4515 4640/4286/4514
f 4621/4267/4495 4642/4289/4517 4641/4288/4516
f 4639/4285/4513 4642/4289/4517 4621/4267/4495
f 4621/4267/4495 4641/4288/4516 4640/4286/4514
f 4640/4286/4514 4536/4276/4504 4623/4269/4497
f 4623/4269/4497 4621/4267/4495 4640/4286/4514
f 4643/4290/4518 4623/4269/4497 4536/4276/4504
f 4644/4291/4519 4536/4276/4504 4531/4175/4403
f 4644/4291/4519 4643/4290/4518 4536/4276/4504
f 4644/4291/4519 4531/4175/4403 4529/4173/4401
f 4645/4292/4520 4623/4269/4497 4643/4290/4518
f 4645/4292/4520 4619/4265/4493 4623/4269/4497
f 4644/4291/4519 4529/4173/4401 4530/4174/4402
f 4646/4293/4521 4644/4291/4519 4530/4174/4402
f 4647/4294/4522 4619/4265/4493 4645/4292/4520
f 4614/4260/4488 4619/4265/4493 4647/4294/4522
f 4612/4257/4485 4614/4260/4488 4647/4294/4522
f 4615/4261/4489 4612/4257/4485 4647/4294/4522
f 4605/4251/4479 4648/4295/4523 4608/4254/4482
f 4611/4259/4487 4648/4295/4523 4605/4251/4479
f 4608/4254/4482 4609/4255/4483 4606/4252/4480
f 4608/4254/4482 4648/4295/4523 4649/4296/4524
f 4609/4255/4483 4608/4254/4482 4650/4297/4525
f 4608/4254/4482 4649/4296/4524 4650/4297/4525
f 4611/4259/4487 4651/4298/4526 4648/4295/4523
f 4611/4259/4487 4615/4261/4489 4651/4298/4526
f 4615/4261/4489 4652/4299/4527 4651/4298/4526
f 4652/4299/4527 4615/4261/4489 4647/4294/4522
f 4653/4300/4528 4647/4294/4522 4645/4292/4520
f 4648/4295/4523 4651/4298/4526 4654/4301/4529
f 4648/4295/4523 4654/4301/4529 4649/4296/4524
f 4655/4302/4530 4652/4299/4527 4647/4294/4522
f 4655/4302/4530 4647/4294/4522 4653/4300/4528
f 4650/4297/4525 4649/4296/4524 4656/4303/4531
f 4650/4297/4525 4656/4303/4531 4658/4304/4532
f 4657/4305/4533 4653/4300/4528 4659/4306/4534
f 4660/4307/4535 4657/4305/4533 4659/4306/4534
f 4659/4306/4534 4653/4300/4528 4645/4292/4520
f 4661/4308/4536 4660/4307/4535 4659/4306/4534
f 4662/4309/4537 4650/4297/4525 4658/4304/4532
f 4609/4255/4483 4650/4297/4525 4662/4309/4537
f 4663/4310/4538 4659/4306/4534 4645/4292/4520
f 4663/4310/4538 4661/4308/4536 4659/4306/4534
f 4662/4309/4537 4658/4304/4532 4664/4311/4539
f 4610/4256/4484 4609/4255/4483 4662/4309/4537
f 4663/4310/4538 4665/4312/4540 4661/4308/4536
f 4661/4308/4536 4665/4312/4540 4666/4313/4541
f 4667/4314/4542 4665/4312/4540 4668/4315/4543
f 4663/4310/4538 4645/4292/4520 4643/4290/4518
f 4665/4312/4540 4669/4316/4544 4668/4315/4543
f 4670/4317/4545 4668/4315/4543 4669/4316/4544
f 4665/4312/4540 4663/4310/4538 4669/4316/4544
f 4671/4318/4546 4670/4317/4545 4669/4316/4544
f 4669/4316/4544 4663/4310/4538 4643/4290/4518
f 4672/4319/4547 4671/4318/4546 4669/4316/4544
f 4669/4316/4544 4643/4290/4518 4644/4291/4519
f 4669/4316/4544 4644/4291/4519 4646/4293/4521
f 4672/4319/4547 4669/4316/4544 4646/4293/4521
f 4673/4320/4548 4671/4318/4546 4672/4319/4547
f 4673/4320/4548 4672/4319/4547 4674/4321/4549
f 4675/4322/4550 4674/4321/4549 4676/4323/4551
f 4677/4324/4552 4675/4322/4550 4676/4323/4551
f 4674/4321/4549 4672/4319/4547 4676/4323/4551
f 4676/4323/4551 4672/4319/4547 4646/4293/4521
f 4678/4325/4553 4677/4324/4552 4676/4323/4551
f 4678/4325/4553 4676/4323/4551 4679/4326/4554
f 4682/4327/4555 4679/4326/4554 4676/4323/4551
f 4682/4327/4555 4676/4323/4551 4680/4328/4556
f 4680/4328/4556 4676/4323/4551 4646/4293/4521
f 4681/4329/4557 4679/4326/4554 4683/4330/4558
f 4680/4328/4556 4646/4293/4521 4530/4174/4402
f 4528/4172/4400 4680/4328/4556 4530/4174/4402
f 4682/4327/4555 4680/4328/4556 4528/4172/4400
f 4527/4171/4399 4682/4327/4555 4528/4172/4400
f 4679/4326/4554 4682/4327/4555 4683/4330/4558
f 4682/4327/4555 4527/4171/4399 4683/4330/4558
f 4527/4171/4399 4526/4170/4398 4683/4330/4558
f 4681/4329/4557 4683/4330/4558 4684/4331/4559
f 4683/4330/4558 4685/4332/4560 4684/4331/4559
f 4686/4333/4561 4684/4331/4559 4685/4332/4560
f 4686/4333/4561 4685/4332/4560 4687/4334/4562
f 4689/4335/4563 4688/4336/4564 4692/4337/4565
f 4692/4337/4565 4688/4336/4564 4687/4334/4562
f 4683/4330/4558 4526/4170/4398 4685/4332/4560
f 4690/4169/4397 4526/4170/4398 4512/4155/4383
f 4526/4170/4398 4690/4169/4397 4685/4332/4560
f 4691/4338/4566 4690/4169/4397 4503/4146/4374
f 4685/4332/4560 4691/4338/4566 4687/4334/4562
f 4685/4332/4560 4690/4169/4397 4691/4338/4566
f 4691/4338/4566 4692/4337/4565 4687/4334/4562
f 4693/4339/4567 4689/4335/4563 4692/4337/4565
f 4695/4209/4437 4694/4340/4568 4692/4337/4565
f 4695/4209/4437 4692/4337/4565 4691/4338/4566
f 4695/4209/4437 4691/4338/4566 4503/4146/4374
f 4695/4209/4437 4564/4208/4436 4696/4341/4569
f 4695/4209/4437 4696/4341/4569 4694/4340/4568
f 4694/4340/4568 4693/4339/4567 4692/4337/4565
f 4564/4208/4436 4504/4147/4375 4696/4341/4569
f 4504/4147/4375 4506/4149/4377 4696/4341/4569
f 4696/4341/4569 4506/4149/4377 4565/4210/4438
f 4696/4341/4569 4565/4210/4438 4694/4340/4568
f 4565/4210/4438 4697/4342/4570 4694/4340/4568
f 4694/4340/4568 4698/4343/4571 4693/4339/4567
f 4697/4342/4570 4565/4210/4438 4566/4211/4439
f 4697/4342/4570 4698/4343/4571 4694/4340/4568
f 4698/4343/4571 4689/4335/4563 4693/4339/4567
f 4699/4344/4572 4689/4335/4563 4698/4343/4571
f 4700/4345/4573 4699/4344/4572 4698/4343/4571
f 4701/4346/4574 4700/4345/4573 4698/4343/4571
f 4702/4347/4575 4700/4345/4573 4701/4346/4574
f 4701/4346/4574 4698/4343/4571 4697/4342/4570
f 4703/4348/4576 4702/4347/4575 4701/4346/4574
f 4704/4349/4577 4697/4342/4570 4566/4211/4439
f 4705/4350/4578 4703/4348/4576 4701/4346/4574
f 4706/4351/4579 4703/4348/4576 4705/4350/4578
f 4707/4352/4580 4706/4351/4579 4705/4350/4578
f 4701/4346/4574 4697/4342/4570 4704/4349/4577
f 4705/4350/4578 4701/4346/4574 4704/4349/4577
f 4708/4353/4581 4707/4352/4580 4705/4350/4578
f 4709/4354/4582 4708/4353/4581 4705/4350/4578
f 4710/4355/4583 4708/4353/4581 4709/4354/4582
f 4704/4349/4577 4709/4354/4582 4705/4350/4578
f 4711/4356/4584 4709/4354/4582 4704/4349/4577
f 4740/4357/4585 4711/4356/4584 4704/4349/4577
f 4740/4357/4585 4704/4349/4577 4566/4211/4439
f 4567/4212/4440 4740/4357/4585 4566/4211/4439
f 4712/4358/4586 4710/4355/4583 4709/4354/4582
f 4713/4359/4587 4712/4358/4586 4709/4354/4582
f 4709/4354/4582 4714/4360/4588 4713/4359/4587
f 4714/4360/4588 4715/4361/4589 4713/4359/4587
f 4714/4360/4588 4717/4362/4590 4716/4363/4591
f 4714/4360/4588 4718/4364/4592 4717/4362/4590
f 4714/4360/4588 4709/4354/4582 4718/4364/4592
f 4719/4365/4593 4709/4354/4582 4711/4356/4584
f 4718/4364/4592 4709/4354/4582 4719/4365/4593
f 4720/4366/4594 4717/4362/4590 4718/4364/4592
f 4722/4367/4595 4720/4366/4594 4718/4364/4592
f 4723/4368/4596 4722/4367/4595 4718/4364/4592
f 4723/4368/4596 4718/4364/4592 4721/4369/4597
f 4721/4369/4597 4718/4364/4592 4719/4365/4593
f 4724/4370/4598 4723/4368/4596 4721/4369/4597
f 4725/4371/4599 4723/4368/4596 4724/4370/4598
f 4587/4232/4460 4725/4371/4599 4724/4370/4598
f 4726/4372/4600 4725/4371/4599 4587/4232/4460
f 4585/4230/4458 4726/4372/4600 4587/4232/4460
f 4726/4372/4600 4728/4373/4601 4727/4374/4602
f 4727/4374/4602 4728/4373/4601 4729/4375/4603
f 4729/4375/4603 4731/4376/4604 4730/4377/4605
f 4728/4373/4601 4732/4237/4465 4729/4375/4603
f 4729/4375/4603 4732/4237/4465 4731/4376/4604
f 4730/4377/4605 4731/4376/4604 4664/4311/4539
f 4732/4237/4465 4733/4378/4606 4731/4376/4604
f 4731/4376/4604 4662/4309/4537 4664/4311/4539
f 4731/4376/4604 4733/4378/4606 4662/4309/4537
f 4733/4378/4606 4734/4379/4607 4662/4309/4537
f 4734/4379/4607 4610/4256/4484 4662/4309/4537
f 4610/4256/4484 4734/4379/4607 4607/4253/4481
f 4734/4379/4607 4597/4243/4471 4607/4253/4481
f 4733/4378/4606 4588/4233/4461 4734/4379/4607
f 4734/4379/4607 4588/4233/4461 4597/4243/4471
f 4733/4378/4606 4586/4231/4459 4588/4233/4461
f 4733/4378/4606 4732/4237/4465 4586/4231/4459
f 4728/4373/4601 4584/4229/4457 4732/4237/4465
f 4726/4372/4600 4585/4230/4458 4728/4373/4601
f 4728/4373/4601 4585/4230/4458 4584/4229/4457
f 4735/4380/4608 4587/4232/4460 4724/4370/4598
f 4587/4232/4460 4735/4380/4608 4582/4227/4455
f 4735/4380/4608 4724/4370/4598 4721/4369/4597
f 4582/4227/4455 4735/4380/4608 4737/4381/4609
f 4582/4227/4455 4737/4381/4609 4578/4222/4450
f 4578/4222/4450 4738/4382/4610 4571/4216/4444
f 4578/4222/4450 4737/4381/4609 4738/4382/4610
f 4735/4380/4608 4721/4369/4597 4736/4383/4611
f 4735/4380/4608 4739/4384/4612 4737/4381/4609
f 4571/4216/4444 4738/4382/4610 4574/4219/4447
f 4735/4380/4608 4736/4383/4611 4739/4384/4612
f 4738/4382/4610 4744/4385/4613 4574/4219/4447
f 4738/4382/4610 4737/4381/4609 4744/4385/4613
f 4737/4381/4609 4739/4384/4612 4743/4386/4614
f 4737/4381/4609 4743/4386/4614 4744/4385/4613
f 4736/4383/4611 4721/4369/4597 4719/4365/4593
f 4719/4365/4593 4740/4357/4585 4741/4387/4615
f 4736/4383/4611 4719/4365/4593 4741/4387/4615
f 4719/4365/4593 4711/4356/4584 4740/4357/4585
f 4741/4387/4615 4740/4357/4585 4567/4212/4440
f 4568/4213/4441 4741/4387/4615 4567/4212/4440
f 4739/4384/4612 4736/4383/4611 4741/4387/4615
f 4742/4388/4616 4741/4387/4615 4568/4213/4441
f 4743/4386/4614 4739/4384/4612 4741/4387/4615
f 4745/4389/4617 4574/4219/4447 4744/4385/4613
f 4746/4215/4443 4570/4198/4426 4574/4219/4447
f 4745/4389/4617 4746/4215/4443 4574/4219/4447
f 4743/4386/4614 4741/4387/4615 4742/4388/4616
f 4747/4390/4618 4744/4385/4613 4743/4386/4614
f 4748/4391/4619 4742/4388/4616 4568/4213/4441
f 4749/4392/4620 4748/4391/4619 4568/4213/4441
f 4750/4393/4621 4745/4389/4617 4744/4385/4613
f 4751/4394/4622 4568/4213/4441 4562/4207/4435
f 4752/4395/4623 4746/4215/4443 4745/4389/4617
f 4753/4396/4624 4751/4394/4622 4562/4207/4435
f 4753/4396/4624 4562/4207/4435 4559/4203/4431
f 4752/4395/4623 4754/4397/4625 4746/4215/4443
f 4755/4398/4626 4753/4396/4624 4559/4203/4431
f 4754/4397/4625 4569/4214/4442 4746/4215/4443
f 4756/4399/4627 4755/4398/4626 4559/4203/4431
f 4756/4399/4627 4559/4203/4431 4557/4201/4429
f 4757/4400/4628 4557/4201/4429 4561/4205/4433
f 4757/4400/4628 4756/4399/4627 4557/4201/4429
f 4758/4401/4629 4569/4214/4442 4754/4397/4625
f 4758/4401/4629 4561/4205/4433 4569/4214/4442
f 4759/4402/4630 4752/4395/4623 4745/4389/4617
f 4759/4402/4630 4745/4389/4617 4750/4393/4621
f 4747/4390/4618 4750/4393/4621 4744/4385/4613
f 4760/4403/4631 4747/4390/4618 4743/4386/4614
f 4761/4404/4632 4568/4213/4441 4751/4394/4622
f 4761/4404/4632 4749/4392/4620 4568/4213/4441
f 4762/4405/4633 4760/4403/4631 4743/4386/4614
f 4762/4405/4633 4743/4386/4614 4742/4388/4616
f 4763/4406/4634 4762/4405/4633 4742/4388/4616
f 4763/4406/4634 4742/4388/4616 4748/4391/4619
f 4767/4407/4635 4765/4408/4636 4764/4409/4637
f 4765/4408/4636 4768/4410/4638 4766/4411/4639
f 4770/4412/4640 4767/4407/4635 4764/4409/4637
f 4770/4412/4640 4764/4409/4637 4771/4413/4641
f 4772/4414/4642 4769/4415/4643 4768/4410/4638
f 4773/4416/4644 4774/4417/4645 4769/4415/4643
f 4767/4407/4635 4775/4418/4646 4765/4408/4636
f 4776/4419/4647 4770/4412/4640 4771/4413/4641
f 4776/4419/4647 4771/4413/4641 4777/4420/4648
f 4772/4414/4642 4773/4416/4644 4769/4415/4643
f 4773/4416/4644 4778/4421/4649 4774/4417/4645
f 4780/4422/4650 4781/4423/4651 4779/4424/4652
f 4780/4422/4650 4782/4425/4653 4781/4423/4651
f 4782/4425/4653 4780/4422/4650 4783/4426/4654
f 4780/4422/4650 4788/4427/4655 4783/4426/4654
f 4784/4428/4656 4778/4421/4649 4773/4416/4644
f 4785/4429/4657 4779/4424/4652 4778/4421/4649
f 4784/4428/4656 4785/4429/4657 4778/4421/4649
f 4786/4430/4658 4780/4422/4650 4779/4424/4652
f 4785/4429/4657 4786/4430/4658 4779/4424/4652
f 4787/4431/4659 4772/4414/4642 4768/4410/4638
f 4787/4431/4659 4768/4410/4638 4765/4408/4636
f 4775/4418/4646 4787/4431/4659 4765/4408/4636
f 4786/4430/4658 4788/4427/4655 4780/4422/4650
f 4789/4432/4660 4772/4414/4642 4787/4431/4659
f 4789/4432/4660 4773/4416/4644 4772/4414/4642
f 4790/4433/4661 4785/4429/4657 4784/4428/4656
f 4791/4434/4662 4784/4428/4656 4773/4416/4644
f 4791/4434/4662 4790/4433/4661 4784/4428/4656
f 4791/4434/4662 4773/4416/4644 4789/4432/4660
f 4792/4435/4663 4787/4431/4659 4775/4418/4646
f 4792/4435/4663 4775/4418/4646 4767/4407/4635
f 4790/4433/4661 4793/4436/4664 4785/4429/4657
f 4793/4436/4664 4786/4430/4658 4785/4429/4657
f 4794/4437/4665 4792/4435/4663 4767/4407/4635
f 4794/4437/4665 4767/4407/4635 4770/4412/4640
f 4795/4438/4666 4794/4437/4665 4770/4412/4640
f 4795/4438/4666 4770/4412/4640 4776/4419/4647
f 4796/4439/4667 4792/4435/4663 4794/4437/4665
f 4796/4439/4667 4797/4440/4668 4792/4435/4663
f 4797/4440/4668 4787/4431/4659 4792/4435/4663
f 4797/4440/4668 4789/4432/4660 4787/4431/4659
f 4798/4441/4669 4791/4434/4662 4789/4432/4660
f 4797/4440/4668 4798/4441/4669 4789/4432/4660
f 4799/4442/4670 4790/4433/4661 4791/4434/4662
f 4798/4441/4669 4799/4442/4670 4791/4434/4662
f 4800/4443/4671 4797/4440/4668 4796/4439/4667
f 4799/4442/4670 4793/4436/4664 4790/4433/4661
f 4797/4440/4668 4801/4444/4672 4798/4441/4669
f 4798/4441/4669 4812/4445/4673 4799/4442/4670
f 4798/4441/4669 4801/4444/4672 4812/4445/4673
f 4801/4444/4672 4797/4440/4668 4800/4443/4671
f 4802/4446/4674 4796/4439/4667 4794/4437/4665
f 4802/4446/4674 4794/4437/4665 4795/4438/4666
f 4803/4447/4675 4776/4419/4647 4777/4420/4648
f 4776/4419/4647 4803/4447/4675 4804/4448/4676
f 4805/4449/4677 4795/4438/4666 4776/4419/4647
f 4806/4450/4678 4776/4419/4647 4804/4448/4676
f 4805/4449/4677 4776/4419/4647 4806/4450/4678
f 4815/4451/4679 4795/4438/4666 4805/4449/4677
f 4815/4451/4679 4802/4446/4674 4795/4438/4666
f 4806/4450/4678 4804/4448/4676 4807/4452/4680
f 4807/4452/4680 4804/4448/4676 4783/4426/4654
f 4788/4427/4655 4807/4452/4680 4783/4426/4654
f 4808/4453/4681 4806/4450/4678 4807/4452/4680
f 4809/4454/4682 4808/4453/4681 4807/4452/4680
f 4809/4454/4682 4807/4452/4680 4788/4427/4655
f 4793/4436/4664 4788/4427/4655 4786/4430/4658
f 4793/4436/4664 4809/4454/4682 4788/4427/4655
f 4810/4455/4683 4809/4454/4682 4793/4436/4664
f 4810/4455/4683 4808/4453/4681 4809/4454/4682
f 4810/4455/4683 4811/4456/4684 4808/4453/4681
f 4799/4442/4670 4810/4455/4683 4793/4436/4664
f 4810/4455/4683 4799/4442/4670 4812/4445/4673
f 4810/4455/4683 4812/4445/4673 4811/4456/4684
f 4811/4456/4684 4806/4450/4678 4808/4453/4681
f 4801/4444/4672 4813/4457/4685 4812/4445/4673
f 4812/4445/4673 4813/4457/4685 4811/4456/4684
f 4811/4456/4684 4814/4458/4686 4806/4450/4678
f 4805/4449/4677 4806/4450/4678 4814/4458/4686
f 4811/4456/4684 4813/4457/4685 4814/4458/4686
f 4801/4444/4672 4814/4458/4686 4813/4457/4685
f 4815/4451/4679 4814/4458/4686 4801/4444/4672
f 4815/4451/4679 4801/4444/4672 4800/4443/4671
f 4815/4451/4679 4805/4449/4677 4814/4458/4686
f 4800/4443/4671 4802/4446/4674 4815/4451/4679
f 4800/4443/4671 4796/4439/4667 4802/4446/4674
f 4817/4459/4687 4818/4460/4688 4819/4461/4689
f 4817/4459/4687 4819/4461/4689 4816/4462/4690
f 4820/4463/4691 4819/4461/4689 4818/4460/4688
f 4819/4461/4689 4822/4464/4692 4816/4462/4690
f 4816/4462/4690 4822/4464/4692 4823/4465/4693
f 4821/4466/4694 4824/4467/4695 4820/4463/4691
f 4826/4468/4696 4825/4469/4697 4821/4466/4694
f 4822/4464/4692 4827/4470/4698 4823/4465/4693
f 4823/4465/4693 4827/4470/4698 4828/4471/4699
f 4819/4461/4689 4829/4472/4700 4822/4464/4692
f 4825/4469/4697 4824/4467/4695 4821/4466/4694
f 4830/4473/4701 4825/4469/4697 4826/4468/4696
f 4833/4474/4702 4832/4475/4703 4831/4476/4704
f 4834/4477/4705 4832/4475/4703 4833/4474/4702
f 4832/4475/4703 4834/4477/4705 4835/4478/4706
f 4840/4479/4707 4832/4475/4703 4835/4478/4706
f 4830/4473/4701 4836/4480/4708 4825/4469/4697
f 4831/4476/4704 4837/4481/4709 4830/4473/4701
f 4837/4481/4709 4836/4480/4708 4830/4473/4701
f 4832/4475/4703 4838/4482/4710 4831/4476/4704
f 4838/4482/4710 4837/4481/4709 4831/4476/4704
f 4824/4467/4695 4839/4483/4711 4820/4463/4691
f 4820/4463/4691 4839/4483/4711 4819/4461/4689
f 4839/4483/4711 4829/4472/4700 4819/4461/4689
f 4840/4479/4707 4838/4482/4710 4832/4475/4703
f 4825/4469/4697 4841/4484/4712 4824/4467/4695
f 4836/4480/4708 4841/4484/4712 4825/4469/4697
f 4824/4467/4695 4842/4485/4713 4839/4483/4711
f 4841/4484/4712 4842/4485/4713 4824/4467/4695
f 4837/4481/4709 4843/4486/4714 4836/4480/4708
f 4836/4480/4708 4844/4487/4715 4841/4484/4712
f 4843/4486/4714 4844/4487/4715 4836/4480/4708
f 4839/4483/4711 4845/4488/4716 4829/4472/4700
f 4842/4485/4713 4845/4488/4716 4839/4483/4711
f 4845/4488/4716 4846/4489/4717 4829/4472/4700
f 4829/4472/4700 4846/4489/4717 4822/4464/4692
f 4847/4490/4718 4843/4486/4714 4837/4481/4709
f 4838/4482/4710 4847/4490/4718 4837/4481/4709
f 4846/4489/4717 4848/4491/4719 4822/4464/4692
f 4848/4491/4719 4849/4492/4720 4822/4464/4692
f 4822/4464/4692 4849/4492/4720 4827/4470/4698
f 4846/4489/4717 4857/4493/4721 4848/4491/4719
f 4850/4494/4722 4857/4493/4721 4846/4489/4717
f 4845/4488/4716 4850/4494/4722 4846/4489/4717
f 4845/4488/4716 4851/4495/4723 4850/4494/4722
f 4842/4485/4713 4851/4495/4723 4845/4488/4716
f 4841/4484/4712 4851/4495/4723 4842/4485/4713
f 4844/4487/4715 4852/4496/4724 4841/4484/4712
f 4852/4496/4724 4851/4495/4723 4841/4484/4712
f 4843/4486/4714 4852/4496/4724 4844/4487/4715
f 4853/4497/4725 4852/4496/4724 4843/4486/4714
f 4847/4490/4718 4853/4497/4725 4843/4486/4714
f 4854/4498/4726 4851/4495/4723 4852/4496/4724
f 4855/4499/4727 4851/4495/4723 4854/4498/4726
f 4867/4500/4728 4854/4498/4726 4852/4496/4724
f 4867/4500/4728 4852/4496/4724 4853/4497/4725
f 4851/4495/4723 4856/4501/4729 4850/4494/4722
f 4851/4495/4723 4855/4499/4727 4856/4501/4729
f 4850/4494/4722 4856/4501/4729 4857/4493/4721
f 4848/4491/4719 4857/4493/4721 4849/4492/4720
f 4827/4470/4698 4858/4502/4730 4828/4471/4699
f 4858/4502/4730 4827/4470/4698 4859/4503/4731
f 4849/4492/4720 4861/4504/4732 4827/4470/4698
f 4849/4492/4720 4860/4505/4733 4861/4504/4732
f 4827/4470/4698 4861/4504/4732 4859/4503/4731
f 4849/4492/4720 4869/4506/4734 4860/4505/4733
f 4859/4503/4731 4862/4507/4735 4835/4478/4706
f 4859/4503/4731 4861/4504/4732 4862/4507/4735
f 4862/4507/4735 4840/4479/4707 4835/4478/4706
f 4861/4504/4732 4863/4508/4736 4862/4507/4735
f 4863/4508/4736 4864/4509/4737 4862/4507/4735
f 4862/4507/4735 4864/4509/4737 4840/4479/4707
f 4840/4479/4707 4847/4490/4718 4838/4482/4710
f 4864/4509/4737 4847/4490/4718 4840/4479/4707
f 4864/4509/4737 4853/4497/4725 4847/4490/4718
f 4865/4510/4738 4853/4497/4725 4864/4509/4737
f 4863/4508/4736 4865/4510/4738 4864/4509/4737
f 4866/4511/4739 4865/4510/4738 4863/4508/4736
f 4867/4500/4728 4853/4497/4725 4865/4510/4738
f 4867/4500/4728 4865/4510/4738 4866/4511/4739
f 4861/4504/4732 4866/4511/4739 4863/4508/4736
f 4866/4511/4739 4854/4498/4726 4867/4500/4728
f 4854/4498/4726 4866/4511/4739 4861/4504/4732
f 4854/4498/4726 4861/4504/4732 4868/4512/4740
f 4861/4504/4732 4860/4505/4733 4868/4512/4740
f 4868/4512/4740 4855/4499/4727 4854/4498/4726
f 4869/4506/4734 4855/4499/4727 4868/4512/4740
f 4856/4501/4729 4855/4499/4727 4869/4506/4734
f 4860/4505/4733 4869/4506/4734 4868/4512/4740
f 4857/4493/4721 4856/4501/4729 4869/4506/4734
f 4849/4492/4720 4857/4493/4721 4869/4506/4734
f 4870/4513/4741 4873/4514/4742 4871/4515/4743
f 4870/4513/4741 4874/4516/4744 4873/4514/4742
f 4870/4513/4741 4875/4517/4745 4874/4516/4744
f 4878/4518/4746 4877/4519/4747 4876/4520/4748
f 4880/4521/4749 4877/4522/4750 4879/4523/4751
f 4882/4524/4752 4881/4525/4753 4883/4526/4754
f 4884/4527/4755 4882/4524/4752 4883/4526/4754
f 4881/4525/4753 4885/4528/4756 4883/4526/4754
f 4885/4528/4756 4886/4529/4757 4883/4526/4754
f 4884/4527/4755 4883/4526/4754 4887/4530/4758
f 4883/4526/4754 4888/4531/4759 4887/4530/4758
f 4888/4531/4759 4883/4526/4754 4886/4529/4757
f 4888/4531/4759 4886/4529/4757 4889/4532/4760
f 4890/4533/4761 4888/4531/4759 4889/4532/4760
f 4888/4531/4759 4890/4533/4761 4887/4530/4758
f 4890/4533/4761 4891/4534/4762 4887/4530/4758
f 4889/4532/4760 4892/4535/4763 4890/4533/4761
f 4893/4536/4764 4891/4534/4762 4890/4533/4761
f 4892/4535/4763 4894/4537/4765 4890/4533/4761
f 4894/4537/4765 4893/4536/4764 4890/4533/4761
f 4897/4538/4766 4898/4539/4767 4899/4540/4768
f 4898/4539/4767 4897/4538/4766 4901/4541/4769
f 4899/4540/4768 4898/4539/4767 4902/4542/4770
f 4939/4543/4771 4900/4544/4772 4898/4539/4767
f 4936/4545/4773 4898/4539/4767 4901/4541/4769
f 4898/4539/4767 4904/4546/4774 4902/4542/4770
f 4903/4547/4775 4900/4544/4772 4939/4543/4771
f 4939/4543/4771 4898/4539/4767 4936/4545/4773
f 4904/4546/4774 4906/4548/4776 4902/4542/4770
f 4906/4548/4776 4907/4549/4777 4902/4542/4770
f 4902/4542/4770 4907/4549/4777 4908/4550/4778
f 4907/4549/4777 4909/4551/4779 4908/4550/4778
f 4908/4550/4778 4909/4551/4779 4910/4552/4780
f 4906/4548/4776 4911/4553/4781 4907/4549/4777
f 4911/4553/4781 4912/4554/4782 4907/4549/4777
f 4907/4549/4777 4912/4554/4782 4909/4551/4779
f 4912/4554/4782 4913/4555/4783 4909/4551/4779
f 4914/4556/4784 4911/4553/4781 4906/4548/4776
f 4904/4546/4774 4914/4556/4784 4906/4548/4776
f 4900/4544/4772 4914/4556/4784 4904/4546/4774
f 4898/4539/4767 4900/4544/4772 4904/4546/4774
f 4900/4544/4772 4903/4547/4775 4914/4556/4784
f 4903/4547/4775 4915/4557/4785 4914/4556/4784
f 4914/4556/4784 4915/4557/4785 4911/4553/4781
f 4905/4558/4786 4916/4559/4787 4903/4547/4775
f 4903/4547/4775 4916/4559/4787 4915/4557/4785
f 4915/4557/4785 4917/4560/4788 4911/4553/4781
f 4911/4553/4781 4917/4560/4788 4912/4554/4782
f 4915/4557/4785 4916/4559/4787 4917/4560/4788
f 4916/4559/4787 4918/4561/4789 4917/4560/4788
f 4919/4562/4790 4918/4561/4789 4916/4559/4787
f 4919/4562/4790 4916/4559/4787 4905/4558/4786
f 4917/4560/4788 4920/4563/4791 4912/4554/4782
f 4918/4561/4789 4921/4564/4792 4917/4560/4788
f 4917/4560/4788 4921/4564/4792 4920/4563/4791
f 4921/4564/4792 4918/4561/4789 4919/4562/4790
f 4912/4554/4782 4920/4563/4791 4913/4555/4783
f 4921/4564/4792 4919/4562/4790 4922/4565/4793
f 4921/4564/4792 4922/4565/4793 4920/4563/4791
f 4923/4566/4794 4919/4562/4790 4905/4558/4786
f 4922/4565/4793 4919/4562/4790 4923/4566/4794
f 4920/4563/4791 4922/4565/4793 4924/4567/4795
f 4920/4563/4791 4924/4567/4795 4913/4555/4783
f 4909/4551/4779 4925/4568/4796 4910/4552/4780
f 4922/4565/4793 4926/4569/4797 4924/4567/4795
f 4909/4551/4779 4927/4570/4798 4925/4568/4796
f 4926/4569/4797 4922/4565/4793 4923/4566/4794
f 4913/4555/4783 4928/4571/4799 4909/4551/4779
f 4928/4571/4799 4927/4570/4798 4909/4551/4779
f 4927/4570/4798 4929/4572/4800 4925/4568/4796
f 4924/4567/4795 4930/4573/4801 4913/4555/4783
f 4930/4573/4801 4928/4571/4799 4913/4555/4783
f 4926/4569/4797 4930/4573/4801 4924/4567/4795
f 4927/4570/4798 4931/4574/4802 4929/4572/4800
f 4926/4569/4797 4932/4575/4803 4930/4573/4801
f 4928/4571/4799 4931/4574/4802 4927/4570/4798
f 4933/4576/4804 4932/4575/4803 4926/4569/4797
f 4928/4571/4799 4934/4577/4805 4931/4574/4802
f 4932/4575/4803 4933/4576/4804 4930/4573/4801
f 4930/4573/4801 4935/4578/4806 4928/4571/4799
f 4935/4578/4806 4934/4577/4805 4928/4571/4799
f 4933/4576/4804 4935/4578/4806 4930/4573/4801
f 4933/4576/4804 4926/4569/4797 4923/4566/4794
f 4931/4574/4802 4936/4545/4773 4929/4572/4800
f 4934/4577/4805 4937/4579/4807 4931/4574/4802
f 4937/4579/4807 4936/4545/4773 4931/4574/4802
f 4936/4545/4773 4901/4541/4769 4929/4572/4800
f 4935/4578/4806 4937/4579/4807 4934/4577/4805
f 4933/4576/4804 4938/4580/4808 4935/4578/4806
f 4938/4580/4808 4937/4579/4807 4935/4578/4806
f 4937/4579/4807 4939/4543/4771 4936/4545/4773
f 4938/4580/4808 4940/4581/4809 4937/4579/4807
f 4940/4581/4809 4939/4543/4771 4937/4579/4807
f 4938/4580/4808 4933/4576/4804 4905/4558/4786
f 4938/4580/4808 4905/4558/4786 4940/4581/4809
f 4933/4576/4804 4923/4566/4794 4905/4558/4786
f 4940/4581/4809 4903/4547/4775 4939/4543/4771
f 4905/4558/4786 4903/4547/4775 4940/4581/4809
f 4941/4582/4810 4943/4583/4811 4942/4584/4812
f 4941/4582/4810 4944/4585/4813 4945/4586/4814
f 4941/4582/4810 4946/4587/4815 4943/4583/4811
f 4941/4582/4810 4945/4586/4814 4946/4587/4815
f 4949/4588/4816 4947/4589/4817 4948/4590/4818
f 4950/4591/4819 4947/4589/4817 4951/4592/4820
f 4952/4593/4821 4947/4589/4817 4949/4588/4816
f 4953/4594/4822 4947/4589/4817 4952/4593/4821
f 4951/4592/4820 4947/4589/4817 4953/4594/4822
usemtl Stencil_eye
f 4956/4595/4823 4955/4596/4824 4954/4597/4825
f 4956/4595/4823 4954/4597/4825 4957/4598/4826
f 4957/4598/4826 4954/4597/4825 4958/4599/4827
f 4954/4597/4825 4959/4600/4828 4958/4599/4827
f 4958/4599/4827 4959/4600/4828 4960/4601/4829
f 4961/4602/4830 4958/4599/4827 4960/4601/4829
f 4961/4602/4830 4960/4601/4829 4962/4603/4831
f 4960/4601/4829 4963/4604/4832 4962/4603/4831
f 4963/4604/4832 4960/4601/4829 4964/4605/4833
f 4962/4603/4831 4963/4604/4832 4965/4606/4834
f 4966/4607/4835 4962/4603/4831 4965/4606/4834
f 4963/4604/4832 4964/4605/4833 4967/4608/4836
f 4968/4609/4837 4965/4606/4834 4963/4604/4832
f 4969/4610/4838 4968/4609/4837 4963/4604/4832
f 4963/4604/4832 4967/4608/4836 4970/4611/4839
f 4971/4612/4840 4969/4610/4838 4963/4604/4832
f 4972/4613/4841 4963/4604/4832 4970/4611/4839
f 4971/4612/4840 4963/4604/4832 4972/4613/4841
f 4972/4613/4841 4970/4611/4839 4973/4614/4842
f 4974/4615/4843 4971/4612/4840 4972/4613/4841
f 4972/4613/4841 4973/4614/4842 4975/4616/4844
f 4976/4617/4845 4974/4615/4843 4972/4613/4841
f 4972/4613/4841 4975/4616/4844 4977/4618/4846
f 4978/4619/4847 4972/4613/4841 4977/4618/4846
f 4976/4617/4845 4972/4613/4841 4978/4619/4847
f 4979/4620/4848 4976/4617/4845 4978/4619/4847
f 4978/4619/4847 4977/4618/4846 4980/4621/4849
f 4981/4622/4850 4979/4620/4848 4978/4619/4847
f 4982/4623/4851 4981/4622/4850 4978/4619/4847
f 4982/4623/4851 4978/4619/4847 4983/4624/4852
f 4983/4624/4852 4978/4619/4847 4980/4621/4849
f 4985/4625/4853 4986/4626/4854 4984/4627/4855
f 4986/4626/4854 4987/4628/4856 4984/4627/4855
f 4986/4626/4854 4988/4629/4857 4987/4628/4856
f 4986/4626/4854 4989/4630/4858 4988/4629/4857
f 4989/4630/4858 4990/4631/4859 4988/4629/4857
f 4989/4630/4858 4991/4632/4860 4990/4631/4859
f 4994/4633/4861 4993/4634/4862 4992/4635/4863
f 4995/4636/4864 4993/4634/4862 4994/4633/4861
f 4995/4636/4864 4994/4633/4861 4996/4637/4865
f 4995/4636/4864 4996/4637/4865 4998/4638/4866
f 4997/4639/4867 4995/4636/4864 4998/4638/4866
f 5000/4640/4868 5001/4641/4869 4999/4642/4870
f 5003/4643/4871 5004/4644/4872 5002/4645/4873
f 5005/4646/4874 5006/4647/4875 5007/4648/4876
f 5008/4649/4877 5005/4646/4874 5007/4648/4876
f 5008/4649/4877 5007/4648/4876 5009/4650/4878
f 5009/4650/4878 5007/4648/4876 5011/4651/4879
f 5007/4648/4876 5010/4652/4880 5011/4651/4879
f 5011/4651/4879 5010/4652/4880 5013/4653/4881
f 5010/4652/4880 5012/4654/4882 5013/4653/4881
f 5011/4651/4879 5013/4653/4881 5014/4655/4883
f 5013/4653/4881 5016/4656/4884 5014/4655/4883
f 5013/4653/4881 5015/4657/4885 5016/4656/4884
f 5015/4657/4885 5017/4658/4886 5016/4656/4884
f 5012/4654/4882 5018/4659/4887 5013/4653/4881
f 5013/4653/4881 5019/4607/4888 5015/4657/4885
f 5013/4653/4881 5018/4659/4887 5019/4607/4888
f 5014/4655/4883 5016/4656/4884 5020/4660/4889
f 5021/4661/4890 5020/4660/4889 5016/4656/4884
f 5017/4658/4886 5022/4662/4891 5016/4656/4884
f 5022/4662/4891 5023/4612/4892 5016/4656/4884
f 5021/4661/4890 5016/4656/4884 5024/4663/4893
f 5023/4612/4892 5025/4664/4894 5016/4656/4884
f 5016/4656/4884 5026/4665/4895 5024/4663/4893
f 5016/4656/4884 5025/4664/4894 5026/4665/4895
f 5024/4663/4893 5026/4665/4895 5027/4666/4896
f 5025/4664/4894 5028/4667/4897 5026/4665/4895
f 5027/4666/4896 5026/4665/4895 5029/4668/4898
f 5028/4667/4897 5030/4669/4899 5026/4665/4895
f 5030/4669/4899 5031/4670/4900 5026/4665/4895
f 5026/4665/4895 5032/4671/4901 5029/4668/4898
f 5031/4670/4900 5033/4672/4902 5026/4665/4895
f 5026/4665/4895 5033/4672/4902 5032/4671/4901
f 5036/4673/4903 5035/4674/4904 5034/4675/4905
f 5037/4676/4906 5035/4674/4904 5036/4673/4903
f 5038/4677/4907 5037/4676/4906 5036/4673/4903
f 5039/4678/4908 5038/4677/4907 5036/4673/4903
f 5040/4679/4909 5038/4677/4907 5039/4678/4908
f 5041/4680/4910 5040/4679/4909 5039/4678/4908
f 5042/4681/4911 5043/4682/4912 5044/4683/4913
f 5045/4684/4914 5044/4683/4913 5043/4682/4912
f 5044/4683/4913 5045/4684/4914 5046/4685/4915
f 5044/4683/4913 5046/4685/4915 5047/4686/4916
f 5047/4686/4916 5046/4685/4915 5048/4687/4917
f 5049/4688/4918 5048/4687/4917 5046/4685/4915
f 5052/4689/4919 5051/4690/4920 5050/4691/4921
f 5055/4692/4922 5054/4693/4923 5053/4694/4924
f 5058/4695/4925 5057/4696/4926 5056/4697/4927
f 5058/4695/4925 5056/4697/4927 5059/4698/4928
f 5058/4695/4925 5059/4698/4928 5060/4699/4929
f 5063/4700/4930 5062/4701/4931 5061/4702/4932
f 5063/4700/4930 5061/4702/4932 5064/4703/4933
f 5063/4700/4930 5064/4703/4933 5065/4704/4934
f 5069/4705/4935 5066/4706/4936 5068/4707/4937
f 5069/4705/4935 5067/4708/4938 5066/4706/4936
f 5070/4709/4939 5069/4705/4935 5068/4707/4937
f 5068/4707/4937 5066/4706/4936 5071/4710/4940
f 5072/4711/4941 5069/4705/4935 5070/4709/4939
f 5074/4712/4942 5073/4713/4943 5075/4714/4944
f 5074/4712/4942 5075/4714/4944 5076/4715/4945
f 5077/4716/4946 5078/4717/4947 5074/4712/4942
f 5079/4718/4948 5077/4716/4946 5074/4712/4942
f 5074/4712/4942 5078/4717/4947 5080/4719/4949
f 5074/4712/4942 5080/4719/4949 5073/4713/4943
f 5078/4717/4947 5081/4720/4950 5080/4719/4949
f 5080/4719/4949 5082/4721/4951 5073/4713/4943
f 5083/4722/4952 5074/4712/4942 5076/4715/4945
f 5074/4712/4942 5083/4722/4952 5079/4718/4948
f 5084/4723/4953 5083/4722/4952 5076/4715/4945
f 5079/4718/4948 5083/4722/4952 5085/4724/4954
f 5080/4719/4949 5086/4725/4955 5082/4721/4951
f 5081/4720/4950 5087/4726/4956 5080/4719/4949
f 5080/4719/4949 5088/4727/4957 5086/4725/4955
f 5087/4726/4956 5088/4727/4957 5080/4719/4949
f 5088/4727/4957 5089/4728/4958 5086/4725/4955
f 5090/4729/4959 5083/4722/4952 5084/4723/4953
f 5083/4722/4952 5091/4730/4960 5085/4724/4954
f 5092/4731/4961 5083/4722/4952 5090/4729/4959
f 5083/4722/4952 5092/4731/4961 5091/4730/4960
f 5092/4731/4961 5093/4732/4962 5091/4730/4960
f 5088/4727/4957 5087/4726/4956 5095/4733/4963
f 5088/4727/4957 5095/4733/4963 5094/4734/4964
f 5094/4734/4964 5096/4735/4965 5088/4727/4957
f 5088/4727/4957 5097/4736/4966 5089/4728/4958
f 5088/4727/4957 5096/4735/4965 5098/4737/4967
f 5088/4727/4957 5099/4738/4968 5097/4736/4966
f 5099/4738/4968 5088/4727/4957 5098/4737/4967
f 5100/4739/4969 5102/4740/4970 5101/4741/4971
f 5101/4741/4971 5103/4742/4972 5104/4743/4973
f 5101/4741/4971 5105/4744/4974 5103/4742/4972
f 5106/4745/4975 5101/4741/4971 5102/4740/4970
f 5101/4741/4971 5106/4745/4975 5105/4744/4974
f 5104/4743/4973 5100/4739/4969 5101/4741/4971
f 5109/4746/4976 5108/4747/4977 5107/4748/4978
f 5108/4747/4977 5109/4746/4976 5110/4749/4979
f 5110/4749/4979 5109/4746/4976 5111/4750/4980
f 5113/4751/4981 5112/4752/4982 5109/4746/4976
f 5112/4752/4982 5114/4753/4983 5109/4746/4976
f 5115/4754/4984 5113/4751/4981 5109/4746/4976
f 5109/4746/4976 5114/4753/4983 5116/4755/4985
f 5109/4746/4976 5116/4755/4985 5111/4750/4980
f 5116/4755/4985 5114/4753/4983 5117/4756/4986
f 5118/4757/4987 5109/4746/4976 5107/4748/4978
f 5118/4757/4987 5115/4754/4984 5109/4746/4976
f 5116/4755/4985 5119/4758/4988 5111/4750/4980
f 5120/4759/4989 5118/4757/4987 5107/4748/4978
f 5121/4760/4990 5115/4754/4984 5118/4757/4987
f 5122/4761/4991 5118/4757/4987 5120/4759/4989
f 5122/4761/4991 5121/4760/4990 5118/4757/4987
f 5123/4762/4992 5122/4761/4991 5120/4759/4989
f 5116/4755/4985 5124/4763/4993 5119/4758/4988
f 5125/4764/4994 5116/4755/4985 5117/4756/4986
f 5126/4765/4995 5116/4755/4985 5125/4764/4994
f 5116/4755/4985 5127/4766/4996 5124/4763/4993
f 5127/4766/4996 5116/4755/4985 5126/4765/4995
f 5128/4767/4997 5122/4761/4991 5123/4762/4992
f 5130/4768/4998 5129/4769/4999 5122/4761/4991
f 5131/4770/5000 5122/4761/4991 5129/4769/4999
f 5121/4760/4990 5122/4761/4991 5131/4770/5000
f 5130/4768/4998 5122/4761/4991 5132/4771/5001
f 5132/4771/5001 5122/4761/4991 5128/4767/4997
f 5135/4772/5002 5134/4773/5003 5133/4774/5004
f 5135/4772/5002 5133/4774/5004 5136/4775/5005
f 5135/4772/5002 5137/4776/5006 5134/4773/5003
f 5137/4776/5006 5138/4777/5007 5134/4773/5003
f 5139/4778/5008 5135/4772/5002 5136/4775/5005
f 5139/4778/5008 5136/4775/5005 5140/4779/5009
f 5137/4776/5006 5141/4780/5010 5138/4777/5007
f 5139/4778/5008 5140/4779/5009 5142/4781/5011
f 5137/4776/5006 5143/4782/5012 5141/4780/5010
f 5143/4782/5012 5144/4783/5013 5141/4780/5010
f 5145/4784/5014 5139/4778/5008 5142/4781/5011
f 5145/4784/5014 5142/4781/5011 5146/4785/5015
f 5143/4782/5012 5147/4786/5016 5144/4783/5013
f 5145/4784/5014 5146/4785/5015 5148/4787/5017
f 5143/4782/5012 5149/4788/5018 5147/4786/5016
f 5149/4788/5018 5150/4789/5019 5147/4786/5016
f 5151/4790/5020 5145/4784/5014 5148/4787/5017
f 5151/4790/5020 5148/4787/5017 5152/4791/5021
f 5149/4788/5018 5153/4792/5022 5150/4789/5019
f 5153/4792/5022 5154/4793/5023 5150/4789/5019
f 5153/4792/5022 5155/4794/5024 5154/4793/5023
f 5155/4794/5024 5156/4795/5025 5154/4793/5023
f 5157/4796/5026 5151/4790/5020 5152/4791/5021
f 5157/4796/5026 5152/4791/5021 5158/4797/5027
f 5155/4794/5024 5159/4798/5028 5156/4795/5025
f 5157/4796/5026 5158/4797/5027 5160/4799/5029
f 5159/4798/5028 5161/4800/5030 5156/4795/5025
f 5161/4800/5030 5160/4799/5029 5156/4795/5025
f 5161/4800/5030 5157/4796/5026 5160/4799/5029
f 5162/4801/5031 5161/4800/5030 5159/4798/5028
f 5162/4801/5031 5157/4796/5026 5161/4800/5030
f 5162/4801/5031 5163/4802/5032 5157/4796/5026
f 5163/4802/5032 5151/4790/5020 5157/4796/5026
f 5163/4802/5032 5164/4803/5033 5151/4790/5020
f 5164/4803/5033 5145/4784/5014 5151/4790/5020
f 5164/4803/5033 5165/4804/5034 5145/4784/5014
f 5165/4804/5034 5139/4778/5008 5145/4784/5014
f 5166/4805/5035 5137/4776/5006 5135/4772/5002
f 5165/4804/5034 5167/4806/5036 5139/4778/5008
f 5167/4806/5036 5135/4772/5002 5139/4778/5008
f 5167/4806/5036 5166/4805/5035 5135/4772/5002
f 5169/4807/5037 5137/4776/5006 5166/4805/5035
f 5169/4807/5037 5168/4808/5038 5137/4776/5006
f 5170/4809/5039 5166/4805/5035 5167/4806/5036
f 5170/4809/5039 5169/4807/5037 5166/4805/5035
f 5171/4810/5040 5167/4806/5036 5165/4804/5034
f 5171/4810/5040 5170/4809/5039 5167/4806/5036
f 5168/4808/5038 5143/4782/5012 5137/4776/5006
f 5168/4808/5038 5172/4811/5041 5143/4782/5012
f 5172/4811/5041 5149/4788/5018 5143/4782/5012
f 5173/4812/5042 5171/4810/5040 5165/4804/5034
f 5173/4812/5042 5165/4804/5034 5164/4803/5033
f 5172/4811/5041 5174/4813/5043 5149/4788/5018
f 5174/4813/5043 5153/4792/5022 5149/4788/5018
f 5174/4813/5043 5155/4794/5024 5153/4792/5022
f 5175/4814/5044 5173/4812/5042 5164/4803/5033
f 5175/4814/5044 5164/4803/5033 5163/4802/5032
f 5176/4815/5045 5159/4798/5028 5155/4794/5024
f 5177/4816/5046 5175/4814/5044 5163/4802/5032
f 5176/4815/5045 5178/4817/5047 5159/4798/5028
f 5178/4817/5047 5162/4801/5031 5159/4798/5028
f 5177/4816/5046 5163/4802/5032 5162/4801/5031
f 5178/4817/5047 5177/4816/5046 5162/4801/5031
f 5179/4818/5048 5176/4815/5045 5155/4794/5024
f 5179/4818/5048 5155/4794/5024 5174/4813/5043
f 5176/4815/5045 5180/4819/5049 5178/4817/5047
f 5181/4820/5050 5177/4816/5046 5178/4817/5047
f 5180/4819/5049 5181/4820/5050 5178/4817/5047
f 5176/4815/5045 5179/4818/5048 5180/4819/5049
f 5179/4818/5048 5182/4821/5051 5180/4819/5049
f 5183/4822/5052 5174/4813/5043 5172/4811/5041
f 5183/4822/5052 5172/4811/5041 5168/4808/5038
f 5174/4813/5043 5183/4822/5052 5179/4818/5048
f 5179/4818/5048 5183/4822/5052 5182/4821/5051
f 5180/4819/5049 5182/4821/5051 5181/4820/5050
f 5184/4823/5053 5183/4822/5052 5168/4808/5038
f 5184/4823/5053 5168/4808/5038 5169/4807/5037
f 5181/4820/5050 5175/4814/5044 5177/4816/5046
f 5183/4822/5052 5187/4824/5054 5182/4821/5051
f 5183/4822/5052 5184/4823/5053 5187/4824/5054
f 5181/4820/5050 5185/4825/5055 5175/4814/5044
f 5185/4825/5055 5173/4812/5042 5175/4814/5044
f 5186/4826/5056 5184/4823/5053 5169/4807/5037
f 5186/4826/5056 5169/4807/5037 5170/4809/5039
f 5184/4823/5053 5186/4826/5056 5187/4824/5054
f 5181/4820/5050 5187/4824/5054 5185/4825/5055
f 5182/4821/5051 5187/4824/5054 5181/4820/5050
f 5185/4825/5055 5188/4827/5057 5173/4812/5042
f 5187/4824/5054 5188/4827/5057 5185/4825/5055
f 5188/4827/5057 5171/4810/5040 5173/4812/5042
f 5187/4824/5054 5186/4826/5056 5188/4827/5057
f 5186/4826/5056 5170/4809/5039 5171/4810/5040
f 5188/4827/5057 5186/4826/5056 5171/4810/5040
f 5191/4773/5058 5190/4828/5059 5189/4774/5060
f 5189/4774/5060 5190/4828/5059 5192/4775/5061
f 5193/4829/5062 5190/4828/5059 5191/4773/5058
f 5194/4777/5063 5193/4829/5062 5191/4773/5058
f 5190/4828/5059 5195/4830/5064 5192/4775/5061
f 5192/4775/5061 5195/4830/5064 5196/4779/5065
f 5197/4780/5066 5193/4829/5062 5194/4777/5063
f 5196/4779/5065 5195/4830/5064 5198/4781/5067
f 5199/4831/5068 5193/4829/5062 5197/4780/5066
f 5200/4783/5069 5199/4831/5068 5197/4780/5066
f 5195/4830/5064 5201/4832/5070 5198/4781/5067
f 5198/4781/5067 5201/4832/5070 5202/4785/5071
f 5203/4786/5072 5199/4831/5068 5200/4783/5069
f 5202/4785/5071 5201/4832/5070 5204/4787/5073
f 5205/4833/5074 5199/4831/5068 5203/4786/5072
f 5206/4789/5075 5205/4833/5074 5203/4786/5072
f 5201/4832/5070 5207/4834/5076 5204/4787/5073
f 5204/4787/5073 5207/4834/5076 5208/4835/5077
f 5209/4836/5078 5205/4833/5074 5206/4789/5075
f 5210/4793/5079 5209/4836/5078 5206/4789/5075
f 5207/4834/5076 5211/4837/5080 5208/4835/5077
f 5212/4838/5081 5209/4836/5078 5210/4793/5079
f 5213/4839/5082 5212/4838/5081 5210/4793/5079
f 5208/4835/5077 5211/4837/5080 5214/4797/5083
f 5215/4840/5084 5212/4838/5081 5213/4839/5082
f 5211/4837/5080 5216/4841/5085 5214/4797/5083
f 5214/4797/5083 5216/4841/5085 5217/4842/5086
f 5218/4843/5087 5215/4840/5084 5213/4839/5082
f 5217/4842/5086 5218/4843/5087 5213/4839/5082
f 5216/4841/5085 5218/4843/5087 5217/4842/5086
f 5216/4841/5085 5219/4844/5088 5218/4843/5087
f 5211/4837/5080 5220/4845/5089 5216/4841/5085
f 5220/4845/5089 5219/4844/5088 5216/4841/5085
f 5221/4846/5090 5220/4845/5089 5211/4837/5080
f 5207/4834/5076 5221/4846/5090 5211/4837/5080
f 5201/4832/5070 5221/4846/5090 5207/4834/5076
f 5222/4847/5091 5221/4846/5090 5201/4832/5070
f 5195/4830/5064 5222/4847/5091 5201/4832/5070
f 5223/4848/5092 5222/4847/5091 5195/4830/5064
f 5193/4829/5062 5224/4849/5093 5190/4828/5059
f 5190/4828/5059 5224/4849/5093 5195/4830/5064
f 5224/4849/5093 5223/4848/5092 5195/4830/5064
f 5225/4850/5094 5226/4851/5095 5193/4829/5062
f 5193/4829/5062 5226/4851/5095 5224/4849/5093
f 5226/4851/5095 5227/4852/5096 5224/4849/5093
f 5224/4849/5093 5227/4852/5096 5223/4848/5092
f 5223/4848/5092 5228/4853/5097 5222/4847/5091
f 5227/4852/5096 5228/4853/5097 5223/4848/5092
f 5199/4831/5068 5225/4850/5094 5193/4829/5062
f 5229/4811/5098 5225/4850/5094 5199/4831/5068
f 5205/4833/5074 5229/4811/5098 5199/4831/5068
f 5228/4853/5097 5230/4854/5099 5222/4847/5091
f 5222/4847/5091 5230/4854/5099 5221/4846/5090
f 5209/4836/5078 5229/4811/5098 5205/4833/5074
f 5230/4854/5099 5231/4855/5100 5221/4846/5090
f 5221/4846/5090 5231/4855/5100 5220/4845/5089
f 5215/4840/5084 5232/4856/5101 5212/4838/5081
f 5231/4855/5100 5233/4857/5102 5220/4845/5089
f 5234/4858/5103 5232/4856/5101 5215/4840/5084
f 5218/4843/5087 5234/4858/5103 5215/4840/5084
f 5220/4845/5089 5233/4857/5102 5219/4844/5088
f 5219/4844/5088 5234/4858/5103 5218/4843/5087
f 5233/4857/5102 5234/4858/5103 5219/4844/5088
f 5232/4856/5101 5235/4859/5104 5212/4838/5081
f 5212/4838/5081 5235/4859/5104 5209/4836/5078
f 5236/4860/5105 5232/4856/5101 5234/4858/5103
f 5233/4857/5102 5237/4861/5106 5234/4858/5103
f 5237/4861/5106 5236/4860/5105 5234/4858/5103
f 5235/4859/5104 5238/4862/5107 5209/4836/5078
f 5209/4836/5078 5238/4862/5107 5229/4811/5098
f 5235/4859/5104 5232/4856/5101 5236/4860/5105
f 5239/4863/5108 5235/4859/5104 5236/4860/5105
f 5229/4811/5098 5238/4862/5107 5225/4850/5094
f 5240/4864/5109 5238/4862/5107 5235/4859/5104
f 5240/4864/5109 5235/4859/5104 5239/4863/5108
f 5239/4863/5108 5236/4860/5105 5237/4861/5106
f 5238/4862/5107 5240/4864/5109 5225/4850/5094
f 5225/4850/5094 5240/4864/5109 5226/4851/5095
f 5231/4855/5100 5237/4861/5106 5233/4857/5102
f 5241/4865/5110 5237/4861/5106 5231/4855/5100
f 5230/4854/5099 5241/4865/5110 5231/4855/5100
f 5240/4864/5109 5242/4866/5111 5226/4851/5095
f 5226/4851/5095 5242/4866/5111 5227/4852/5096
f 5243/4867/5112 5240/4864/5109 5239/4863/5108
f 5242/4866/5111 5240/4864/5109 5243/4867/5112
f 5243/4867/5112 5237/4861/5106 5241/4865/5110
f 5243/4867/5112 5239/4863/5108 5237/4861/5106
f 5244/4868/5113 5241/4865/5110 5230/4854/5099
f 5244/4868/5113 5243/4867/5112 5241/4865/5110
f 5228/4853/5097 5244/4868/5113 5230/4854/5099
f 5242/4866/5111 5243/4867/5112 5244/4868/5113
f 5227/4852/5096 5242/4866/5111 5228/4853/5097
f 5242/4866/5111 5244/4868/5113 5228/4853/5097
f 5247/4869/5114 5246/4870/5115 5245/4871/5116
f 5247/4869/5114 5248/4872/5117 5246/4870/5115
f 5249/4873/5118 5247/4869/5114 5250/4874/5119
f 5248/4872/5117 5252/4875/5120 5251/4876/5121
f 5247/4869/5114 5252/4875/5120 5248/4872/5117
f 5252/4875/5120 5249/4873/5118 5253/4877/5122
f 5247/4869/5114 5249/4873/5118 5252/4875/5120
f 5254/4878/5123 5257/4879/5124 5255/4880/5125
f 5256/4881/5126 5257/4879/5124 5254/4878/5123
f 5256/4881/5126 5254/4878/5123 5258/4882/5127
f 5256/4881/5126 5258/4882/5127 5259/4883/5128
f 5256/4881/5126 5259/4883/5128 5261/4884/5129
f 5257/4879/5124 5262/4885/5130 5260/4886/5131
f 5256/4881/5126 5262/4885/5130 5257/4879/5124
f 5262/4885/5130 5256/4881/5126 5261/4884/5129
f 5283/4887/5132 5264/4888/5133 5263/4889/5134
f 5266/4890/5135 5264/4888/5133 5283/4887/5132
f 5263/4889/5134 5265/4891/5136 5267/4892/5137
f 5268/4893/5138 5266/4890/5135 5283/4887/5132
f 5270/4894/5139 5268/4893/5138 5282/4895/5140
f 5267/4892/5137 5269/4896/5141 5271/4897/5142
f 5273/4898/5143 5270/4894/5139 5281/4899/5144
f 5272/4900/5145 5274/4901/5146 5280/4902/5147
f 5280/4902/5147 5274/4901/5146 5276/4903/5148
f 5279/4904/5149 5275/4905/5150 5273/4898/5143
f 5276/4903/5148 5278/4906/5151 5277/4907/5152
f 5278/4906/5151 5275/4905/5150 5279/4904/5149
f 5280/4902/5147 5276/4903/5148 5277/4907/5152
f 5277/4907/5152 5278/4906/5151 5279/4904/5149
f 5279/4904/5149 5273/4898/5143 5281/4899/5144
f 5281/4899/5144 5270/4894/5139 5282/4895/5140
f 5282/4895/5140 5268/4893/5138 5283/4887/5132
f 5271/4897/5142 5285/4908/5153 5267/4892/5137
f 5282/4895/5140 5284/4909/5154 5281/4899/5144
f 5272/4900/5145 5285/4908/5153 5271/4897/5142
f 5280/4902/5147 5285/4908/5153 5272/4900/5145
f 5279/4904/5149 5285/4908/5153 5277/4907/5152
f 5281/4899/5144 5284/4909/5154 5279/4904/5149
f 5284/4909/5154 5285/4908/5153 5279/4904/5149
f 5277/4907/5152 5285/4908/5153 5280/4902/5147
f 5283/4887/5132 5284/4909/5154 5282/4895/5140
f 5263/4889/5134 5284/4909/5154 5283/4887/5132
f 5267/4892/5137 5284/4909/5154 5263/4889/5134
f 5285/4908/5153 5284/4909/5154 5267/4892/5137
f 5287/4910/5155 5286/4911/5156 5289/4912/5157
f 5288/4913/5158 5291/4914/5159 5290/4915/5160
f 5292/4916/5161 5289/4912/5157 5294/4917/5162
f 5291/4914/5159 5293/4918/5163 5290/4915/5160
f 5293/4918/5163 5297/4919/5164 5290/4915/5160
f 5296/4920/5165 5297/4919/5164 5293/4918/5163
f 5298/4921/5166 5295/4922/5167 5306/4923/5168
f 5298/4921/5166 5306/4923/5168 5299/4924/5169
f 5296/4920/5165 5301/4925/5170 5300/4926/5171
f 5303/4927/5172 5305/4928/5173 5301/4925/5170
f 5303/4927/5172 5302/4929/5174 5305/4928/5173
f 5302/4929/5174 5304/4930/5175 5305/4928/5173
f 5302/4929/5174 5306/4923/5168 5304/4930/5175
f 5302/4929/5174 5299/4924/5169 5306/4923/5168
f 5301/4925/5170 5305/4928/5173 5300/4926/5171
f 5296/4920/5165 5300/4926/5171 5297/4919/5164
f 5288/4913/5158 5290/4915/5160 5286/4911/5156
f 5307/4931/5176 5294/4917/5162 5289/4912/5157
f 5307/4931/5176 5295/4922/5167 5294/4917/5162
f 5307/4931/5176 5306/4923/5168 5295/4922/5167
f 5308/4932/5177 5297/4919/5164 5300/4926/5171
f 5308/4932/5177 5300/4926/5171 5305/4928/5173
f 5307/4931/5176 5305/4928/5173 5304/4930/5175
f 5307/4931/5176 5308/4932/5177 5305/4928/5173
f 5307/4931/5176 5304/4930/5175 5306/4923/5168
f 5308/4932/5177 5290/4915/5160 5297/4919/5164
f 5308/4932/5177 5307/4931/5176 5290/4915/5160
f 5307/4931/5176 5286/4911/5156 5290/4915/5160
f 5307/4931/5176 5289/4912/5157 5286/4911/5156
usemtl Stencil_eyebrow
f 5309/4933/5178 5311/4934/5179 5310/4935/5180
f 5311/4934/5179 5312/4936/5181 5310/4935/5180
f 5313/4937/5182 5312/4936/5181 5311/4934/5179
f 5314/4938/5183 5313/4937/5182 5311/4934/5179
f 5314/4938/5183 5315/4939/5184 5313/4937/5182
f 5315/4939/5184 5316/4940/5185 5313/4937/5182
f 5315/4939/5184 5317/4941/5186 5316/4940/5185
f 5317/4941/5186 5315/4939/5184 5318/4942/5187
f 5319/4943/5188 5320/4944/5189 5322/4945/5190
f 5322/4945/5190 5321/4946/5191 5319/4943/5188
f 5324/4947/5192 5321/4946/5191 5322/4945/5190
f 5324/4947/5192 5323/4948/5193 5321/4946/5191
f 5323/4948/5193 5324/4947/5192 5326/4949/5194
f 5323/4948/5193 5326/4949/5194 5325/4950/5195
f 5327/4951/5196 5325/4950/5195 5326/4949/5194
f 5326/4949/5194 5328/4952/5197 5327/4951/5196
f 5328/4952/5197 5329/4953/5198 5327/4951/5196
f 5329/4953/5198 5330/4954/5199 5327/4951/5196
l 4895 4896
l 4870 4872
o Hair
v 0.000893 0.015727 -0.001010
v 0.000910 0.015668 -0.000996
v 0.000228 0.013982 -0.000626
v 0.000405 0.014055 -0.000586
v 0.000147 0.013953 -0.000652
v 0.000218 0.013994 -0.000642
v -0.000893 0.015727 -0.001010
v -0.000910 0.015668 -0.000996
v -0.000228 0.013982 -0.000626
v -0.000405 0.014055 -0.000586
v -0.000147 0.013953 -0.000652
v -0.000218 0.013994 -0.000642
v 0.000702 0.015075 0.000408
v 0.000648 0.015266 0.000407
v 0.000695 0.015075 0.000409
v 0.000648 0.015266 0.000407
v 0.004038 0.005611 -0.002697
v 0.004010 0.005274 -0.002453
v -0.004038 0.005611 -0.002697
v -0.004010 0.005274 -0.002453
v 0.002767 0.007246 -0.002271
v 0.002765 0.007254 -0.002289
v 0.002777 0.007244 -0.002260
v 0.002930 0.009587 -0.001823
v 0.002837 0.009769 -0.001978
v 0.002192 0.012590 -0.001422
v 0.002140 0.012476 -0.001663
v 0.001480 0.014817 -0.001507
v 0.001576 0.014804 -0.001285
v -0.002736 0.007044 -0.002307
v -0.002766 0.007248 -0.002274
v 0.000648 0.015266 0.000407
v 0.000698 0.015076 0.000407
v -0.000676 0.015269 0.000378
v -0.000698 0.015076 0.000406
v 0.000938 0.015714 -0.001011
v 0.000090 0.016138 -0.000595
v -0.000007 0.016229 -0.000738
v 0.000050 0.016125 -0.000476
v 0.000909 0.015668 -0.000997
v 0.000004 0.016192 -0.000599
v 0.000392 0.016172 -0.000536
v 0.000021 0.016199 -0.000458
v 0.000883 0.015720 -0.001008
v 0.000835 0.015784 -0.001032
v -0.000007 0.016271 -0.000747
v 0.000011 0.016225 -0.000853
v 0.000902 0.015736 -0.001025
v 0.000022 0.016104 -0.000974
v -0.000004 0.016183 -0.000820
v 0.000898 0.015619 -0.001103
v 0.000793 0.015432 -0.001251
v 0.000591 0.015200 -0.001400
v 0.000273 0.014988 -0.001577
v 0.000029 0.015018 -0.001482
v 0.000876 0.014825 -0.000033
v 0.001083 0.014967 -0.000223
v 0.000779 0.014901 -0.000082
v 0.001039 0.015034 -0.000243
v 0.000565 0.015388 0.000397
v 0.000934 0.015692 -0.001003
v 0.000974 0.015546 -0.000909
v 0.001148 0.015292 -0.000611
v 0.000001 0.015522 0.000601
v 0.000592 0.016058 -0.000329
v 0.000287 0.016186 -0.000073
v 0.000000 0.016195 -0.000063
v 0.000944 0.015727 -0.000988
v 0.000925 0.015679 -0.001002
v 0.000903 0.015786 -0.000951
v 0.000322 0.016165 -0.000435
v 0.000061 0.016233 -0.000408
v 0.000640 0.014713 -0.000334
v 0.000646 0.014796 -0.000308
v 0.000834 0.014558 -0.000423
v 0.001010 0.014798 -0.000326
v 0.000956 0.015623 -0.001035
v 0.000805 0.014525 -0.001077
v 0.000483 0.014024 -0.000577
v 0.000004 0.013955 -0.000695
v -0.000004 0.014155 -0.001105
v 0.000923 0.015051 -0.001123
v 0.000603 0.014380 -0.001073
v 0.000535 0.014362 -0.001209
v 0.000049 0.014308 -0.001069
v 0.000800 0.014711 -0.001136
v -0.000002 0.014252 -0.001191
v 0.000917 0.015636 -0.001035
v 0.000014 0.014552 -0.001371
v 0.000667 0.014818 -0.001355
v 0.000015 0.016229 -0.000381
v 0.000015 0.016240 -0.000442
v 0.000024 0.014831 -0.001504
v 0.000014 0.014557 -0.001359
v 0.000670 0.014806 -0.001369
v 0.000596 0.015126 -0.001454
v 0.000783 0.015335 -0.001332
v 0.000912 0.015641 -0.001042
v 0.000899 0.015625 -0.001076
v 0.000001 0.014886 -0.001544
v 0.000003 0.015301 -0.001576
v 0.000007 0.015623 -0.001462
v 0.000578 0.015487 -0.001416
v 0.000922 0.015673 -0.001010
v 0.000913 0.015665 -0.001033
v 0.000576 0.015486 -0.001404
v 0.000700 0.015322 -0.001366
v 0.000015 0.015006 -0.001574
v 0.000008 0.015299 -0.001555
v 0.000002 0.015641 -0.001496
v 0.000919 0.015683 -0.001016
v 0.000390 0.015822 -0.001334
v -0.000000 0.016094 -0.000925
v 0.000349 0.016032 -0.001068
v 0.000645 0.015783 -0.001226
v 0.000044 0.016109 -0.000054
v 0.000022 0.016187 -0.000383
v 0.000399 0.016185 -0.000464
v 0.000974 0.014644 -0.000035
v 0.001169 0.014755 -0.000196
v 0.000894 0.014971 -0.000284
v 0.000998 0.015266 -0.000677
v 0.000012 0.015505 0.000555
v 0.000079 0.015559 0.000342
v 0.000651 0.015312 0.000338
v 0.000732 0.015074 0.000032
v -0.000938 0.015714 -0.001011
v -0.000090 0.016138 -0.000595
v 0.000007 0.016229 -0.000738
v -0.000050 0.016125 -0.000476
v -0.000909 0.015668 -0.000997
v -0.000004 0.016192 -0.000599
v -0.000392 0.016172 -0.000536
v -0.000021 0.016199 -0.000458
v -0.000883 0.015720 -0.001008
v -0.000835 0.015784 -0.001032
v 0.000007 0.016271 -0.000747
v -0.000011 0.016225 -0.000853
v -0.000902 0.015736 -0.001025
v -0.000022 0.016104 -0.000974
v 0.000004 0.016183 -0.000820
v -0.000898 0.015619 -0.001103
v -0.000793 0.015432 -0.001251
v -0.000591 0.015200 -0.001400
v -0.000273 0.014988 -0.001577
v -0.000029 0.015018 -0.001482
v -0.000876 0.014825 -0.000033
v -0.001083 0.014967 -0.000223
v -0.000932 0.014910 0.000080
v -0.001115 0.015069 -0.000157
v -0.000811 0.014366 -0.000262
v -0.001021 0.014740 -0.000344
v -0.000835 0.014633 -0.000182
v -0.000886 0.014538 -0.000418
v -0.000956 0.015623 -0.001035
v -0.001047 0.014917 -0.000275
v -0.000504 0.014016 -0.000579
v -0.000004 0.013955 -0.000695
v 0.000004 0.014155 -0.001105
v -0.000760 0.014505 -0.001070
v -0.000923 0.015051 -0.001123
v -0.000603 0.014380 -0.001073
v -0.000535 0.014362 -0.001209
v -0.000049 0.014308 -0.001069
v -0.000800 0.014711 -0.001136
v 0.000002 0.014252 -0.001191
v -0.000917 0.015636 -0.001035
v -0.000014 0.014552 -0.001371
v -0.000667 0.014818 -0.001355
v -0.000015 0.016229 -0.000381
v -0.000015 0.016240 -0.000442
v -0.000000 0.016195 -0.000063
v -0.000287 0.016186 -0.000073
v -0.000001 0.015522 0.000601
v -0.000592 0.016058 -0.000329
v -0.000659 0.015336 0.000334
v -0.001096 0.015190 -0.000186
v -0.000934 0.015692 -0.001003
v -0.000808 0.015000 0.000044
v -0.001118 0.015023 -0.000260
v -0.000974 0.015546 -0.000909
v -0.000998 0.015266 -0.000677
v -0.000894 0.014971 -0.000284
v -0.000024 0.014831 -0.001504
v -0.000014 0.014557 -0.001359
v -0.000670 0.014806 -0.001369
v -0.000596 0.015126 -0.001454
v -0.000783 0.015335 -0.001332
v -0.000912 0.015641 -0.001042
v -0.000899 0.015625 -0.001076
v -0.000001 0.014886 -0.001544
v -0.000003 0.015301 -0.001576
v -0.000007 0.015623 -0.001462
v -0.000578 0.015487 -0.001416
v -0.000922 0.015673 -0.001010
v -0.000913 0.015665 -0.001033
v -0.000576 0.015486 -0.001404
v -0.000700 0.015322 -0.001366
v -0.000015 0.015006 -0.001574
v -0.000008 0.015299 -0.001555
v -0.000002 0.015641 -0.001496
v -0.000919 0.015683 -0.001016
v -0.000390 0.015822 -0.001334
v 0.000000 0.016094 -0.000925
v -0.000349 0.016032 -0.001068
v -0.000645 0.015783 -0.001226
v -0.000061 0.016233 -0.000408
v -0.000322 0.016165 -0.000435
v -0.000903 0.015786 -0.000951
v -0.000925 0.015679 -0.001002
v -0.000944 0.015727 -0.000988
v -0.000399 0.016185 -0.000464
v -0.000044 0.016109 -0.000054
v -0.000022 0.016187 -0.000383
v -0.000974 0.014644 -0.000035
v -0.001169 0.014755 -0.000196
v -0.000012 0.015505 0.000555
v -0.000079 0.015559 0.000342
v -0.000651 0.015312 0.000338
v -0.000732 0.015074 0.000032
v 0.000865 0.014214 0.000038
v 0.001118 0.014912 0.000129
v 0.000482 0.013660 0.000309
v 0.000441 0.013637 0.000334
v 0.001004 0.014323 -0.000172
v 0.000885 0.015345 -0.000159
v 0.001079 0.015361 -0.000086
v 0.000734 0.015906 0.000150
v 0.000652 0.016030 -0.000108
v -0.000001 0.016241 -0.000029
v 0.000091 0.016185 0.000207
v 0.000775 0.014905 0.000405
v 0.001141 0.014918 0.000154
v 0.001085 0.014927 0.000114
v 0.000768 0.014136 0.000214
v 0.000871 0.014158 0.000020
v 0.000515 0.013711 0.000297
v 0.001143 0.015412 -0.000105
v 0.000994 0.015361 -0.000259
v 0.000277 0.016225 -0.000043
v 0.000005 0.016187 -0.000056
v 0.000012 0.016132 0.000050
v -0.000004 0.016237 -0.000071
v 0.000546 0.016006 -0.000168
v 0.001018 0.015105 -0.000297
v 0.000794 0.014744 0.000051
v 0.000904 0.014263 -0.000176
v 0.000791 0.014250 0.000017
v 0.000730 0.014203 0.000182
v 0.000496 0.013674 0.000306
v 0.000772 0.014345 0.000002
v 0.000726 0.015011 0.000414
v 0.000050 0.016174 0.000188
v 0.001338 0.014570 -0.000315
v 0.001163 0.014686 -0.000373
v 0.001114 0.015368 -0.000084
v 0.000993 0.015357 -0.000252
v 0.001335 0.014543 -0.000306
v 0.001101 0.014708 -0.000084
v 0.000939 0.015308 -0.000147
v 0.001052 0.015309 0.000044
v 0.000749 0.014379 0.000231
v 0.000721 0.015074 0.000440
v 0.000648 0.014129 0.000252
v 0.000742 0.014673 0.000377
v 0.000700 0.015078 0.000393
v 0.000636 0.014124 0.000301
v 0.000844 0.013862 0.000115
v 0.001043 0.014228 0.000064
v 0.001113 0.014839 0.000371
v 0.001174 0.014904 0.000189
v 0.000858 0.013863 0.000109
v 0.001050 0.014251 -0.000054
v 0.001261 0.014886 0.000095
v 0.001174 0.014915 -0.000015
v 0.000845 0.013883 0.000100
v 0.001015 0.014449 -0.000003
v 0.001069 0.014887 0.000244
v 0.001116 0.014919 -0.000011
v 0.001126 0.014428 -0.000087
v 0.000840 0.013870 0.000071
v 0.001227 0.014464 -0.000359
v 0.001126 0.014719 -0.000073
v 0.000995 0.015357 -0.000255
v 0.001044 0.015307 0.000043
v -0.000864 0.014209 0.000038
v -0.001118 0.014912 0.000129
v -0.000481 0.013657 0.000311
v -0.000436 0.013623 0.000337
v -0.001000 0.014331 -0.000172
v -0.000885 0.015345 -0.000159
v -0.001085 0.015368 -0.000096
v -0.000733 0.015909 0.000150
v -0.000671 0.015996 -0.000087
v 0.000004 0.016287 -0.000031
v -0.000004 0.016213 0.000205
v -0.000610 0.015700 0.000310
v -0.001141 0.014918 0.000154
v -0.000732 0.014908 0.000383
v -0.000817 0.014180 0.000260
v -0.001085 0.014927 0.000114
v -0.000941 0.014284 0.000060
v -0.000591 0.013796 0.000236
v -0.001143 0.015412 -0.000105
v -0.000994 0.015361 -0.000259
v -0.000275 0.016226 -0.000042
v -0.000007 0.016180 -0.000049
v -0.000012 0.016133 0.000049
v 0.000003 0.016238 -0.000070
v -0.000540 0.016004 -0.000171
v -0.000508 0.015705 0.000279
v -0.001012 0.015098 -0.000302
v -0.000770 0.014316 0.000002
v -0.000909 0.014288 -0.000188
v -0.000783 0.014271 0.000006
v -0.000677 0.013712 0.000249
v -0.000710 0.014197 0.000177
v -0.000743 0.015009 0.000417
v -0.000014 0.016118 0.000215
v -0.001338 0.014570 -0.000315
v -0.001163 0.014686 -0.000373
v -0.001114 0.015368 -0.000084
v -0.000993 0.015357 -0.000252
v -0.001335 0.014543 -0.000306
v -0.001101 0.014708 -0.000084
v -0.000939 0.015308 -0.000147
v -0.001052 0.015309 0.000044
v -0.000715 0.015060 0.000427
v -0.000794 0.014415 0.000260
v -0.000648 0.014129 0.000252
v -0.000730 0.014869 0.000395
v -0.000733 0.014331 0.000269
v -0.000616 0.014085 0.000282
v -0.000844 0.013862 0.000115
v -0.001043 0.014228 0.000064
v -0.001113 0.014839 0.000371
v -0.001174 0.014904 0.000189
v -0.000858 0.013863 0.000109
v -0.001050 0.014251 -0.000054
v -0.001261 0.014886 0.000095
v -0.001174 0.014915 -0.000015
v -0.000845 0.013883 0.000100
v -0.001015 0.014449 -0.000003
v -0.001069 0.014887 0.000244
v -0.001116 0.014919 -0.000011
v -0.001126 0.014428 -0.000087
v -0.000840 0.013870 0.000071
v -0.001227 0.014464 -0.000359
v -0.001126 0.014719 -0.000073
v -0.000995 0.015357 -0.000255
v -0.001044 0.015307 0.000043
v 0.000351 0.015693 -0.000779
v 0.001016 0.015558 -0.001317
v 0.001070 0.015550 -0.000870
v 0.001364 0.015003 -0.001508
v 0.001604 0.013015 -0.001576
v 0.001643 0.012604 -0.001315
v 0.001664 0.013300 -0.001811
v 0.001870 0.011287 -0.002171
v 0.002030 0.011545 -0.002494
v 0.002473 0.009382 -0.002910
v 0.002693 0.008626 -0.002519
v 0.002730 0.008656 -0.003141
v 0.002875 0.009364 -0.003437
v 0.002921 0.007922 -0.003250
v 0.003372 0.008017 -0.003752
v 0.002899 0.007451 -0.002596
v 0.003053 0.007333 -0.003233
v 0.002910 0.006826 -0.003178
v 0.003582 0.006910 -0.003616
v 0.002910 0.005551 -0.002285
v 0.003087 0.005471 -0.002644
v 0.003475 0.005422 -0.002844
v 0.003248 0.005076 -0.002516
v 0.003415 0.004603 -0.002282
v 0.003500 0.004573 -0.002439
v 0.003830 0.004427 -0.002282
v 0.003836 0.004189 -0.002403
v 0.000348 0.015804 -0.000801
v 0.001181 0.015925 -0.001025
v 0.001321 0.015607 -0.001416
v 0.001840 0.013379 -0.001709
v 0.002035 0.013023 -0.001550
v 0.003439 0.008995 -0.002752
v 0.003011 0.010102 -0.002970
v 0.003791 0.008269 -0.003465
v 0.003942 0.007239 -0.002804
v 0.004017 0.006858 -0.003343
v 0.003725 0.005226 -0.002493
v 0.003601 0.005537 -0.002260
v 0.003749 0.004700 -0.002179
v 0.003984 0.004293 -0.002321
v 0.000383 0.015750 -0.000743
v 0.000940 0.015577 -0.001246
v 0.001218 0.015721 -0.001233
v 0.001360 0.015047 -0.001415
v 0.001573 0.015041 -0.001472
v 0.002494 0.011163 -0.002528
v 0.002190 0.010947 -0.002720
v 0.003445 0.007861 -0.003813
v 0.004080 0.007296 -0.003461
v 0.003406 0.005519 -0.002868
v 0.003669 0.004334 -0.002247
v 0.000359 0.015717 -0.000787
v 0.001240 0.015649 -0.000898
v 0.001045 0.015454 -0.000878
v 0.001393 0.014961 -0.001028
v 0.001600 0.014961 -0.001042
v 0.002287 0.011216 -0.001656
v 0.001989 0.010866 -0.001819
v 0.003459 0.007632 -0.002421
v 0.002881 0.007905 -0.002620
v 0.002845 0.005675 -0.002304
v 0.003198 0.005552 -0.002113
v 0.003651 0.004328 -0.002244
v 0.003380 0.004572 -0.002290
v 0.000370 0.015790 -0.000761
v 0.001143 0.015692 -0.000813
v 0.001145 0.015834 -0.001044
v 0.001595 0.015053 -0.001026
v 0.001604 0.015304 -0.001233
v 0.002012 0.013209 -0.001525
v 0.002113 0.011900 -0.001487
v 0.002493 0.011383 -0.002008
v 0.003382 0.009221 -0.002680
v 0.003207 0.008606 -0.002396
v 0.003834 0.007987 -0.002855
v 0.003453 0.007387 -0.002388
v 0.003943 0.006980 -0.002712
v 0.003532 0.005338 -0.002227
v 0.003206 0.005552 -0.002085
v 0.003518 0.004607 -0.002141
v 0.003879 0.004279 -0.002261
v 0.002296 0.010355 -0.002484
v 0.002178 0.009803 -0.002703
v 0.002522 0.010539 -0.002882
v 0.002650 0.009715 -0.003143
v 0.002596 0.008077 -0.003182
v 0.002807 0.008609 -0.003383
v 0.002650 0.009715 -0.003143
v 0.002946 0.007035 -0.003432
v 0.002973 0.006042 -0.002950
v 0.002734 0.005974 -0.003106
v 0.002738 0.005944 -0.003101
v 0.002919 0.005669 -0.003192
v 0.002795 0.005181 -0.002893
v 0.002467 0.004784 -0.002793
v 0.002440 0.004732 -0.002830
v 0.002408 0.009540 -0.002955
v 0.002543 0.009692 -0.003167
v 0.002861 0.007802 -0.003464
v 0.003081 0.005884 -0.003112
v 0.002874 0.005506 -0.003152
v 0.002478 0.004886 -0.002702
v 0.002652 0.004930 -0.002851
v 0.002971 0.005379 -0.002912
v 0.003175 0.006046 -0.003040
v 0.002939 0.006740 -0.003016
v 0.002988 0.007549 -0.003136
v 0.002620 0.009583 -0.002897
v 0.002401 0.009531 -0.002696
v 0.001567 0.014841 -0.001516
v 0.002151 0.012956 -0.001542
v 0.002047 0.012861 -0.001636
v 0.002807 0.010311 -0.001837
v 0.002781 0.009956 -0.001950
v 0.003005 0.008853 -0.002085
v 0.002793 0.007347 -0.002177
v 0.002738 0.007008 -0.002311
v 0.003013 0.008886 -0.002065
v 0.002966 0.008903 -0.001946
v 0.002384 0.011957 -0.001629
v 0.002339 0.012031 -0.001471
v 0.001599 0.014835 -0.001425
v 0.001571 0.014802 -0.001282
v 0.004000 0.006414 -0.003247
v 0.003935 0.007684 -0.003523
v 0.003714 0.008556 -0.003560
v 0.003236 0.009859 -0.003309
v 0.003194 0.009847 -0.003203
v 0.002286 0.012313 -0.001925
v 0.002298 0.012281 -0.001801
v 0.001905 0.014245 -0.001358
v 0.001607 0.014172 -0.001404
v 0.002023 0.013138 -0.001682
v 0.003034 0.010348 -0.003097
v 0.002678 0.010863 -0.002781
v 0.003529 0.008936 -0.003716
v 0.003937 0.007504 -0.003609
v 0.004041 0.006271 -0.003147
v 0.004040 0.005607 -0.002704
v 0.000709 0.015875 -0.001011
v 0.001715 0.014978 -0.001479
v 0.001812 0.014301 -0.001799
v 0.002208 0.012890 -0.001936
v 0.003010 0.010837 -0.002500
v 0.003245 0.009465 -0.002397
v 0.003603 0.009192 -0.002462
v 0.003268 0.007578 -0.002444
v 0.003567 0.007312 -0.002317
v 0.002867 0.005239 -0.001899
v 0.000688 0.015904 -0.001027
v 0.001557 0.015389 -0.001307
v 0.001366 0.015315 -0.001558
v 0.001689 0.013435 -0.001977
v 0.002154 0.013052 -0.001919
v 0.002290 0.012110 -0.002449
v 0.003204 0.010179 -0.002783
v 0.003186 0.009812 -0.002336
v 0.003747 0.008434 -0.002748
v 0.003231 0.007291 -0.002487
v 0.003778 0.007032 -0.002356
v 0.002907 0.005067 -0.001889
v 0.001201 0.015753 -0.001314
v 0.000715 0.015832 -0.000993
v 0.001267 0.015564 -0.001425
v 0.001517 0.015313 -0.001531
v 0.001852 0.013552 -0.001987
v 0.001629 0.013577 -0.001949
v 0.002591 0.011453 -0.002582
v 0.003531 0.009396 -0.002517
v 0.003520 0.009360 -0.002789
v 0.003732 0.007263 -0.002577
v 0.003476 0.007058 -0.002261
v 0.003160 0.005731 -0.001995
v 0.002961 0.005726 -0.001911
v -0.000351 0.015693 -0.000779
v -0.001016 0.015558 -0.001317
v -0.001070 0.015550 -0.000870
v -0.001364 0.015003 -0.001508
v -0.001604 0.013015 -0.001576
v -0.001643 0.012604 -0.001315
v -0.001664 0.013300 -0.001811
v -0.001870 0.011287 -0.002171
v -0.002030 0.011545 -0.002494
v -0.002473 0.009382 -0.002910
v -0.002693 0.008626 -0.002519
v -0.002730 0.008656 -0.003141
v -0.002875 0.009364 -0.003437
v -0.002921 0.007922 -0.003250
v -0.003372 0.008017 -0.003752
v -0.002899 0.007451 -0.002596
v -0.003053 0.007333 -0.003233
v -0.002910 0.006826 -0.003178
v -0.003582 0.006910 -0.003616
v -0.002910 0.005551 -0.002285
v -0.003087 0.005471 -0.002644
v -0.003475 0.005422 -0.002844
v -0.003248 0.005076 -0.002516
v -0.003415 0.004603 -0.002282
v -0.003500 0.004573 -0.002439
v -0.003830 0.004427 -0.002282
v -0.003836 0.004189 -0.002403
v -0.000348 0.015804 -0.000801
v -0.001181 0.015925 -0.001025
v -0.001321 0.015607 -0.001416
v -0.001840 0.013379 -0.001709
v -0.002035 0.013023 -0.001550
v -0.003439 0.008995 -0.002752
v -0.003011 0.010102 -0.002970
v -0.003791 0.008269 -0.003465
v -0.003942 0.007239 -0.002804
v -0.004017 0.006858 -0.003343
v -0.003725 0.005226 -0.002493
v -0.003601 0.005537 -0.002260
v -0.003749 0.004700 -0.002179
v -0.003984 0.004293 -0.002321
v -0.000383 0.015750 -0.000743
v -0.000940 0.015577 -0.001246
v -0.001218 0.015721 -0.001233
v -0.001360 0.015047 -0.001415
v -0.001573 0.015041 -0.001472
v -0.002494 0.011163 -0.002528
v -0.002190 0.010947 -0.002720
v -0.003445 0.007861 -0.003813
v -0.004080 0.007296 -0.003461
v -0.003406 0.005519 -0.002868
v -0.003669 0.004334 -0.002247
v -0.000359 0.015717 -0.000787
v -0.001240 0.015649 -0.000898
v -0.001045 0.015454 -0.000878
v -0.001393 0.014961 -0.001028
v -0.001600 0.014961 -0.001042
v -0.002287 0.011216 -0.001656
v -0.001989 0.010866 -0.001819
v -0.003459 0.007632 -0.002421
v -0.002881 0.007905 -0.002620
v -0.002845 0.005675 -0.002304
v -0.003198 0.005552 -0.002113
v -0.003651 0.004328 -0.002244
v -0.003380 0.004572 -0.002290
v -0.000370 0.015790 -0.000761
v -0.001143 0.015692 -0.000813
v -0.001145 0.015834 -0.001044
v -0.001595 0.015053 -0.001026
v -0.001604 0.015304 -0.001233
v -0.002012 0.013209 -0.001525
v -0.002113 0.011900 -0.001487
v -0.002493 0.011383 -0.002008
v -0.003382 0.009221 -0.002680
v -0.003207 0.008606 -0.002396
v -0.003834 0.007987 -0.002855
v -0.003453 0.007387 -0.002388
v -0.003943 0.006980 -0.002712
v -0.003532 0.005338 -0.002227
v -0.003206 0.005552 -0.002085
v -0.003518 0.004607 -0.002141
v -0.003879 0.004279 -0.002261
v -0.002296 0.010355 -0.002484
v -0.002365 0.009534 -0.002707
v -0.002522 0.010539 -0.002882
v -0.002799 0.008871 -0.003342
v -0.002596 0.008071 -0.003183
v -0.003046 0.006450 -0.003087
v -0.002946 0.007035 -0.003432
v -0.002738 0.005943 -0.003101
v -0.002733 0.005968 -0.003103
v -0.002918 0.005669 -0.003193
v -0.002795 0.005181 -0.002893
v -0.002467 0.004784 -0.002793
v -0.002440 0.004732 -0.002830
v -0.002408 0.009540 -0.002955
v -0.002543 0.009692 -0.003167
v -0.002861 0.007802 -0.003464
v -0.003081 0.005884 -0.003112
v -0.002874 0.005506 -0.003152
v -0.002478 0.004886 -0.002702
v -0.002652 0.004930 -0.002851
v -0.002971 0.005379 -0.002912
v -0.003175 0.006046 -0.003040
v -0.002939 0.006740 -0.003016
v -0.002988 0.007549 -0.003136
v -0.002620 0.009583 -0.002897
v -0.002401 0.009531 -0.002696
v -0.001567 0.014841 -0.001516
v -0.002151 0.012956 -0.001542
v -0.002047 0.012861 -0.001636
v -0.002807 0.010311 -0.001837
v -0.002781 0.009956 -0.001950
v -0.003005 0.008853 -0.002085
v -0.002793 0.007347 -0.002177
v -0.002738 0.007008 -0.002311
v -0.003013 0.008886 -0.002065
v -0.002966 0.008903 -0.001946
v -0.002384 0.011957 -0.001629
v -0.002339 0.012031 -0.001471
v -0.001599 0.014835 -0.001425
v -0.001571 0.014802 -0.001282
v -0.004000 0.006414 -0.003247
v -0.003935 0.007684 -0.003523
v -0.003714 0.008556 -0.003560
v -0.003236 0.009859 -0.003309
v -0.003196 0.009845 -0.003204
v -0.002286 0.012313 -0.001925
v -0.002298 0.012281 -0.001801
v -0.001905 0.014245 -0.001358
v -0.001607 0.014172 -0.001404
v -0.002023 0.013138 -0.001682
v -0.003034 0.010348 -0.003097
v -0.002678 0.010863 -0.002781
v -0.003529 0.008936 -0.003716
v -0.003937 0.007504 -0.003609
v -0.004041 0.006271 -0.003147
v -0.004040 0.005607 -0.002704
v -0.000709 0.015875 -0.001011
v -0.001715 0.014978 -0.001479
v -0.001812 0.014301 -0.001799
v -0.002208 0.012890 -0.001936
v -0.003010 0.010837 -0.002500
v -0.003245 0.009465 -0.002397
v -0.003603 0.009192 -0.002462
v -0.003268 0.007578 -0.002444
v -0.003567 0.007312 -0.002317
v -0.002874 0.005263 -0.001907
v -0.000688 0.015904 -0.001027
v -0.001557 0.015389 -0.001307
v -0.001366 0.015315 -0.001558
v -0.001689 0.013435 -0.001977
v -0.002154 0.013052 -0.001919
v -0.002290 0.012110 -0.002449
v -0.003204 0.010179 -0.002783
v -0.003186 0.009812 -0.002336
v -0.003747 0.008434 -0.002748
v -0.003231 0.007291 -0.002487
v -0.003778 0.007032 -0.002356
v -0.002907 0.005067 -0.001889
v -0.001201 0.015753 -0.001314
v -0.000715 0.015832 -0.000993
v -0.001267 0.015564 -0.001425
v -0.001517 0.015313 -0.001531
v -0.001852 0.013552 -0.001987
v -0.001629 0.013577 -0.001949
v -0.002591 0.011453 -0.002582
v -0.003531 0.009396 -0.002517
v -0.003520 0.009360 -0.002789
v -0.003732 0.007263 -0.002577
v -0.003476 0.007058 -0.002261
v -0.003160 0.005731 -0.001995
v -0.002961 0.005726 -0.001911
v 0.000570 0.013762 0.000197
v 0.000858 0.014248 0.000008
v 0.000735 0.014626 0.000206
v 0.000904 0.015298 -0.000301
v 0.000650 0.015264 0.000281
v 0.000852 0.014455 -0.000288
v 0.000576 0.013780 0.000159
v 0.000894 0.015295 -0.000316
v 0.000583 0.015211 0.000210
v 0.000735 0.014192 -0.000257
v 0.000570 0.013765 0.000193
v -0.000570 0.013762 0.000197
v -0.000858 0.014248 0.000008
v -0.000735 0.014626 0.000206
v -0.000904 0.015298 -0.000301
v -0.000650 0.015264 0.000281
v -0.000852 0.014455 -0.000288
v -0.000576 0.013780 0.000159
v -0.000894 0.015295 -0.000316
v -0.000583 0.015211 0.000210
v -0.000735 0.014192 -0.000257
v -0.000570 0.013765 0.000193
v -0.002770 0.007245 -0.002270
v -0.002857 0.009713 -0.001989
v -0.002930 0.009587 -0.001823
v -0.002192 0.012590 -0.001422
v -0.002140 0.012476 -0.001663
v -0.001480 0.014817 -0.001507
v -0.001576 0.014804 -0.001285
v 0.004056 0.005306 -0.002493
v 0.004010 0.006267 -0.003113
v 0.003978 0.007066 -0.003451
v 0.003662 0.008348 -0.003674
v 0.003700 0.008359 -0.003570
v 0.003089 0.009945 -0.003307
v 0.003144 0.009929 -0.003163
v 0.002099 0.012435 -0.001949
v 0.002173 0.012443 -0.001771
v 0.001654 0.014194 -0.001438
v -0.004056 0.005306 -0.002493
v -0.004010 0.006267 -0.003113
v -0.003978 0.007066 -0.003451
v -0.003662 0.008348 -0.003674
v -0.003700 0.008359 -0.003570
v -0.003088 0.009945 -0.003307
v -0.003144 0.009927 -0.003164
v -0.002099 0.012435 -0.001949
v -0.002173 0.012443 -0.001771
v -0.001654 0.014194 -0.001438
v -0.000582 0.014059 0.000336
v -0.000757 0.014245 0.000220
v -0.000692 0.014334 0.000250
v -0.000723 0.014717 0.000303
v 0.000582 0.014059 0.000336
v 0.000757 0.014245 0.000220
v 0.000692 0.014334 0.000250
v 0.000723 0.014717 0.000303
v 0.000745 0.014866 0.000439
v 0.000766 0.014685 0.000428
v 0.000700 0.015075 0.000419
v 0.000734 0.014882 0.000409
v -0.000719 0.014899 0.000328
v -0.000725 0.014720 0.000240
v -0.000697 0.015077 0.000394
v -0.000729 0.014887 0.000360
v 0.000120 0.014491 0.000619
v 0.000084 0.014473 0.000655
v -0.000707 0.014482 0.000505
v -0.000575 0.015063 0.000666
v -0.000276 0.015385 0.000636
v -0.000304 0.015664 0.000514
v -0.000089 0.016172 0.000188
v -0.000622 0.015160 0.000597
v -0.000561 0.014560 0.000493
v -0.000615 0.015273 0.000446
v -0.000118 0.016193 0.000199
v -0.000152 0.016016 0.000063
v -0.000593 0.015260 0.000389
v -0.000347 0.015298 0.000421
v -0.000708 0.014441 0.000488
v -0.000328 0.015308 0.000425
v -0.000589 0.015304 0.000450
v -0.000091 0.016202 0.000085
v -0.000608 0.014647 0.000548
v -0.000329 0.015264 0.000439
v -0.000266 0.015481 0.000538
v -0.000096 0.016045 0.000072
v -0.000113 0.016183 0.000188
v 0.000781 0.014643 0.000413
v 0.000627 0.014997 0.000624
v 0.000295 0.015904 0.000427
v 0.000333 0.015962 0.000257
v 0.000467 0.015659 0.000120
v 0.000698 0.015260 0.000416
v 0.000721 0.015034 0.000338
v 0.000791 0.014584 0.000356
v 0.000767 0.014597 0.000498
v 0.000289 0.015200 0.000661
v 0.000046 0.016049 0.000106
v 0.000524 0.014710 0.000561
v 0.000284 0.015064 0.000726
v 0.000155 0.015534 0.000584
v 0.000447 0.014832 0.000661
v 0.000288 0.014935 0.000652
v 0.000360 0.014991 0.000531
v 0.000112 0.015505 0.000454
v 0.000533 0.015698 0.000162
v 0.000770 0.014563 0.000349
v -0.000037 0.016235 0.000021
v 0.000721 0.014639 0.000408
v 0.000619 0.014765 0.000581
v 0.000265 0.015144 0.000505
v 0.000325 0.015133 0.000688
v 0.000512 0.014734 0.000602
v 0.000229 0.015439 0.000677
v 0.000100 0.015552 0.000432
v 0.000085 0.016140 0.000221
v -0.000018 0.016142 0.000125
v 0.000545 0.014704 0.000570
v 0.000306 0.015125 0.000694
v 0.000280 0.015151 0.000499
v 0.000237 0.014232 0.000559
v -0.000058 0.014543 0.000700
v 0.000077 0.014775 0.000785
v -0.000209 0.015190 0.000787
v 0.000047 0.015960 0.000443
v -0.000137 0.015949 0.000414
v -0.000010 0.016108 0.000171
v -0.000328 0.015298 0.000580
v -0.000198 0.015259 0.000777
v 0.000020 0.014325 0.000633
v 0.000092 0.014434 0.000646
v -0.000086 0.014574 0.000620
v -0.000136 0.014608 0.000625
v 0.000158 0.014467 0.000598
v -0.000275 0.015088 0.000628
v -0.000023 0.014432 0.000602
v -0.000285 0.015562 0.000488
v -0.000060 0.016153 0.000181
v 0.000024 0.016152 0.000024
v -0.000233 0.015676 0.000355
v 0.000131 0.015782 0.000152
v -0.000008 0.014492 0.000655
v 0.000042 0.014393 0.000610
v 0.000068 0.016179 0.000212
v 0.000000 0.016099 0.000047
v 0.000146 0.015405 0.000670
v 0.000136 0.015807 0.000107
v 0.000135 0.014851 0.000629
v 0.000149 0.014470 0.000679
v 0.000228 0.014311 0.000580
v 0.000234 0.014293 0.000566
v 0.000042 0.015135 0.000810
v 0.000155 0.015357 0.000680
v 0.000022 0.014433 0.000653
v -0.000020 0.014498 0.000677
v -0.000030 0.014494 0.000684
v 0.000183 0.014311 0.000574
v 0.000099 0.014476 0.000640
v 0.000208 0.014284 0.000566
v 0.000240 0.014286 0.000544
v 0.000115 0.014497 0.000637
v -0.000815 0.013863 0.000272
v -0.001003 0.014663 0.000280
v -0.000561 0.015686 0.000422
v -0.000656 0.015665 0.000303
v -0.000138 0.016103 0.000198
v -0.000105 0.015995 0.000101
v -0.000642 0.015553 0.000440
v -0.000756 0.014709 0.000626
v -0.000873 0.014762 0.000469
v -0.000721 0.013889 0.000191
v -0.000084 0.016138 0.000164
v -0.000448 0.015785 0.000074
v -0.000310 0.015466 0.000371
v -0.000897 0.014877 0.000143
v -0.000637 0.014667 0.000382
v -0.000711 0.013873 0.000200
v -0.000708 0.013917 0.000241
v -0.000675 0.014443 0.000391
v -0.000726 0.014695 0.000525
v -0.000385 0.015373 0.000387
v -0.000551 0.015277 0.000568
v -0.000141 0.016095 0.000209
v -0.000075 0.016092 0.000111
v -0.000718 0.013879 0.000202
v -0.000897 0.014357 0.000296
v -0.000883 0.014711 0.000152
v -0.000776 0.015401 0.000350
v -0.000003 0.016162 0.000207
v -0.000207 0.015459 0.000746
v -0.000108 0.015011 0.000823
v 0.000042 0.014878 0.000779
v -0.000034 0.014517 0.000596
v -0.000065 0.014619 0.000592
vn -0.9286 0.0027 0.3710
vn -0.8977 -0.0969 0.4298
vn -0.9281 -0.0127 0.3722
vn -0.9240 -0.2047 0.3231
vn -0.9048 -0.2742 0.3258
vn -0.9050 -0.2744 0.3250
vn -0.8904 -0.2702 0.3662
vn -0.8896 -0.2683 0.3695
vn 0.5334 0.8222 0.1985
vn 0.4998 0.8447 0.1913
vn 0.5089 0.8275 0.2372
vn 0.5321 0.8073 0.2553
vn 0.4943 0.8276 0.2661
vn -0.1108 0.6241 -0.7735
vn -0.1137 0.6512 -0.7503
vn -0.0970 0.6585 -0.7463
vn 0.3709 0.8788 -0.3003
vn 0.3857 0.8686 -0.3110
vn 0.4240 0.8335 -0.3543
vn 0.3497 0.8451 -0.4043
vn 0.3323 0.8622 -0.3825
vn 0.3407 0.8614 -0.3767
vn -0.1560 0.7561 -0.6356
vn -0.1523 0.7636 -0.6274
vn -0.1438 0.7566 -0.6378
vn 0.8301 0.1765 0.5289
vn 0.6352 0.4789 0.6059
vn 0.5971 -0.3442 0.7245
vn 0.7216 -0.2339 -0.6516
vn 0.8750 0.4794 0.0673
vn 0.8449 0.4656 0.2634
vn 0.7414 0.4888 0.4598
vn 0.3959 0.6324 0.6659
vn 0.3354 0.5998 0.7265
vn 0.0507 0.6971 0.7152
vn 0.2177 0.8265 -0.5191
vn 0.1933 0.8762 -0.4415
vn 0.1505 0.8646 -0.4794
vn 0.9402 -0.3077 -0.1461
vn 0.7543 -0.3905 -0.5278
vn 0.8847 -0.3527 -0.3049
vn 0.8637 -0.4743 -0.1703
vn 0.5323 -0.7613 -0.3703
vn 0.2311 -0.8715 -0.4325
vn 0.3164 -0.8164 -0.4832
vn 0.4660 -0.0848 0.8807
vn 0.6816 -0.6987 -0.2174
vn 0.5074 -0.1950 0.8394
vn 0.4813 -0.8695 -0.1107
vn 0.1364 -0.9886 0.0633
vn 0.8584 -0.0486 -0.5106
vn 0.7670 -0.2416 -0.5945
vn 0.6603 -0.2492 -0.7085
vn 0.2668 -0.4075 -0.8733
vn 0.0780 -0.5140 -0.8543
vn 0.1264 -0.4556 -0.8811
vn 0.3841 -0.2409 -0.8913
vn 0.1918 -0.4484 -0.8730
vn 0.1765 -0.4072 -0.8961
vn 0.4563 -0.1258 -0.8809
vn 0.9257 -0.1705 -0.3375
vn 0.9482 -0.1625 -0.2729
vn 0.9488 -0.1173 -0.2933
vn 0.4601 -0.4022 -0.7915
vn 0.4539 -0.3836 -0.8042
vn 0.4410 -0.4035 -0.8017
vn 0.7180 0.0478 -0.6944
vn -0.2275 0.9360 -0.2686
vn 0.3057 0.4771 -0.8240
vn 0.4026 0.2968 -0.8659
vn 0.7840 -0.1555 -0.6010
vn 0.6233 0.3068 -0.7193
vn 0.4783 0.1696 -0.8617
vn 0.4357 0.1318 -0.8904
vn 0.2486 0.0543 -0.9671
vn 0.2365 0.0663 -0.9694
vn 0.4485 -0.2130 -0.8681
vn 0.0595 0.6006 -0.7973
vn 0.2856 0.4426 -0.8500
vn 0.0789 0.7978 -0.5978
vn -0.1230 0.7747 -0.6203
vn 0.4607 0.8015 -0.3812
vn 0.4937 0.8156 -0.3017
vn 0.3600 0.9013 0.2409
vn 0.0229 0.9698 0.2428
vn 0.1708 0.9470 0.2722
vn 0.4332 0.8979 0.0783
vn 0.5881 0.8043 -0.0857
vn -0.4006 -0.8502 -0.3417
vn -0.3783 -0.9100 -0.1696
vn -0.3655 -0.8471 0.3857
vn -0.1750 -0.7937 0.5827
vn -0.4998 0.8447 0.1913
vn -0.5334 0.8222 0.1985
vn -0.5089 0.8275 0.2372
vn -0.5055 0.8227 0.2601
vn -0.4943 0.8276 0.2661
vn 0.1137 0.6512 -0.7503
vn 0.1108 0.6241 -0.7735
vn 0.0970 0.6585 -0.7463
vn -0.3857 0.8686 -0.3110
vn -0.3709 0.8788 -0.3003
vn -0.4240 0.8335 -0.3543
vn -0.3323 0.8622 -0.3825
vn -0.3497 0.8451 -0.4043
vn -0.3408 0.8614 -0.3767
vn 0.1523 0.7636 -0.6274
vn 0.1560 0.7561 -0.6356
vn 0.1438 0.7566 -0.6378
vn -0.8175 -0.4078 0.4068
vn -0.9387 -0.2327 -0.2544
vn -0.8969 -0.2416 0.3704
vn -0.9208 -0.3285 -0.2102
vn -0.9445 -0.2283 -0.2363
vn -0.9927 -0.0376 -0.1147
vn -0.2112 -0.8769 -0.4317
vn -0.5087 -0.7520 -0.4192
vn -0.3067 -0.8109 -0.4985
vn -0.8312 -0.4808 -0.2793
vn -0.6791 -0.7007 -0.2188
vn -0.4659 -0.0848 0.8807
vn -0.5073 -0.1944 0.8396
vn -0.4469 -0.8867 -0.1183
vn -0.1364 -0.9886 0.0632
vn -0.7817 -0.2194 -0.5838
vn -0.8584 -0.0486 -0.5106
vn -0.6603 -0.2485 -0.7087
vn -0.0775 -0.5138 -0.8544
vn -0.2650 -0.4095 -0.8730
vn -0.0947 -0.4473 -0.8894
vn -0.0520 0.6977 0.7145
vn -0.3976 0.6275 0.6694
vn -0.3733 0.5812 0.7231
vn -0.6275 0.4830 0.6107
vn -0.7713 0.4824 0.4152
vn -0.9282 0.3227 0.1853
vn -0.8932 0.4275 0.1394
vn -0.6622 -0.3023 0.6856
vn -0.9793 0.1950 -0.0538
vn -0.9757 0.2049 -0.0782
vn -0.1918 -0.4484 -0.8730
vn -0.3925 -0.2339 -0.8895
vn -0.1781 -0.4061 -0.8963
vn -0.4397 -0.1405 -0.8871
vn -0.9155 -0.1875 -0.3559
vn -0.9482 -0.1509 -0.2796
vn -0.9488 -0.1173 -0.2932
vn -0.4539 -0.3836 -0.8042
vn -0.4601 -0.4022 -0.7915
vn -0.4410 -0.4035 -0.8017
vn 0.2206 0.9377 -0.2685
vn -0.7183 0.0471 -0.6941
vn -0.3057 0.4772 -0.8239
vn -0.4026 0.2968 -0.8659
vn -0.7858 -0.1493 -0.6001
vn -0.4774 0.1691 -0.8623
vn -0.6234 0.3067 -0.7192
vn -0.4313 0.1335 -0.8923
vn -0.2500 0.0535 -0.9668
vn -0.2365 0.0663 -0.9694
vn -0.0576 0.6019 -0.7965
vn -0.4485 -0.2130 -0.8681
vn -0.2827 0.4393 -0.8527
vn -0.0716 0.8011 -0.5943
vn 0.1230 0.7747 -0.6203
vn -0.4734 0.7998 -0.3691
vn -0.4938 0.8151 -0.3029
vn -0.1933 0.8762 -0.4415
vn -0.2177 0.8265 -0.5191
vn -0.1505 0.8646 -0.4794
vn -0.3687 0.8983 0.2388
vn -0.5881 0.8043 -0.0856
vn -0.4332 0.8979 0.0783
vn -0.1017 0.9515 0.2902
vn -0.0229 0.9698 0.2428
vn 0.3783 -0.9100 -0.1696
vn 0.4006 -0.8502 -0.3417
vn 0.3655 -0.8471 0.3858
vn 0.1750 -0.7937 0.5827
vn 0.9422 -0.2702 0.1980
vn 0.8391 -0.4290 0.3344
vn 0.8504 -0.4287 0.3051
vn 0.9005 0.0393 -0.4332
vn 0.8593 0.0671 -0.5070
vn 0.8375 0.3409 0.4272
vn 0.6148 0.5474 0.5678
vn 0.8165 0.3054 0.4899
vn 0.5768 0.7993 0.1685
vn 0.3458 0.8464 0.4050
vn 0.3232 0.9409 0.1009
vn 0.4783 0.2436 0.8437
vn 0.5464 0.2278 0.8059
vn 0.7033 -0.2187 0.6764
vn 0.6825 -0.1876 0.7064
vn 0.8112 -0.3690 0.4537
vn 0.8367 -0.3196 0.4448
vn 0.8366 -0.3920 0.3827
vn 0.5119 0.5501 -0.6599
vn 0.4799 0.5627 -0.6731
vn 0.5020 0.5856 -0.6365
vn -0.4283 -0.7141 -0.5537
vn -0.6636 -0.5499 -0.5072
vn -0.3149 -0.9424 -0.1126
vn -0.9009 -0.1647 -0.4016
vn -0.8805 0.0698 -0.4689
vn -0.9253 0.0787 -0.3711
vn -0.8217 -0.3684 -0.4348
vn -0.9403 0.1369 -0.3116
vn -0.8737 0.3061 -0.3780
vn -0.9543 -0.0437 -0.2956
vn -0.9135 -0.1209 -0.3884
vn -0.4076 -0.8966 -0.1731
vn 0.7575 0.2877 -0.5860
vn 0.4717 0.3910 -0.7903
vn 0.5339 0.3784 -0.7561
vn 0.7693 0.3286 -0.5479
vn 0.8283 0.2699 0.4909
vn 0.6797 0.2723 0.6811
vn 0.9455 0.2128 -0.2465
vn 0.8424 0.1730 -0.5103
vn 0.9231 -0.2631 0.2806
vn 0.7771 -0.3460 0.5257
vn 0.8079 -0.3618 0.4652
vn 0.9502 -0.2329 0.2071
vn 0.8309 -0.1552 -0.5344
vn 0.9121 -0.3440 0.2231
vn 0.9225 -0.3531 0.1562
vn 0.7549 -0.1061 -0.6472
vn -0.9428 0.2402 -0.2312
vn -0.9639 0.2059 -0.1687
vn -0.8175 0.1584 -0.5537
vn -0.9568 0.1696 -0.2362
vn -0.5887 0.0808 -0.8043
vn -0.5888 0.0717 -0.8051
vn -0.9590 -0.2350 -0.1583
vn -0.9693 -0.2344 -0.0739
vn -0.9809 -0.1837 0.0639
vn -0.9809 -0.1518 0.1219
vn -0.8495 -0.4438 0.2851
vn -0.9302 -0.3051 0.2040
vn -0.8438 -0.4691 0.2606
vn -0.8991 0.0225 -0.4372
vn -0.8582 0.0649 -0.5093
vn -0.6151 0.6050 0.5057
vn -0.8299 0.3389 0.4431
vn -0.8113 0.3040 0.4994
vn -0.5893 0.7926 0.1564
vn -0.3968 0.8786 0.2657
vn -0.3887 0.8426 0.3728
vn -0.4755 0.3302 0.8154
vn -0.5007 0.1736 0.8480
vn -0.4818 0.1546 0.8625
vn -0.6137 -0.0645 0.7869
vn -0.6621 -0.1197 0.7398
vn -0.8441 -0.3740 0.3843
vn -0.8663 -0.2817 0.4125
vn -0.8524 -0.4617 0.2454
vn -0.4793 0.5635 -0.6729
vn -0.5113 0.5509 -0.6596
vn -0.5014 0.5864 -0.6362
vn 0.6314 -0.6086 -0.4807
vn 0.4388 -0.7139 -0.5457
vn 0.4938 -0.7703 -0.4035
vn 0.7322 -0.5559 -0.3935
vn 0.9272 -0.1179 -0.3555
vn 0.8205 -0.0530 -0.5691
vn 0.8935 0.0126 -0.4488
vn 0.8161 -0.1478 -0.5587
vn 0.8276 -0.0630 -0.5578
vn 0.9596 0.0365 -0.2790
vn 0.9484 0.0392 -0.3147
vn 0.9408 -0.0726 -0.3310
vn 0.6269 -0.7778 -0.0461
vn -0.4717 0.3910 -0.7903
vn -0.7575 0.2878 -0.5860
vn -0.5339 0.3784 -0.7561
vn -0.7693 0.3286 -0.5479
vn -0.6796 0.2723 0.6811
vn -0.8283 0.2699 0.4909
vn -0.9348 0.1581 -0.3180
vn -0.8424 0.1730 -0.5103
vn -0.4980 -0.2475 0.8311
vn -0.5325 -0.2042 0.8214
vn -0.5191 -0.1432 0.8426
vn -0.7771 -0.3460 0.5257
vn -0.9325 -0.2430 0.2673
vn -0.8079 -0.3619 0.4651
vn -0.9502 -0.2329 0.2071
vn -0.9121 -0.3440 0.2231
vn -0.8243 -0.1499 -0.5460
vn -0.9225 -0.3530 0.1563
vn -0.7549 -0.1061 -0.6472
vn 0.9639 0.2059 -0.1687
vn 0.9428 0.2402 -0.2312
vn 0.8094 0.1881 -0.5563
vn 0.9568 0.1697 -0.2362
vn 0.5994 0.1095 -0.7929
vn 0.5888 0.0716 -0.8051
vn 0.9693 -0.2344 -0.0739
vn 0.9590 -0.2350 -0.1583
vn 0.9809 -0.1837 0.0639
vn 0.9809 -0.1518 0.1219
vn -0.6779 -0.7329 0.0574
vn -0.1835 -0.9830 -0.0018
vn -0.8130 -0.5797 -0.0541
vn -0.9665 -0.1269 -0.2232
vn -0.5527 -0.0348 -0.8327
vn -0.9734 -0.1865 -0.1331
vn -0.9379 -0.0773 -0.3382
vn -0.8755 -0.0620 -0.4791
vn -0.8785 -0.0465 -0.4754
vn -0.9639 -0.2655 0.0205
vn -0.9624 -0.2668 -0.0508
vn -0.7621 -0.1182 -0.6366
vn -0.8037 -0.0828 -0.5892
vn -0.9893 -0.1258 -0.0741
vn -0.7390 -0.1525 -0.6563
vn -0.9948 -0.0668 -0.0775
vn -0.6867 -0.2206 -0.6927
vn -0.9987 -0.0179 -0.0472
vn -0.6823 -0.2232 -0.6962
vn -0.8543 -0.3182 -0.4111
vn -0.4682 -0.3813 -0.7971
vn -0.4506 -0.3653 -0.8145
vn -0.8362 -0.4131 -0.3608
vn -0.7018 -0.4970 -0.5104
vn 0.1274 -0.4157 -0.9005
vn 0.2150 -0.3824 -0.8986
vn -0.6677 -0.4952 -0.5559
vn 0.9029 0.4288 -0.0305
vn -0.2707 0.6930 -0.6682
vn 0.0511 0.7734 -0.6318
vn 0.8959 0.3291 -0.2984
vn 0.8889 0.3742 -0.2643
vn 0.9319 0.3542 0.0784
vn 0.9369 0.3489 -0.0230
vn 0.9534 0.2562 0.1594
vn 0.9878 0.1145 0.1055
vn 0.9902 0.0157 0.1386
vn 0.9313 0.1272 0.3412
vn 0.9084 0.0420 0.4161
vn 0.8588 0.3078 0.4094
vn 0.8395 0.3023 0.4515
vn -0.1895 0.4095 -0.8924
vn -0.2594 0.5563 -0.7894
vn -0.3366 0.7093 -0.6193
vn -0.1963 0.2085 -0.9581
vn -0.2606 0.2014 -0.9442
vn 0.3050 0.3758 -0.8751
vn 0.2824 0.3881 -0.8773
vn 0.6190 0.2445 -0.7463
vn 0.3444 -0.1878 -0.9199
vn 0.2835 -0.4033 -0.8700
vn 0.2781 -0.3742 -0.8847
vn 0.1823 -0.0836 0.9797
vn 0.1646 -0.0776 0.9833
vn 0.1305 -0.0207 0.9912
vn 0.0738 -0.1622 0.9840
vn 0.0595 -0.1528 0.9865
vn -0.2421 -0.2400 0.9401
vn -0.2209 -0.2535 0.9418
vn -0.3475 -0.0286 0.9373
vn -0.3943 -0.1865 0.8999
vn -0.4242 0.0536 0.9040
vn -0.5075 -0.1151 0.8540
vn -0.3887 -0.1900 0.9016
vn -0.2585 -0.1021 0.9606
vn 0.5288 0.7005 0.4792
vn 0.1348 0.8363 0.5314
vn 0.5567 0.7030 0.4427
vn 0.9103 0.2538 0.3270
vn 0.8128 0.3518 0.4643
vn 0.8888 0.0800 0.4512
vn 0.8489 0.1043 0.5181
vn 0.8754 0.1994 0.4404
vn 0.7416 0.0891 0.6649
vn 0.7028 0.1382 0.6979
vn 0.6554 0.1382 0.7425
vn 0.6335 0.1515 0.7588
vn 0.6024 0.1065 0.7910
vn 0.4528 0.0857 0.8875
vn 0.4597 0.1014 0.8823
vn 0.4180 0.1191 0.9006
vn 0.4113 0.0913 0.9069
vn -0.7537 0.2239 -0.6179
vn -0.8799 0.3207 -0.3505
vn -0.7839 0.2347 -0.5749
vn -0.6662 0.1288 -0.7346
vn -0.6825 0.0293 -0.7303
vn -0.8665 -0.1205 -0.4844
vn -0.7457 0.0087 -0.6663
vn -0.6757 0.0727 -0.7336
vn -0.6974 -0.0702 -0.7132
vn -0.6112 0.0654 0.7888
vn -0.5218 0.1008 0.8471
vn -0.6029 -0.1100 -0.7902
vn -0.5350 -0.0766 -0.8414
vn -0.0916 0.2615 0.9608
vn -0.0190 0.2596 0.9655
vn -0.5221 -0.0610 -0.8507
vn 0.8536 0.0493 0.5186
vn 0.9434 0.1601 0.2903
vn 0.8155 0.0180 0.5785
vn 0.5626 -0.1846 -0.8058
vn 0.8867 -0.4549 -0.0830
vn 0.8707 -0.4840 0.0870
vn 0.3162 0.0913 0.9443
vn 0.4481 0.0927 0.8892
vn 0.2961 0.0377 0.9544
vn 0.7225 0.0694 0.6879
vn 0.6984 0.0568 0.7134
vn 0.6774 0.0369 0.7347
vn 0.5529 0.1942 -0.8103
vn 0.5373 0.2137 -0.8159
vn 0.5726 0.1367 -0.8084
vn 0.5318 0.2193 -0.8180
vn 0.5325 0.2117 -0.8195
vn -0.1597 0.0872 -0.9833
vn -0.1730 0.0853 -0.9812
vn 0.9325 0.0085 0.3610
vn 0.9082 -0.1809 0.3773
vn 0.9313 -0.0488 0.3610
vn 0.9624 0.1956 0.1885
vn 0.9620 0.2165 0.1663
vn 0.9351 0.2783 0.2193
vn 0.9549 0.2277 0.1907
vn 0.9088 0.1903 0.3713
vn 0.8892 0.2551 0.3797
vn 0.9010 0.2138 0.3775
vn 0.9573 0.2884 -0.0212
vn 0.9635 0.2667 -0.0246
vn 0.9871 0.1539 -0.0447
vn 0.9050 0.4014 -0.1409
vn -0.3776 0.2557 -0.8900
vn 0.7856 0.4619 -0.4116
vn -0.4644 0.2087 -0.8607
vn 0.9542 0.2911 0.0693
vn -0.7852 -0.2669 -0.5587
vn -0.7998 -0.2654 -0.5383
vn 0.8426 0.3361 -0.4208
vn -0.0443 0.4176 -0.9075
vn 0.0462 0.4239 -0.9045
vn 0.8391 0.1956 0.5077
vn 0.8251 0.1770 0.5365
vn 0.2508 0.0993 0.9629
vn 0.1779 0.0047 0.9840
vn -0.2844 0.1490 0.9471
vn -0.1980 0.1722 0.9650
vn -0.1738 0.2447 0.9539
vn -0.5235 -0.5814 0.6228
vn -0.3073 -0.8239 0.4762
vn -0.5911 -0.5490 0.5908
vn -0.4408 -0.3382 0.8314
vn -0.4905 -0.4679 0.7351
vn -0.7096 -0.4073 0.5749
vn -0.9330 -0.2478 -0.2608
vn -0.9042 -0.2908 -0.3127
vn -0.4572 0.0210 -0.8891
vn -0.0766 -0.2956 -0.9522
vn 0.1806 -0.2115 -0.9605
vn 0.1499 -0.3075 -0.9397
vn 0.0311 0.4874 -0.8726
vn -0.5074 0.2755 -0.8165
vn -0.4203 0.3410 -0.8409
vn -0.1785 0.2245 -0.9580
vn -0.0813 0.2426 -0.9667
vn -0.1148 0.2153 -0.9698
vn 0.8692 0.4039 -0.2853
vn 0.9671 0.2461 -0.0642
vn 0.9677 0.2499 -0.0335
vn 0.8078 0.0367 0.5884
vn 0.7877 -0.0600 0.6132
vn 0.4419 0.1035 0.8910
vn 0.4152 0.0936 0.9049
vn 0.1813 -0.9834 0.0034
vn 0.6737 -0.7370 0.0541
vn 0.8128 -0.5800 -0.0543
vn 0.9665 -0.1269 -0.2232
vn 0.5526 -0.0348 -0.8327
vn 0.9734 -0.1865 -0.1331
vn 0.9379 -0.0773 -0.3382
vn 0.8755 -0.0620 -0.4791
vn 0.8785 -0.0465 -0.4754
vn 0.9639 -0.2655 0.0204
vn 0.9624 -0.2668 -0.0508
vn 0.7621 -0.1182 -0.6366
vn 0.8037 -0.0828 -0.5892
vn 0.9893 -0.1258 -0.0742
vn 0.7390 -0.1525 -0.6563
vn 0.9948 -0.0668 -0.0775
vn 0.6867 -0.2206 -0.6927
vn 0.9987 -0.0179 -0.0472
vn 0.6823 -0.2232 -0.6962
vn 0.8543 -0.3182 -0.4111
vn 0.4682 -0.3813 -0.7971
vn 0.4507 -0.3653 -0.8145
vn 0.8362 -0.4131 -0.3608
vn 0.7018 -0.4970 -0.5104
vn -0.1274 -0.4157 -0.9005
vn -0.2150 -0.3824 -0.8986
vn 0.6677 -0.4952 -0.5559
vn 0.2707 0.6930 -0.6682
vn -0.9029 0.4287 -0.0304
vn -0.0511 0.7735 -0.6318
vn -0.8959 0.3291 -0.2984
vn -0.8889 0.3742 -0.2643
vn -0.9319 0.3542 0.0784
vn -0.9369 0.3489 -0.0230
vn -0.9534 0.2562 0.1594
vn -0.9878 0.1145 0.1055
vn -0.9903 0.0177 0.1381
vn -0.9313 0.1272 0.3412
vn -0.9084 0.0420 0.4161
vn -0.8588 0.3078 0.4094
vn -0.8395 0.3023 0.4515
vn 0.2381 0.5429 -0.8054
vn 0.1932 0.4114 -0.8907
vn 0.3367 0.7093 -0.6193
vn 0.1963 0.2085 -0.9581
vn 0.2606 0.2014 -0.9442
vn -0.3051 0.3758 -0.8751
vn -0.2824 0.3881 -0.8773
vn -0.6190 0.2445 -0.7463
vn -0.3443 -0.1878 -0.9199
vn -0.2835 -0.4033 -0.8700
vn -0.2781 -0.3742 -0.8847
vn -0.1794 -0.1023 0.9784
vn -0.1616 -0.0642 0.9848
vn -0.1305 -0.0207 0.9912
vn -0.0734 -0.1593 0.9845
vn -0.0701 -0.1642 0.9839
vn 0.2421 -0.2400 0.9401
vn 0.2209 -0.2535 0.9418
vn 0.3475 -0.0286 0.9373
vn 0.3943 -0.1865 0.8999
vn 0.4242 0.0536 0.9040
vn 0.5075 -0.1151 0.8540
vn 0.3887 -0.1900 0.9016
vn 0.2585 -0.1021 0.9606
vn -0.1348 0.8363 0.5314
vn -0.5403 0.6918 0.4791
vn -0.5363 0.7170 0.4453
vn -0.9095 0.2546 0.3285
vn -0.8129 0.3518 0.4642
vn -0.8888 0.0800 0.4512
vn -0.8489 0.1043 0.5181
vn -0.8754 0.1994 0.4404
vn -0.7416 0.0891 0.6649
vn -0.7028 0.1382 0.6979
vn -0.6554 0.1383 0.7425
vn -0.6335 0.1515 0.7588
vn -0.6024 0.1065 0.7910
vn -0.4529 0.0857 0.8874
vn -0.4597 0.1014 0.8823
vn -0.4180 0.1191 0.9006
vn -0.4113 0.0913 0.9069
vn 0.8785 0.0496 -0.4751
vn 0.8395 0.0064 -0.5433
vn 0.8460 0.0425 -0.5315
vn 0.7632 0.0697 -0.6424
vn 0.9374 -0.1377 -0.3198
vn 0.2100 0.0386 0.9769
vn 0.6922 -0.0674 -0.7186
vn 0.6026 -0.1094 -0.7905
vn 0.2883 0.1852 0.9395
vn 0.5363 -0.0767 -0.8406
vn 0.0586 0.2631 0.9630
vn 0.0172 0.2581 0.9660
vn 0.5238 -0.0610 -0.8497
vn -0.9434 0.1601 0.2903
vn -0.8536 0.0493 0.5186
vn -0.8155 0.0180 0.5785
vn -0.5626 -0.1846 -0.8058
vn -0.8867 -0.4549 -0.0830
vn -0.8707 -0.4840 0.0870
vn -0.4518 0.1055 0.8859
vn -0.3162 0.0913 0.9443
vn -0.2961 0.0377 0.9544
vn -0.7197 0.0492 0.6925
vn -0.6984 0.0568 0.7134
vn -0.6774 0.0369 0.7347
vn -0.5430 0.2026 -0.8150
vn -0.5480 0.2031 -0.8114
vn -0.5726 0.1367 -0.8084
vn -0.5314 0.2231 -0.8172
vn -0.5326 0.2117 -0.8195
vn 0.1597 0.0872 -0.9833
vn 0.1730 0.0854 -0.9812
vn -0.9082 -0.1810 0.3774
vn -0.9333 0.0137 0.3589
vn -0.9313 -0.0487 0.3610
vn -0.9643 0.1863 0.1881
vn -0.9594 0.2290 0.1646
vn -0.9351 0.2783 0.2193
vn -0.9549 0.2277 0.1907
vn -0.8919 0.2576 0.3717
vn -0.9111 0.1963 0.3625
vn -0.9041 0.2168 0.3681
vn -0.9606 0.2775 -0.0149
vn -0.9594 0.2804 -0.0317
vn -0.9871 0.1539 -0.0447
vn 0.3796 0.2583 -0.8884
vn -0.9050 0.4014 -0.1409
vn -0.7856 0.4619 -0.4116
vn 0.4640 0.2080 -0.8611
vn -0.9542 0.2911 0.0693
vn 0.7852 -0.2669 -0.5587
vn 0.7998 -0.2654 -0.5383
vn 0.0443 0.4176 -0.9075
vn -0.8533 0.3151 -0.4154
vn -0.0296 0.4348 -0.9000
vn -0.8391 0.1956 0.5077
vn -0.8251 0.1770 0.5365
vn -0.2508 0.0993 0.9629
vn -0.1779 0.0047 0.9840
vn 0.2846 0.1487 0.9470
vn 0.1985 0.1716 0.9650
vn 0.1746 0.2439 0.9540
vn 0.3073 -0.8239 0.4762
vn 0.5240 -0.5975 0.6069
vn 0.5853 -0.5211 0.6212
vn 0.4408 -0.3382 0.8314
vn 0.4905 -0.4679 0.7351
vn 0.7096 -0.4073 0.5749
vn 0.9330 -0.2478 -0.2608
vn 0.9042 -0.2908 -0.3127
vn 0.4572 0.0210 -0.8891
vn 0.0766 -0.2956 -0.9522
vn -0.1806 -0.2115 -0.9605
vn -0.1499 -0.3075 -0.9397
vn 0.5074 0.2755 -0.8165
vn -0.0384 0.4806 -0.8761
vn 0.4204 0.3410 -0.8408
vn 0.1666 0.2447 -0.9552
vn 0.0813 0.2426 -0.9667
vn 0.1148 0.2153 -0.9698
vn -0.8692 0.4039 -0.2853
vn -0.9578 0.2866 -0.0212
vn -0.9653 0.2395 -0.1043
vn -0.8078 0.0367 0.5884
vn -0.7494 -0.0321 0.6614
vn -0.4419 0.1035 0.8910
vn -0.4152 0.0936 0.9049
vn 0.9215 -0.3520 0.1639
vn 0.8763 0.0466 0.4795
vn 0.6991 -0.1378 0.7016
vn 0.9302 0.0343 0.3655
vn 0.9182 0.0856 0.3867
vn 0.9760 -0.0973 -0.1949
vn 0.7154 -0.5799 -0.3899
vn -0.8698 0.0837 -0.4863
vn -0.9417 0.0398 -0.3342
vn -0.8733 0.0676 -0.4825
vn -0.9294 0.0566 -0.3647
vn -0.8763 0.0466 0.4795
vn -0.9424 -0.3037 0.1402
vn -0.6991 -0.1378 0.7016
vn -0.9292 0.0405 0.3674
vn -0.9182 0.0856 0.3867
vn -0.9769 -0.2058 -0.0572
vn -0.7154 -0.5799 -0.3899
vn 0.9422 0.0275 -0.3340
vn 0.8685 0.0821 -0.4888
vn 0.9010 0.0616 -0.4294
vn 0.9294 0.0566 -0.3647
vn 0.9350 -0.0959 0.3414
vn 0.9177 0.0009 0.3973
vn 0.9434 -0.1767 0.2806
vn 0.9045 -0.2754 0.3256
vn 0.9049 -0.2729 0.3267
vn 0.8904 -0.2704 0.3661
vn 0.8896 -0.2683 0.3695
vn -0.8926 -0.2831 0.3508
vn -0.8939 -0.2773 0.3522
vn -0.9228 -0.1546 0.3530
vn -0.8571 -0.4291 0.2849
vn -0.8537 -0.4367 0.2837
vn -0.8272 -0.4301 0.3617
vn -0.8384 -0.4031 0.3667
vn -0.8664 -0.3296 0.3750
vn 0.8939 -0.2774 0.3522
vn 0.8926 -0.2832 0.3507
vn 0.9227 -0.1547 0.3530
vn 0.8578 -0.4292 0.2828
vn 0.8548 -0.4357 0.2818
vn 0.8275 -0.4292 0.3620
vn 0.8385 -0.4030 0.3667
vn 0.8664 -0.3297 0.3750
vn 0.4229 0.0025 -0.9062
vn 0.3198 0.0766 -0.9444
vn 0.4943 -0.0770 -0.8659
vn 0.2260 0.1452 -0.9632
vn -0.3146 0.0877 -0.9452
vn -0.4520 -0.0265 -0.8916
vn -0.4943 -0.0770 -0.8659
vn -0.2260 0.1452 -0.9632
vn 0.4379 -0.3332 0.8350
vn -0.1442 0.3174 0.9373
vn 0.3608 -0.2640 0.8945
vn -0.2432 0.5614 0.7910
vn -0.3702 0.6153 0.6959
vn -0.5927 0.0507 0.8038
vn -0.2346 -0.1922 0.9529
vn -0.9008 0.3695 0.2281
vn -0.8831 0.4076 -0.2325
vn -0.8754 0.3862 -0.2906
vn 0.1354 -0.1409 -0.9807
vn 0.1649 -0.0833 -0.9828
vn 0.1427 -0.1486 -0.9785
vn -0.0718 -0.3417 -0.9370
vn -0.0850 -0.3353 -0.9383
vn -0.0857 -0.3304 -0.9399
vn 0.9275 -0.3259 0.1834
vn 0.9558 -0.2839 0.0763
vn 0.8993 -0.3692 0.2343
vn 0.9683 -0.1091 0.2247
vn 0.9640 -0.1057 0.2438
vn 0.9261 0.3560 0.1251
vn 0.1781 0.5987 0.7809
vn 0.9353 0.3466 0.0720
vn 0.6391 0.7656 -0.0732
vn -0.0997 0.9768 0.1897
vn 0.8582 0.4552 -0.2372
vn 0.9071 0.2362 -0.3484
vn 0.9659 0.1746 -0.1914
vn 0.9789 0.1275 -0.1594
vn 0.5798 0.2576 0.7729
vn 0.5403 0.2624 0.7995
vn 0.8403 0.3623 0.4032
vn 0.8599 0.2344 0.4534
vn 0.8292 0.3540 0.4325
vn -0.5836 -0.4444 -0.6797
vn -0.4044 -0.7060 -0.5814
vn -0.5451 -0.5788 -0.6065
vn -0.4137 -0.4033 -0.8162
vn -0.4011 -0.3836 -0.8319
vn -0.6058 -0.2242 -0.7633
vn -0.3038 -0.5355 -0.7880
vn -0.7368 -0.6517 0.1803
vn -0.7407 -0.6702 0.0462
vn -0.7154 -0.6939 0.0818
vn -0.7282 -0.6516 0.2124
vn -0.8760 0.0318 0.4812
vn -0.8839 -0.3672 0.2898
vn -0.9003 -0.2687 0.3425
vn -0.6834 0.2237 0.6950
vn -0.6506 0.2451 0.7187
vn 0.8836 0.4249 -0.1966
vn 0.9125 0.3921 0.1164
vn 0.8946 0.4237 -0.1418
vn -0.0873 -0.1600 0.9833
vn -0.0367 -0.3289 0.9437
vn 0.0461 -0.3600 0.9318
vn 0.2738 0.2243 0.9353
vn 0.6137 0.5879 0.5270
vn -0.7344 0.5822 0.3489
vn -0.1431 0.9838 0.1082
vn -0.8540 0.1135 0.5078
vn -0.8338 -0.0186 0.5517
vn -0.8208 -0.2749 0.5008
vn -0.1254 -0.0700 -0.9896
vn -0.3237 -0.3407 -0.8827
vn -0.3079 -0.5322 -0.7886
vn -0.4100 -0.2657 -0.8725
vn -0.1093 0.0030 -0.9940
vn -0.4665 -0.2561 -0.8466
vn -0.4764 -0.2979 -0.8272
vn -0.4609 -0.2577 -0.8492
vn -0.7044 -0.1214 -0.6993
vn -0.4599 -0.2893 -0.8395
vn -0.8762 0.1372 -0.4620
vn -0.3578 -0.3828 -0.8517
vn 0.9352 -0.0984 -0.3403
vn 0.9998 0.0110 -0.0192
vn 0.9863 0.0736 -0.1478
vn 0.8865 0.3874 0.2529
vn 0.9809 0.0060 -0.1942
vn 0.8698 0.0983 0.4835
vn 0.8403 0.1278 0.5268
vn 0.7589 0.0118 0.6511
vn 0.4252 0.3335 0.8414
vn 0.7047 0.0550 0.7074
vn -0.2027 -0.0532 0.9778
vn -0.6473 0.5624 0.5144
vn -0.2284 -0.0313 0.9731
vn -0.7343 0.4762 0.4838
vn -0.5388 0.7786 0.3217
vn -0.7378 -0.0486 0.6733
vn 0.2842 0.1620 0.9450
vn 0.1869 0.2109 0.9595
vn -0.8064 -0.0180 0.5910
vn -0.8116 -0.2979 0.5025
vn 0.5785 -0.4197 -0.6995
vn 0.6048 -0.3191 -0.7296
vn 0.5905 -0.4433 -0.6745
vn 0.6476 -0.1494 -0.7472
vn 0.6500 -0.0299 -0.7594
vn 0.7132 0.0871 -0.6955
vn 0.6927 -0.2128 0.6891
vn 0.7089 -0.2413 0.6627
vn 0.6563 -0.2462 0.7132
vn 0.7516 -0.1042 0.6514
vn 0.7871 -0.2751 0.5521
vn 0.8131 -0.1690 0.5571
vn 0.8423 -0.1697 0.5116
vn -0.9916 0.1159 -0.0580
vn -0.8062 -0.1953 -0.5585
vn -0.8730 -0.1630 -0.4596
vn -0.6306 0.2968 -0.7171
vn -0.6063 0.4129 -0.6796
vn -0.6243 0.4025 -0.6696
vn 0.7304 0.2705 0.6272
vn 0.7308 0.2694 0.6272
vn 0.7294 0.2793 0.6244
vt 0.882812 0.307610
vt 0.882812 0.431925
vt 0.870605 0.307619
vt 0.871582 0.440190
vt 0.882812 0.594767
vt 0.871582 0.585805
vt 0.871582 0.713859
vt 0.882812 0.713860
vt 0.712778 0.561293
vt 0.772199 0.485929
vt 0.757432 0.484233
vt 0.749623 0.472936
vt 0.761977 0.476246
vt 0.717963 0.556312
vt 0.745927 0.470242
vt 0.730475 0.499945
vt 0.721276 0.560471
vt 0.776020 0.496796
vt 0.772230 0.485927
vt 0.713769 0.562786
vt 0.785123 0.512987
vt 0.777240 0.494870
vt 0.723212 0.615444
vt 0.733882 0.650620
vt 0.752137 0.670580
vt 0.638265 0.561844
vt 0.620313 0.490896
vt 0.610928 0.555768
vt 0.697708 0.566957
vt 0.709814 0.563470
vt 0.665913 0.566612
vt 0.702384 0.533558
vt 0.701758 0.469991
vt 0.613202 0.436204
vt 0.709935 0.442744
vt 0.712443 0.554997
vt 0.743307 0.469152
vt 0.726428 0.489494
vt 0.705856 0.570558
vt 0.630458 0.578819
vt 0.618810 0.603973
vt 0.664566 0.636762
vt 0.602104 0.662505
vt 0.605356 0.711381
vt 0.658191 0.714063
vt 0.706342 0.572501
vt 0.661955 0.653157
vt 0.688660 0.603618
vt 0.670381 0.660828
vt 0.666883 0.711962
vt 0.707445 0.567952
vt 0.677908 0.627771
vt 0.698247 0.634082
vt 0.667953 0.669559
vt 0.671433 0.710940
vt 0.707137 0.696646
vt 0.698289 0.634671
vt 0.707228 0.696906
vt 0.737867 0.678960
vt 0.719379 0.621954
vt 0.713174 0.603106
vt 0.712446 0.569227
vt 0.712144 0.570840
vt 0.723421 0.642327
vt 0.740512 0.678746
vt 0.731087 0.574732
vt 0.736566 0.597973
vt 0.776815 0.643017
vt 0.795730 0.606642
vt 0.710455 0.565130
vt 0.712337 0.567025
vt 0.721294 0.603325
vt 0.736273 0.597721
vt 0.755131 0.666958
vt 0.776447 0.642683
vt 0.713009 0.565404
vt 0.796419 0.606520
vt 0.759046 0.567553
vt 0.758836 0.539611
vt 0.788149 0.509895
vt 0.736864 0.569680
vt 0.711502 0.565369
vt 0.724372 0.495806
vt 0.741016 0.460026
vt 0.708231 0.447639
vt 0.704155 0.506307
vt 0.708426 0.561728
vt 0.614017 0.437646
vt 0.602701 0.451920
vt 0.619097 0.501954
vt 0.611105 0.532781
vt 0.712778 0.561293
vt 0.717963 0.556312
vt 0.776020 0.496796
vt 0.713769 0.562786
vt 0.777240 0.494870
vt 0.723212 0.615444
vt 0.606934 0.584961
vt 0.629024 0.582996
vt 0.598390 0.602230
vt 0.620736 0.606750
vt 0.705856 0.570568
vt 0.633789 0.569336
vt 0.605356 0.711381
vt 0.602494 0.662264
vt 0.665599 0.638528
vt 0.661955 0.653157
vt 0.707445 0.567952
vt 0.667952 0.669558
vt 0.707137 0.696646
vt 0.709935 0.442744
vt 0.701758 0.469991
vt 0.613202 0.436204
vt 0.620687 0.500446
vt 0.702384 0.533558
vt 0.643188 0.552210
vt 0.709814 0.563470
vt 0.614258 0.541992
vt 0.639024 0.562191
vt 0.707228 0.696906
vt 0.713174 0.603106
vt 0.736273 0.597721
vt 0.713009 0.565404
vt 0.758836 0.539611
vt 0.736864 0.569680
vt 0.711502 0.565369
vt 0.743307 0.469152
vt 0.712443 0.554997
vt 0.724372 0.495806
vt 0.708426 0.561728
vt 0.704155 0.506307
vt 0.602701 0.451920
vt 0.619097 0.501954
vt 0.509016 0.750352
vt 0.483565 0.738418
vt 0.450987 0.648163
vt 0.498763 0.811061
vt 0.533414 0.846391
vt 0.513081 0.850542
vt 0.477195 0.899626
vt 0.499165 0.811166
vt 0.490370 0.917034
vt 0.442632 0.952254
vt 0.462568 0.972493
vt 0.451682 0.808325
vt 0.492203 0.810448
vt 0.492047 0.809567
vt 0.451699 0.808706
vt 0.457372 0.729398
vt 0.478476 0.733828
vt 0.441039 0.666534
vt 0.529295 0.859380
vt 0.475487 0.949390
vt 0.512760 0.852076
vt 0.066685 0.315743
vt 0.036634 0.270614
vt 0.078192 0.308290
vt 0.014073 0.176491
vt 0.031491 0.095661
vt 0.050016 0.141902
vt 0.051428 0.094546
vt 0.071615 0.090857
vt 0.091608 0.035539
vt 0.049487 0.103470
vt 0.082592 0.170445
vt 0.089321 0.298411
vt 0.325688 0.977347
vt 0.338334 0.843312
vt 0.354039 0.870849
vt 0.355955 0.975873
vt 0.307329 0.881426
vt 0.338783 0.843231
vt 0.325972 0.970909
vt 0.304198 0.973672
vt 0.387342 0.967523
vt 0.386449 0.814601
vt 0.407710 0.873462
vt 0.415595 0.976084
vt 0.415434 0.972285
vt 0.385843 0.815916
vt 0.425718 0.873303
vt 0.437318 0.973967
vt 0.509646 0.086796
vt 0.510725 0.220671
vt 0.537198 0.161159
vt 0.555141 0.223146
vt 0.554881 0.159159
vt 0.509148 0.086773
vt 0.457124 0.083018
vt 0.432157 0.119134
vt 0.464601 0.196329
vt 0.425781 0.195058
vt 0.083175 0.737250
vt 0.057807 0.750370
vt 0.113996 0.646145
vt 0.069124 0.810084
vt 0.035235 0.845928
vt 0.091008 0.899642
vt 0.055548 0.849997
vt 0.068731 0.810189
vt 0.074699 0.913958
vt 0.101692 0.972743
vt 0.123838 0.960394
vt 0.109213 0.885752
vt 0.075545 0.809472
vt 0.115990 0.808286
vt 0.115888 0.807599
vt 0.075695 0.808590
vt 0.109134 0.734192
vt 0.082448 0.746418
vt 0.115322 0.680408
vt 0.090824 0.949653
vt 0.038973 0.858403
vt 0.055741 0.851100
vt 0.629889 0.263255
vt 0.601650 0.308393
vt 0.589814 0.301261
vt 0.590936 0.231500
vt 0.652065 0.168282
vt 0.637476 0.089535
vt 0.617013 0.092393
vt 0.616304 0.088155
vt 0.598717 0.046539
vt 0.595633 0.081028
vt 0.589050 0.037375
vt 0.583398 0.160806
vt 0.578207 0.295457
vt 0.244925 0.843312
vt 0.257564 0.977347
vt 0.229277 0.870849
vt 0.227418 0.975873
vt 0.244471 0.843231
vt 0.275923 0.881426
vt 0.257289 0.970909
vt 0.279053 0.973672
vt 0.206332 0.946873
vt 0.201456 0.907777
vt 0.208487 0.891528
vt 0.185229 0.814601
vt 0.184191 0.967523
vt 0.163854 0.873462
vt 0.155940 0.976084
vt 0.185808 0.815916
vt 0.156103 0.972285
vt 0.145816 0.873303
vt 0.134334 0.973967
vt 0.143784 0.237640
vt 0.144911 0.103825
vt 0.117040 0.178206
vt 0.099278 0.240113
vt 0.099418 0.176192
vt 0.145390 0.103807
vt 0.216706 0.128956
vt 0.191789 0.092849
vt 0.184324 0.206216
vt 0.223145 0.204946
vt 0.514648 0.622045
vt 0.523545 0.664098
vt 0.534015 0.615395
vt 0.524414 0.542934
vt 0.534180 0.593965
vt 0.514648 0.536074
vt 0.534180 0.547365
vt 0.524414 0.505643
vt 0.534180 0.507964
vt 0.524414 0.466407
vt 0.514648 0.452762
vt 0.524414 0.451300
vt 0.534180 0.462537
vt 0.524414 0.435999
vt 0.534180 0.436052
vt 0.514648 0.426685
vt 0.524414 0.423295
vt 0.524414 0.412244
vt 0.534180 0.413840
vt 0.514648 0.382698
vt 0.524414 0.380174
vt 0.534180 0.377744
vt 0.524414 0.369634
vt 0.514648 0.356500
vt 0.524414 0.355615
vt 0.530179 0.347401
vt 0.519522 0.342516
vt 0.484516 0.608216
vt 0.488094 0.664424
vt 0.494663 0.622787
vt 0.484619 0.549897
vt 0.494629 0.542230
vt 0.494629 0.457398
vt 0.484619 0.477407
vt 0.484619 0.440486
vt 0.494629 0.419895
vt 0.484626 0.412256
vt 0.484619 0.370376
vt 0.494629 0.378752
vt 0.494629 0.355818
vt 0.484619 0.342775
vt 0.484555 0.613898
vt 0.474609 0.618362
vt 0.477423 0.663603
vt 0.474609 0.595708
vt 0.484619 0.591514
vt 0.484619 0.500584
vt 0.474609 0.496017
vt 0.474609 0.432509
vt 0.484619 0.421068
vt 0.474609 0.379317
vt 0.477863 0.346353
vt 0.514648 0.617632
vt 0.504500 0.616279
vt 0.510510 0.664408
vt 0.514648 0.596056
vt 0.504395 0.592546
vt 0.504395 0.506684
vt 0.514648 0.499946
vt 0.504395 0.429636
vt 0.514648 0.436670
vt 0.514648 0.385806
vt 0.504395 0.380902
vt 0.504395 0.348264
vt 0.514648 0.356472
vt 0.494689 0.619687
vt 0.500058 0.664513
vt 0.504513 0.620409
vt 0.504395 0.595298
vt 0.494629 0.599583
vt 0.494629 0.546036
vt 0.504395 0.520748
vt 0.494629 0.507089
vt 0.494629 0.462067
vt 0.504395 0.451601
vt 0.494629 0.436068
vt 0.504395 0.424216
vt 0.494629 0.414084
vt 0.494629 0.373453
vt 0.504395 0.380847
vt 0.504395 0.355923
vt 0.494629 0.343946
vt 0.252196 0.595215
vt 0.262655 0.640137
vt 0.222656 0.640137
vt 0.222656 0.595215
vt 0.222656 0.532838
vt 0.242310 0.500944
vt 0.252012 0.596505
vt 0.222656 0.445727
vt 0.262695 0.397852
vt 0.242310 0.381256
vt 0.242310 0.379690
vt 0.222656 0.372462
vt 0.262695 0.346592
vt 0.242196 0.312149
vt 0.244007 0.309799
vt 0.348389 0.641924
vt 0.368652 0.517130
vt 0.368652 0.641612
vt 0.348389 0.396110
vt 0.368652 0.371106
vt 0.350117 0.316139
vt 0.348389 0.406727
vt 0.331299 0.456470
vt 0.346474 0.361039
vt 0.348389 0.505773
vt 0.348389 0.642481
vt 0.331299 0.642566
vt 0.854980 0.605882
vt 0.862305 0.599458
vt 0.856742 0.706067
vt 0.854980 0.464325
vt 0.862305 0.445166
vt 0.854980 0.387917
vt 0.856914 0.312601
vt 0.847656 0.391427
vt 0.855093 0.295549
vt 0.854980 0.389773
vt 0.854980 0.552270
vt 0.847656 0.558258
vt 0.854980 0.706104
vt 0.847656 0.706039
vt 0.913574 0.504201
vt 0.916983 0.437645
vt 0.918945 0.504410
vt 0.918945 0.647332
vt 0.913574 0.646902
vt 0.915649 0.745605
vt 0.918945 0.690546
vt 0.918945 0.531722
vt 0.921057 0.745348
vt 0.923828 0.564756
vt 0.923828 0.454085
vt 0.918945 0.384390
vt 0.919311 0.318905
vt 0.413330 0.573145
vt 0.424264 0.651361
vt 0.432129 0.594452
vt 0.432129 0.531716
vt 0.413330 0.482803
vt 0.432129 0.456687
vt 0.413330 0.450445
vt 0.432129 0.414355
vt 0.413330 0.409783
vt 0.415161 0.357996
vt 0.432129 0.607040
vt 0.450980 0.651819
vt 0.451172 0.605472
vt 0.451172 0.549854
vt 0.432129 0.536606
vt 0.451172 0.510685
vt 0.451172 0.470555
vt 0.432129 0.463884
vt 0.451172 0.435800
vt 0.432129 0.407851
vt 0.451172 0.405370
vt 0.427567 0.351756
vt 0.394531 0.615253
vt 0.404566 0.651855
vt 0.413330 0.621992
vt 0.413330 0.603414
vt 0.413330 0.551823
vt 0.394531 0.554554
vt 0.394531 0.496102
vt 0.413330 0.454009
vt 0.394531 0.454554
vt 0.394531 0.410985
vt 0.413330 0.403775
vt 0.394531 0.371189
vt 0.413330 0.370746
vt 0.523545 0.664098
vt 0.524414 0.542934
vt 0.514648 0.452763
vt 0.488094 0.664424
vt 0.484619 0.549897
vt 0.494629 0.457398
vt 0.477423 0.663603
vt 0.474609 0.496017
vt 0.514648 0.596056
vt 0.500058 0.664514
vt 0.494689 0.619687
vt 0.494629 0.343946
vt 0.166670 0.642578
vt 0.166933 0.596922
vt 0.209961 0.642578
vt 0.209961 0.548445
vt 0.188721 0.501232
vt 0.166626 0.419660
vt 0.209961 0.445454
vt 0.188721 0.378438
vt 0.188721 0.379748
vt 0.209961 0.371170
vt 0.166626 0.344929
vt 0.188721 0.312034
vt 0.186753 0.309824
vt 0.275635 0.516286
vt 0.300293 0.637549
vt 0.275635 0.637250
vt 0.300293 0.398454
vt 0.275635 0.374080
vt 0.296864 0.314830
vt 0.321045 0.457268
vt 0.300293 0.408819
vt 0.302618 0.364260
vt 0.300293 0.505229
vt 0.300293 0.638090
vt 0.321045 0.638172
vt 0.829102 0.599900
vt 0.833008 0.606263
vt 0.832068 0.706067
vt 0.833008 0.465879
vt 0.829102 0.446814
vt 0.833008 0.390004
vt 0.831977 0.315191
vt 0.832948 0.298214
vt 0.836914 0.393472
vt 0.833008 0.391838
vt 0.833008 0.553003
vt 0.836914 0.558957
vt 0.833008 0.706105
vt 0.836914 0.706039
vt 0.946965 0.427361
vt 0.950684 0.495383
vt 0.944824 0.495736
vt 0.944824 0.642240
vt 0.950684 0.641800
vt 0.948420 0.743164
vt 0.944824 0.523592
vt 0.944824 0.686609
vt 0.942290 0.742900
vt 0.938965 0.557315
vt 0.938965 0.444236
vt 0.944824 0.372802
vt 0.944385 0.305562
vt 0.424264 0.651362
vt 0.413330 0.573145
vt 0.432129 0.531716
vt 0.413330 0.450445
vt 0.432129 0.414355
vt 0.413330 0.409783
vt 0.425908 0.357433
vt 0.450980 0.651819
vt 0.451172 0.510685
vt 0.427567 0.351756
vt 0.394531 0.615253
vt 0.413330 0.551823
vt 0.394531 0.554554
vt 0.694031 0.098868
vt 0.680368 0.123173
vt 0.677976 0.062975
vt 0.720273 0.166554
vt 0.677369 0.166078
vt 0.714193 0.109683
vt 0.679404 0.064950
vt 0.724898 0.163952
vt 0.738858 0.092327
vt 0.766568 0.160565
vt 0.766970 0.063267
vt 0.066239 0.589036
vt 0.050238 0.560680
vt 0.069177 0.518345
vt 0.019769 0.639926
vt 0.070158 0.639154
vt 0.026637 0.573291
vt 0.067508 0.520688
vt 0.116314 0.552821
vt 0.132696 0.636436
vt 0.084040 0.632637
vt 0.083697 0.518673
vt 0.871582 0.431976
vt 0.875663 0.307613
vt 0.882812 0.437085
vt 0.871582 0.594767
vt 0.882812 0.585805
vt 0.882812 0.713859
vt 0.871582 0.713860
vt 0.934082 0.419336
vt 0.927246 0.419228
vt 0.930590 0.359737
vt 0.927246 0.503917
vt 0.934082 0.503403
vt 0.927246 0.650376
vt 0.934082 0.651607
vt 0.930666 0.741699
vt 0.965332 0.418165
vt 0.958008 0.418272
vt 0.961750 0.358876
vt 0.965332 0.502770
vt 0.958008 0.502121
vt 0.965332 0.648620
vt 0.958008 0.649845
vt 0.961668 0.740234
vt 0.153363 0.104780
vt 0.160237 0.115687
vt 0.175857 0.076238
vt 0.164111 0.168681
vt 0.486886 0.102412
vt 0.493514 0.091386
vt 0.470394 0.063317
vt 0.484191 0.155481
vt 0.650865 0.787763
vt 0.678919 0.884676
vt 0.664783 0.848211
vt 0.672841 0.911659
vt 0.668523 0.975805
vt 0.656826 0.857066
vt 0.651795 0.798099
vt 0.648260 0.871154
vt 0.667242 0.973395
vt 0.652155 0.966017
vt 0.314482 0.177588
vt 0.314201 0.100501
vt 0.328979 0.166685
vt 0.323905 0.245345
vt 0.314853 0.179994
vt 0.329539 0.169483
vt 0.313917 0.176292
vt 0.305826 0.190189
vt 0.312627 0.121904
vt 0.324246 0.238729
vt 0.317593 0.245103
vt 0.943558 0.788432
vt 0.902665 0.924490
vt 0.922543 0.823721
vt 0.917015 0.936167
vt 0.909375 0.974842
vt 0.946504 0.908909
vt 0.937725 0.849955
vt 0.951720 0.828544
vt 0.944445 0.781261
vt 0.939647 0.787704
vt 0.892002 0.844608
vt 0.837244 0.795750
vt 0.850832 0.891259
vt 0.840586 0.839043
vt 0.395799 0.176264
vt 0.394675 0.164243
vt 0.387920 0.171469
vt 0.386791 0.206284
vt 0.412913 0.214145
vt 0.416730 0.148708
vt 0.393172 0.247468
vt 0.876463 0.823732
vt 0.933323 0.782832
vt 0.920812 0.801088
vt 0.892521 0.833524
vt 0.829756 0.900094
vt 0.833471 0.797630
vt 0.847402 0.877069
vt 0.837628 0.968449
vt 0.827339 0.976270
vt 0.868351 0.879646
vt 0.876453 0.823550
vt 0.891838 0.834443
vt 0.779796 0.806062
vt 0.763602 0.778575
vt 0.796132 0.741239
vt 0.747667 0.847596
vt 0.769490 0.934280
vt 0.751317 0.935936
vt 0.771555 0.969907
vt 0.730140 0.861918
vt 0.747043 0.854165
vt 0.769516 0.755531
vt 0.358722 0.120793
vt 0.378691 0.111781
vt 0.368884 0.110632
vt 0.344192 0.157861
vt 0.352694 0.123233
vt 0.341861 0.194679
vt 0.355771 0.244858
vt 0.369450 0.245911
vt 0.348495 0.205750
vt 0.378001 0.217212
vt 0.775398 0.966815
vt 0.782876 0.873046
vt 0.792559 0.973243
vt 0.810599 0.940598
vt 0.802301 0.815095
vt 0.792108 0.769533
vt 0.805270 0.746094
vt 0.783346 0.868229
vt 0.773432 0.843040
vt 0.592617 0.801446
vt 0.598800 0.932217
vt 0.587903 0.861548
vt 0.590934 0.928124
vt 0.592799 0.973315
vt 0.610819 0.866934
vt 0.593401 0.974529
vt 0.599979 0.921524
vt 0.600370 0.869077
vt 0.592331 0.799568
vt 0.270669 0.244048
vt 0.257091 0.187575
vt 0.287236 0.208864
vt 0.288039 0.122594
vt 0.258264 0.110338
vt 0.263708 0.035799
vt 0.258608 0.089874
vt 0.245071 0.111487
vt 0.262232 0.040754
vt 0.256645 0.177396
vt 0.240053 0.162653
vt 0.257412 0.244702
vt 0.267042 0.246563
vt 0.577798 0.864309
vt 0.592193 0.799151
vt 0.588556 0.840294
vt 0.590093 0.910113
vt 0.585242 0.973366
vt 0.721808 0.977518
vt 0.698113 0.879818
vt 0.702639 0.831563
s 1
usemtl Hair
f 5353/4955/5200 5354/4956/5201 5352/4957/5202
f 5354/4956/5201 5355/4958/5203 5352/4957/5202
f 5354/4956/5201 5356/4959/5204 5355/4958/5203
f 5357/4960/5205 5355/4958/5203 5356/4959/5204
f 5358/4961/5206 5357/4960/5205 5356/4959/5204
f 5356/4959/5204 5359/4962/5207 5358/4961/5206
f 5366/4963/5208 5368/4964/5209 5367/4965/5210
f 5366/4963/5208 5367/4965/5210 5369/4966/5211
f 5367/4965/5210 5371/4967/5212 5369/4966/5211
f 5366/4968/5213 5373/4969/5214 5372/4970/5215
f 5375/4971/5216 5377/4972/5217 5376/4973/5218
f 5378/4974/5219 5379/4975/5220 5380/4976/5221
f 5383/4977/5222 5384/4978/5223 5385/4979/5224
f 5389/4980/5225 5390/4981/5226 5388/4982/5227
f 5392/4983/5228 5391/4984/5229 5393/4985/5230
f 5389/4980/5225 5393/4985/5230 5390/4981/5226
f 5391/4984/5229 5395/4986/5231 5393/4985/5230
f 5393/4985/5230 5395/4986/5231 5390/4981/5226
f 5395/4986/5231 5396/4987/5232 5390/4981/5226
f 5390/4981/5226 5396/4987/5232 5394/4988/5233
f 5396/4987/5232 5397/4989/5234 5394/4988/5233
f 5400/4990/5235 5402/4991/5236 5401/4992/5237
f 5407/4993/5238 5406/4994/5239 5405/4995/5240
f 5407/4993/5238 5405/4995/5240 5408/4996/5241
f 5405/4995/5240 5409/4997/5242 5408/4996/5241
f 5409/4997/5242 5410/4998/5243 5411/4999/5244
f 5408/4996/5241 5409/4997/5242 5411/4999/5244
f 5407/5000/5245 5413/5001/5246 5412/5002/5247
f 5412/5002/5247 5413/5001/5246 5414/5003/5248
f 5413/5001/5246 5415/5004/5249 5414/5003/5248
f 5418/5005/5250 5416/5006/5251 5420/5007/5252
f 5414/5008/5253 5417/5009/5254 5419/5010/5255
f 5420/5007/5252 5414/5008/5253 5419/5010/5255
f 5416/5006/5251 5414/5008/5253 5420/5007/5252
f 5425/5011/5256 5424/5012/5257 5423/5013/5258
f 5426/5014/5259 5425/5011/5256 5423/5013/5258
f 5427/5015/5260 5425/5011/5256 5426/5014/5259
f 5428/5016/5261 5425/5011/5256 5427/5015/5260
f 5429/5017/5262 5428/5016/5261 5427/5015/5260
f 5427/5015/5263 5423/5018/5264 5430/5019/5265
f 5441/5020/5266 5433/5021/5267 5431/5022/5268
f 5441/5020/5266 5431/5022/5268 5432/5023/5269
f 5434/5024/5270 5433/5021/5267 5441/5020/5266
f 5435/5025/5271 5437/5026/5272 5436/5027/5273
f 5436/5027/5273 5437/5026/5272 5438/5028/5274
f 5436/5027/5273 5438/5028/5274 5439/5029/5275
f 5441/5030/5276 5440/5031/5277 5442/5032/5278
f 5444/5033/5279 5440/5031/5277 5443/5034/5280
f 5442/5032/5278 5440/5031/5277 5444/5033/5279
f 5445/5035/5281 5442/5032/5278 5444/5033/5279
f 5441/5036/5282 5445/5035/5281 5444/5033/5279
f 5448/5037/5283 5447/5038/5284 5446/5039/5285
f 5395/5040/5286 5448/5037/5283 5446/5039/5285
f 5398/5041/5287 5448/5037/5283 5395/5040/5286
f 5453/5042/5288 5454/5043/5289 5455/5044/5290
f 5454/5043/5289 5456/5045/5291 5455/5044/5290
f 5459/4964/5292 5457/5046/5293 5458/4965/5294
f 5458/4965/5294 5457/5046/5293 5460/4966/5295
f 5462/4967/5296 5458/4965/5294 5460/4966/5295
f 5464/4969/5297 5457/5047/5298 5463/4970/5299
f 5468/5048/5300 5466/4971/5301 5467/4973/5302
f 5470/4975/5303 5469/5049/5304 5471/5050/5305
f 5475/4978/5306 5474/5051/5307 5476/4979/5308
f 5483/5052/5309 5482/5053/5310 5481/5054/5311
f 5482/5053/5310 5484/5055/5312 5481/5054/5311
f 5482/5053/5310 5485/5056/5313 5484/5055/5312
f 5486/5057/5314 5485/5056/5313 5482/5053/5310
f 5488/5058/5315 5487/5059/5316 5489/4999/5317
f 5487/5059/5316 5490/5060/5318 5489/4999/5317
f 5487/5059/5316 5484/5055/5312 5490/5060/5318
f 5484/5055/5312 5485/5056/5313 5490/5060/5318
f 5492/5061/5319 5485/5000/5320 5491/5002/5321
f 5492/5061/5319 5491/5002/5321 5493/5003/5322
f 5494/5004/5323 5492/5061/5319 5493/5003/5322
f 5495/5006/5324 5497/5062/5325 5499/5007/5326
f 5496/5009/5327 5493/5063/5328 5498/5064/5329
f 5493/5063/5328 5499/5007/5326 5498/5064/5329
f 5493/5063/5328 5495/5006/5324 5499/5007/5326
f 5502/5065/5330 5503/5066/5331 5504/5067/5332
f 5503/5066/5331 5506/5068/5333 5504/5067/5332
f 5503/5066/5331 5505/5069/5334 5506/5068/5333
f 5505/5069/5334 5507/5070/5335 5506/5068/5333
f 5505/5069/5334 5508/5071/5336 5507/5070/5335
f 5506/5068/5333 5507/5070/5335 5509/5072/5337
f 5507/5070/5335 5508/5071/5336 5510/5073/5338
f 5508/5071/5336 5511/4983/5339 5510/5073/5338
f 5515/5074/5340 5516/5011/5341 5514/5013/5342
f 5516/5011/5341 5517/5014/5343 5514/5013/5342
f 5516/5011/5341 5518/5075/5344 5517/5014/5343
f 5516/5011/5341 5519/5016/5345 5518/5075/5344
f 5519/5016/5345 5520/5017/5346 5518/5075/5344
f 5514/5018/5347 5518/5075/5348 5521/5019/5349
f 5524/5021/5350 5532/5020/5351 5522/5022/5352
f 5522/5022/5352 5532/5020/5351 5523/5023/5353
f 5524/5021/5350 5525/5024/5354 5532/5020/5351
f 5528/5026/5355 5526/5025/5356 5527/5076/5357
f 5528/5026/5355 5527/5076/5357 5529/5028/5358
f 5529/5028/5358 5527/5076/5357 5530/5029/5359
f 5531/5031/5360 5532/5077/5361 5533/5032/5362
f 5531/5031/5360 5535/5078/5363 5534/5034/5364
f 5531/5031/5360 5533/5032/5362 5535/5078/5363
f 5533/5032/5362 5536/5079/5365 5535/5078/5363
f 5536/5079/5365 5532/5080/5366 5535/5078/5363
f 5537/5081/5367 5539/5082/5368 5538/4992/5369
f 5542/5083/5370 5541/5084/5371 5505/5085/5372
f 5542/5083/5370 5505/5085/5372 5543/5039/5373
f 5544/5038/5374 5542/5083/5370 5543/5039/5373
f 5548/5086/5375 5547/5042/5376 5549/5087/5377
f 5550/5045/5378 5548/5086/5375 5549/5087/5377
f 5555/5088/5379 5551/5089/5380 5554/5090/5381
f 5555/5088/5379 5552/5091/5382 5551/5089/5380
f 5555/5088/5379 5556/5092/5383 5552/5091/5382
f 5557/5093/5384 5558/5094/5385 5552/5095/5386
f 5557/5093/5384 5559/5096/5387 5558/5094/5385
f 5559/5096/5387 5561/5097/5388 5558/5094/5385
f 5561/5097/5388 5559/5096/5387 5560/5098/5389
f 5558/5094/5385 5561/5097/5388 5562/5099/5390
f 5563/5100/5391 5558/5094/5385 5562/5099/5390
f 5564/5101/5392 5562/5102/5393 5565/5103/5394
f 5566/5104/5395 5564/5101/5392 5565/5103/5394
f 5565/5103/5394 5567/5105/5396 5566/5104/5395
f 5569/5106/5397 5570/5107/5398 5568/5108/5399
f 5573/5109/5400 5574/5110/5401 5572/5111/5402
f 5575/5112/5403 5577/5113/5404 5576/5114/5405
f 5577/5113/5404 5578/5115/5406 5576/5114/5405
f 5579/5116/5407 5577/5113/5404 5580/5117/5408
f 5579/5116/5407 5578/5115/5406 5577/5113/5404
f 5581/5118/5409 5578/5115/5406 5579/5116/5407
f 5582/5119/5410 5581/5118/5409 5579/5116/5407
f 5576/5114/5405 5581/5118/5409 5582/5119/5410
f 5575/5112/5403 5576/5114/5405 5582/5119/5410
f 5574/5110/5401 5575/5112/5403 5582/5119/5410
f 5583/5120/5411 5574/5110/5401 5582/5119/5410
f 5572/5111/5402 5574/5110/5401 5583/5120/5411
f 5586/5121/5412 5584/5122/5413 5585/5123/5414
f 5585/5123/5414 5587/5124/5415 5586/5121/5412
f 5589/5125/5416 5588/5126/5417 5590/5127/5418
f 5589/5125/5416 5590/5127/5418 5591/5128/5419
f 5600/5129/5420 5598/5130/5421 5599/5131/5422
f 5600/5129/5420 5599/5131/5422 5601/5132/5423
f 5604/5133/5424 5602/5134/5425 5603/5135/5426
f 5604/5133/5424 5603/5135/5426 5605/5136/5427
f 5606/5137/5428 5608/5138/5429 5607/5139/5430
f 5608/5138/5429 5609/5140/5431 5607/5139/5430
f 5607/5139/5430 5609/5140/5431 5610/5141/5432
f 5610/5141/5432 5611/5142/5433 5607/5139/5430
f 5612/5143/5434 5613/5144/5435 5614/5145/5436
f 5613/5144/5435 5615/5146/5437 5614/5145/5436
f 5616/5147/5438 5620/5148/5439 5619/5149/5440
f 5617/5150/5441 5620/5148/5439 5616/5147/5438
f 5621/5151/5442 5620/5148/5439 5617/5150/5441
f 5623/5152/5443 5622/5153/5444 5617/5154/5445
f 5624/5155/5446 5622/5153/5444 5623/5152/5443
f 5625/5156/5447 5624/5155/5446 5623/5152/5443
f 5626/5157/5448 5625/5156/5447 5623/5152/5443
f 5626/5157/5448 5623/5152/5443 5627/5158/5449
f 5623/5152/5443 5628/5159/5450 5627/5158/5449
f 5627/5158/5449 5628/5159/5450 5629/5160/5451
f 5629/5161/5452 5631/5162/5453 5630/5163/5454
f 5631/5162/5453 5632/5164/5455 5630/5163/5454
f 5633/5165/5456 5630/5163/5454 5632/5164/5455
f 5636/5166/5457 5635/5167/5458 5634/5168/5459
f 5640/5169/5460 5639/5170/5461 5638/5171/5462
f 5641/5172/5463 5640/5169/5460 5638/5171/5462
f 5640/5169/5460 5641/5172/5463 5642/5173/5464
f 5644/5174/5465 5642/5173/5464 5643/5175/5466
f 5645/5176/5467 5644/5174/5465 5643/5175/5466
f 5645/5176/5467 5646/5177/5468 5644/5174/5465
f 5643/5175/5466 5647/5178/5469 5646/5179/5470
f 5643/5175/5466 5648/5180/5471 5647/5178/5469
f 5643/5175/5466 5642/5173/5464 5648/5180/5471
f 5642/5173/5464 5641/5172/5463 5648/5180/5471
f 5641/5172/5463 5638/5171/5462 5649/5181/5472
f 5650/5182/5473 5652/5183/5474 5651/5184/5475
f 5653/5185/5476 5651/5184/5475 5652/5183/5474
f 5654/5186/5477 5655/5187/5478 5656/5188/5479
f 5656/5188/5479 5655/5187/5478 5657/5189/5480
f 5661/5190/5481 5662/5191/5482 5663/5192/5483
f 5664/5193/5484 5666/5194/5485 5665/5195/5486
f 5665/5195/5486 5666/5194/5485 5667/5196/5487
f 5668/5197/5488 5670/5198/5489 5669/5199/5490
f 5669/5199/5490 5670/5198/5489 5671/5200/5491
f 5674/5201/5492 5672/5202/5493 5673/5203/5494
f 5675/5204/5495 5674/5201/5492 5673/5203/5494
f 5675/5204/5495 5673/5203/5494 5676/5205/5496
f 5677/5206/5497 5676/5205/5496 5673/5203/5494
f 5679/5207/5498 5678/5208/5499 5680/5209/5500
f 5681/5210/5501 5679/5207/5498 5680/5209/5500
f 5684/5211/5502 5682/5212/5503 5683/5213/5504
f 5686/5214/5505 5683/5213/5504 5685/5215/5506
f 5686/5214/5505 5684/5211/5502 5683/5213/5504
f 5687/5216/5507 5684/5211/5502 5686/5214/5505
f 5688/5217/5508 5686/5214/5505 5685/5215/5506
f 5689/5218/5509 5686/5214/5505 5688/5217/5508
f 5690/5219/5510 5689/5218/5509 5688/5217/5508
f 5691/5220/5511 5687/5216/5507 5686/5214/5505
f 5692/5221/5512 5687/5216/5507 5691/5220/5511
f 5693/5222/5513 5689/5218/5509 5690/5219/5510
f 5694/5223/5514 5693/5222/5513 5690/5219/5510
f 5695/5224/5515 5692/5221/5512 5691/5220/5511
f 5696/5225/5516 5693/5222/5513 5694/5223/5514
f 5697/5226/5517 5692/5221/5512 5695/5224/5515
f 5698/5227/5518 5693/5222/5513 5696/5225/5516
f 5699/5228/5519 5697/5226/5517 5695/5224/5515
f 5700/5229/5520 5698/5227/5518 5696/5225/5516
f 5701/5230/5521 5697/5226/5517 5699/5228/5519
f 5702/5231/5522 5698/5227/5518 5700/5229/5520
f 5703/5232/5523 5702/5231/5522 5700/5229/5520
f 5704/5233/5524 5701/5230/5521 5699/5228/5519
f 5705/5234/5525 5701/5230/5521 5704/5233/5524
f 5706/5235/5526 5702/5231/5522 5703/5232/5523
f 5707/5236/5527 5706/5235/5526 5703/5232/5523
f 5708/5237/5528 5705/5234/5525 5704/5233/5524
f 5711/5238/5529 5709/5239/5530 5710/5240/5531
f 5712/5241/5532 5711/5238/5529 5710/5240/5531
f 5713/5242/5533 5712/5241/5532 5710/5240/5531
f 5714/5243/5534 5712/5241/5532 5713/5242/5533
f 5715/5244/5535 5712/5241/5532 5714/5243/5534
f 5716/5245/5536 5715/5244/5535 5714/5243/5534
f 5717/5246/5537 5716/5245/5536 5714/5243/5534
f 5718/5247/5538 5716/5245/5536 5717/5246/5537
f 5719/5248/5539 5718/5247/5538 5717/5246/5537
f 5717/5246/5537 5720/5249/5540 5719/5248/5539
f 5721/5250/5541 5719/5248/5539 5720/5249/5540
f 5722/5251/5542 5719/5248/5539 5721/5250/5541
f 5725/5252/5543 5724/5253/5544 5723/5254/5545
f 5725/5252/5543 5726/5255/5546 5724/5253/5544
f 5727/5256/5547 5726/5255/5546 5725/5252/5543
f 5728/5257/5548 5726/5255/5546 5727/5256/5547
f 5729/5258/5549 5726/5255/5546 5728/5257/5548
f 5730/5259/5550 5729/5258/5549 5728/5257/5548
f 5731/5260/5551 5730/5259/5550 5728/5257/5548
f 5732/5261/5552 5730/5259/5550 5731/5260/5551
f 5733/5262/5553 5732/5261/5552 5731/5260/5551
f 5736/5263/5554 5735/5264/5555 5734/5265/5556
f 5736/5263/5554 5737/5266/5557 5735/5264/5555
f 5738/5267/5558 5735/5264/5555 5737/5266/5557
f 5739/5268/5559 5738/5267/5558 5737/5266/5557
f 5740/5269/5560 5739/5268/5559 5737/5266/5557
f 5741/5270/5561 5739/5268/5559 5740/5269/5560
f 5742/5271/5562 5741/5270/5561 5740/5269/5560
f 5743/5272/5563 5741/5270/5561 5742/5271/5562
f 5744/5273/5564 5741/5270/5561 5743/5272/5563
f 5745/5274/5565 5744/5273/5564 5743/5272/5563
f 5746/5275/5566 5745/5274/5565 5743/5272/5563
f 5749/5276/5567 5747/5277/5568 5748/5278/5569
f 5748/5278/5569 5750/5279/5570 5749/5276/5567
f 5750/5279/5570 5751/5280/5571 5749/5276/5567
f 5752/5281/5572 5751/5280/5571 5750/5279/5570
f 5753/5282/5573 5752/5281/5572 5750/5279/5570
f 5754/5283/5574 5752/5281/5572 5753/5282/5573
f 5755/5284/5575 5754/5283/5574 5753/5282/5573
f 5756/5285/5576 5755/5284/5575 5753/5282/5573
f 5757/5286/5577 5755/5284/5575 5756/5285/5576
f 5758/5287/5578 5757/5286/5577 5756/5285/5576
f 5759/5288/5579 5757/5286/5577 5758/5287/5578
f 5760/5289/5580 5759/5288/5579 5758/5287/5578
f 5761/5290/5581 5760/5289/5580 5758/5287/5578
f 5762/5291/5582 5760/5289/5580 5761/5290/5581
f 5763/5292/5583 5760/5289/5580 5762/5291/5582
f 5765/5293/5584 5764/5294/5585 5766/5295/5586
f 5767/5296/5587 5765/5293/5584 5766/5295/5586
f 5769/5297/5588 5768/5298/5589 5765/5299/5590
f 5770/5296/5591 5769/5297/5588 5765/5299/5590
f 5769/5297/5588 5771/5300/5592 5768/5298/5589
f 5768/5298/5589 5772/5301/5593 5765/5299/5590
f 5768/5298/5589 5773/5302/5594 5772/5301/5593
f 5771/5300/5592 5774/5303/5595 5768/5298/5589
f 5771/5300/5592 5775/5304/5596 5774/5303/5595
f 5773/5302/5594 5776/5305/5597 5772/5301/5593
f 5773/5302/5594 5777/5306/5598 5776/5305/5597
f 5775/5304/5596 5778/5307/5599 5774/5303/5595
f 5779/5308/5600 5781/5309/5601 5780/5310/5602
f 5781/5309/5601 5779/5308/5600 5782/5311/5603
f 5782/5311/5603 5783/5312/5604 5781/5309/5601
f 5783/5312/5604 5782/5311/5603 5784/5313/5605
f 5787/5314/5606 5788/5315/5607 5786/5316/5608
f 5787/5314/5606 5789/5317/5609 5788/5315/5607
f 5788/5315/5607 5789/5317/5609 5790/5318/5610
f 5791/5319/5611 5788/5315/5607 5790/5318/5610
f 5793/5320/5612 5794/5321/5613 5792/5322/5614
f 5793/5320/5612 5795/5323/5615 5794/5321/5613
f 5795/5323/5615 5796/5324/5616 5794/5321/5613
f 5795/5323/5615 5797/5325/5617 5796/5324/5616
f 5797/5325/5617 5798/5326/5618 5796/5324/5616
f 5801/5327/5619 5799/5328/5620 5800/5329/5621
f 5801/5327/5619 5800/5329/5621 5802/5330/5622
f 5803/5331/5623 5801/5327/5619 5802/5330/5622
f 5803/5331/5623 5802/5330/5622 5804/5332/5624
f 5805/5333/5625 5803/5331/5623 5804/5332/5624
f 5810/5334/5626 5808/5335/5627 5809/5336/5628
f 5810/5334/5626 5809/5336/5628 5811/5337/5629
f 5812/5338/5630 5810/5334/5626 5811/5337/5629
f 5812/5338/5630 5811/5337/5629 5813/5339/5631
f 5815/5340/5632 5816/5341/5633 5814/5342/5634
f 5816/5341/5633 5817/5343/5635 5814/5342/5634
f 5816/5341/5633 5818/5344/5636 5817/5343/5635
f 5816/5341/5633 5819/5345/5637 5818/5344/5636
f 5819/5345/5637 5820/5346/5638 5818/5344/5636
f 5824/5347/5639 5822/5348/5640 5823/5349/5641
f 5824/5347/5639 5823/5349/5641 5825/5350/5642
f 5826/5351/5643 5824/5347/5639 5825/5350/5642
f 5826/5351/5643 5825/5350/5642 5827/5352/5644
f 5828/5353/5645 5826/5351/5643 5827/5352/5644
f 5828/5353/5645 5827/5352/5644 5829/5354/5646
f 5830/5355/5647 5828/5353/5645 5829/5354/5646
f 5830/5355/5647 5829/5354/5646 5831/5356/5648
f 5833/5357/5649 5832/5358/5650 5834/5359/5651
f 5833/5357/5649 5834/5359/5651 5835/5360/5652
f 5836/5361/5653 5833/5357/5649 5835/5360/5652
f 5836/5361/5653 5835/5360/5652 5837/5362/5654
f 5836/5361/5653 5837/5362/5654 5838/5363/5655
f 5839/5364/5656 5836/5361/5653 5838/5363/5655
f 5839/5364/5656 5838/5363/5655 5840/5365/5657
f 5841/5366/5658 5839/5364/5656 5840/5365/5657
f 5841/5366/5658 5840/5365/5657 5842/5367/5659
f 5841/5366/5658 5842/5367/5659 5843/5368/5660
f 5846/5369/5661 5845/5370/5662 5844/5371/5663
f 5846/5369/5661 5844/5371/5663 5847/5372/5664
f 5846/5369/5661 5847/5372/5664 5848/5373/5665
f 5849/5374/5666 5846/5369/5661 5848/5373/5665
f 5850/5375/5667 5849/5374/5666 5848/5373/5665
f 5850/5375/5667 5848/5373/5665 5851/5376/5668
f 5852/5377/5669 5850/5375/5667 5851/5376/5668
f 5853/5378/5670 5852/5377/5669 5851/5376/5668
f 5853/5378/5670 5851/5376/5668 5854/5379/5671
f 5855/5380/5672 5853/5378/5670 5854/5379/5671
f 5855/5380/5672 5854/5379/5671 5856/5381/5673
f 5857/5382/5674 5859/5211/5675 5858/5213/5676
f 5858/5213/5676 5861/5383/5677 5860/5215/5678
f 5859/5211/5675 5861/5383/5677 5858/5213/5676
f 5859/5211/5675 5862/5216/5679 5861/5383/5677
f 5861/5383/5677 5863/5217/5680 5860/5215/5678
f 5861/5383/5677 5864/5218/5681 5863/5217/5680
f 5864/5218/5681 5865/5219/5682 5863/5217/5680
f 5862/5216/5679 5866/5220/5683 5861/5383/5677
f 5862/5216/5679 5867/5384/5684 5866/5220/5683
f 5864/5218/5681 5868/5222/5685 5865/5219/5682
f 5868/5222/5685 5869/5223/5686 5865/5219/5682
f 5867/5384/5684 5870/5224/5687 5866/5220/5683
f 5868/5222/5685 5871/5225/5688 5869/5223/5686
f 5867/5384/5684 5872/5226/5689 5870/5224/5687
f 5868/5222/5685 5873/5227/5690 5871/5225/5688
f 5872/5226/5689 5874/5228/5691 5870/5224/5687
f 5873/5227/5690 5875/5229/5692 5871/5225/5688
f 5872/5226/5689 5876/5230/5693 5874/5228/5691
f 5873/5227/5690 5877/5231/5694 5875/5229/5692
f 5877/5231/5694 5878/5232/5695 5875/5229/5692
f 5876/5230/5693 5879/5233/5696 5874/5228/5691
f 5876/5230/5693 5880/5234/5697 5879/5233/5696
f 5877/5231/5694 5881/5235/5698 5878/5232/5695
f 5881/5235/5698 5882/5236/5699 5878/5232/5695
f 5880/5234/5697 5883/5237/5700 5879/5233/5696
f 5884/5385/5701 5886/5238/5702 5885/5240/5703
f 5886/5238/5702 5887/5386/5704 5885/5240/5703
f 5887/5386/5704 5888/5242/5705 5885/5240/5703
f 5887/5386/5704 5889/5387/5706 5888/5242/5705
f 5887/5386/5704 5890/5244/5707 5889/5387/5706
f 5890/5244/5707 5891/5245/5708 5889/5387/5706
f 5891/5245/5708 5892/5246/5709 5889/5387/5706
f 5891/5245/5708 5893/5247/5710 5892/5246/5709
f 5892/5246/5709 5893/5247/5710 5894/5248/5711
f 5894/5248/5711 5895/5249/5712 5892/5246/5709
f 5894/5248/5711 5896/5250/5713 5895/5249/5712
f 5894/5248/5711 5897/5251/5714 5896/5250/5713
f 5899/5253/5715 5900/5252/5716 5898/5388/5717
f 5901/5255/5718 5900/5252/5716 5899/5253/5715
f 5901/5255/5718 5902/5256/5719 5900/5252/5716
f 5901/5255/5718 5903/5257/5720 5902/5256/5719
f 5901/5255/5718 5904/5389/5721 5903/5257/5720
f 5904/5389/5721 5905/5259/5722 5903/5257/5720
f 5905/5259/5722 5906/5260/5723 5903/5257/5720
f 5905/5259/5722 5907/5261/5724 5906/5260/5723
f 5907/5261/5724 5908/5262/5725 5906/5260/5723
f 5910/5264/5726 5911/5263/5727 5909/5265/5728
f 5912/5390/5729 5911/5263/5727 5910/5264/5726
f 5910/5264/5726 5913/5267/5730 5912/5390/5729
f 5913/5267/5730 5914/5268/5731 5912/5390/5729
f 5914/5268/5731 5915/5269/5732 5912/5390/5729
f 5914/5268/5731 5916/5270/5733 5915/5269/5732
f 5916/5270/5733 5917/5271/5734 5915/5269/5732
f 5916/5270/5733 5918/5272/5735 5917/5271/5734
f 5916/5270/5733 5919/5273/5736 5918/5272/5735
f 5919/5273/5736 5920/5274/5737 5918/5272/5735
f 5920/5274/5737 5921/5275/5738 5918/5272/5735
f 5922/5391/5739 5924/5392/5740 5923/5278/5741
f 5925/5279/5742 5923/5278/5741 5924/5392/5740
f 5926/5280/5743 5925/5279/5742 5924/5392/5740
f 5926/5280/5743 5927/5281/5744 5925/5279/5742
f 5927/5281/5744 5928/5282/5745 5925/5279/5742
f 5927/5281/5744 5929/5283/5746 5928/5282/5745
f 5929/5283/5746 5930/5284/5747 5928/5282/5745
f 5930/5284/5747 5931/5285/5748 5928/5282/5745
f 5930/5284/5747 5932/5286/5749 5931/5285/5748
f 5932/5286/5749 5933/5287/5750 5931/5285/5748
f 5932/5286/5749 5934/5288/5751 5933/5287/5750
f 5934/5288/5751 5935/5289/5752 5933/5287/5750
f 5935/5289/5752 5936/5290/5753 5933/5287/5750
f 5935/5289/5752 5937/5291/5754 5936/5290/5753
f 5935/5289/5752 5938/5393/5755 5937/5291/5754
f 5939/5394/5756 5940/5395/5757 5941/5396/5758
f 5940/5395/5757 5942/5397/5759 5941/5396/5758
f 5943/5398/5760 5942/5397/5759 5940/5395/5757
f 5944/5399/5761 5943/5398/5760 5940/5395/5757
f 5945/5400/5762 5942/5397/5759 5943/5398/5760
f 5946/5401/5763 5945/5400/5762 5943/5398/5760
f 5947/5402/5764 5943/5398/5760 5944/5399/5761
f 5948/5403/5765 5945/5400/5762 5946/5401/5763
f 5949/5404/5766 5947/5402/5764 5944/5399/5761
f 5950/5405/5767 5947/5402/5764 5949/5404/5766
f 5951/5406/5768 5948/5403/5765 5946/5401/5763
f 5954/5407/5769 5952/5408/5770 5953/5409/5771
f 5952/5408/5770 5954/5407/5769 5955/5410/5772
f 5956/5411/5773 5955/5410/5772 5954/5407/5769
f 5955/5410/5772 5956/5411/5773 5957/5412/5774
f 5961/5413/5775 5960/5414/5776 5959/5415/5777
f 5962/5416/5778 5960/5414/5776 5961/5413/5775
f 5962/5416/5778 5961/5413/5775 5963/5417/5779
f 5961/5413/5775 5964/5418/5780 5963/5417/5779
f 5967/5419/5781 5966/5420/5782 5965/5421/5783
f 5968/5422/5784 5966/5420/5782 5967/5419/5781
f 5969/5423/5785 5968/5422/5784 5967/5419/5781
f 5970/5424/5786 5968/5422/5784 5969/5423/5785
f 5971/5425/5787 5970/5424/5786 5969/5423/5785
f 5972/5426/5788 5974/5427/5789 5973/5428/5790
f 5973/5428/5790 5974/5427/5789 5975/5429/5791
f 5974/5427/5789 5976/5430/5792 5975/5429/5791
f 5975/5429/5791 5976/5430/5792 5977/5431/5793
f 5976/5430/5792 5978/5432/5794 5977/5431/5793
f 5981/5433/5795 5983/5434/5796 5982/5435/5797
f 5982/5435/5797 5983/5434/5796 5984/5436/5798
f 5983/5434/5796 5985/5437/5799 5984/5436/5798
f 5984/5436/5798 5985/5437/5799 5986/5438/5800
f 5989/5439/5801 5988/5440/5802 5987/5441/5803
f 5990/5442/5804 5989/5439/5801 5987/5441/5803
f 5991/5443/5805 5989/5439/5801 5990/5442/5804
f 5992/5444/5806 5989/5439/5801 5991/5443/5805
f 5993/5445/5807 5992/5444/5806 5991/5443/5805
f 5995/5446/5808 5997/5447/5809 5996/5349/5810
f 5996/5349/5810 5997/5447/5809 5998/5448/5811
f 5997/5447/5809 5999/5351/5812 5998/5448/5811
f 5998/5448/5811 5999/5351/5812 6000/5352/5813
f 5999/5351/5812 6001/5449/5814 6000/5352/5813
f 6000/5352/5813 6001/5449/5814 6002/5450/5815
f 6001/5449/5814 6003/5451/5816 6002/5450/5815
f 6002/5450/5815 6003/5451/5816 6004/5452/5817
f 6005/5453/5818 6006/5357/5819 6007/5359/5820
f 6007/5359/5820 6006/5357/5819 6008/5360/5821
f 6006/5357/5819 6009/5361/5822 6008/5360/5821
f 6008/5360/5821 6009/5361/5822 6010/5454/5823
f 6010/5454/5823 6009/5361/5822 6011/5363/5824
f 6009/5361/5822 6012/5364/5825 6011/5363/5824
f 6011/5363/5824 6012/5364/5825 6013/5365/5826
f 6012/5364/5825 6014/5366/5827 6013/5365/5826
f 6013/5365/5826 6014/5366/5827 6015/5367/5828
f 6015/5367/5828 6014/5366/5827 6016/5455/5829
f 6018/5370/5830 6019/5456/5831 6017/5371/5832
f 6017/5371/5832 6019/5456/5831 6020/5372/5833
f 6020/5372/5833 6019/5456/5831 6021/5457/5834
f 6019/5456/5831 6022/5458/5835 6021/5457/5834
f 6022/5458/5835 6023/5375/5836 6021/5457/5834
f 6021/5457/5834 6023/5375/5836 6024/5376/5837
f 6023/5375/5836 6025/5377/5838 6024/5376/5837
f 6025/5377/5838 6026/5378/5839 6024/5376/5837
f 6024/5376/5837 6026/5378/5839 6027/5379/5840
f 6026/5378/5839 6028/5380/5841 6027/5379/5840
f 6027/5379/5840 6028/5380/5841 6029/5381/5842
f 6031/5459/5843 6032/5460/5844 6030/5461/5845
f 6031/5459/5843 6033/5462/5846 6032/5460/5844
f 6033/5462/5846 6034/5463/5847 6032/5460/5844
f 6035/5464/5848 6033/5462/5846 6031/5459/5843
f 6036/5465/5849 6035/5464/5848 6031/5459/5843
f 6037/5466/5850 6039/5467/5851 6038/5468/5852
f 6038/5468/5852 6039/5467/5851 6040/5469/5853
f 6043/5470/5854 6042/5471/5855 6041/5472/5856
f 6044/5473/5857 6042/5471/5855 6043/5470/5854
f 6045/5474/5858 6044/5473/5857 6043/5470/5854
f 6044/5473/5857 6046/5475/5859 6042/5471/5855
f 6046/5475/5859 6047/5476/5860 6042/5471/5855
f 6050/5477/5861 6048/5478/5862 6049/5479/5863
f 6050/5477/5861 6049/5479/5863 6051/5480/5864
f 6054/5481/5865 6052/5482/5866 6053/5483/5867
f 6055/5484/5868 6054/5481/5865 6053/5483/5867
f 6053/5483/5867 6056/5485/5869 6055/5484/5868
f 6056/5485/5869 6057/5486/5870 6055/5484/5868
f 6058/5487/5871 6055/5484/5868 6057/5486/5870
f 6063/5488/5872 6062/5489/5873 6061/5490/5874
f 6062/5489/5873 6063/5488/5872 6064/5491/5875
f 6063/5488/5872 6065/5492/5876 6064/5491/5875
f 6066/5493/5877 6064/5491/5875 6065/5492/5876
f 6067/5494/5878 6066/5493/5877 6065/5492/5876
f 6066/5493/5877 6067/5494/5878 6068/5495/5879
f 6072/5496/5880 6073/5497/5881 6071/5498/5882
f 6073/5497/5881 6072/5496/5880 6074/5499/5883
f 6075/5500/5884 6073/5497/5881 6074/5499/5883
f 6074/5499/5883 6076/5501/5885 6075/5500/5884
f 6076/5501/5885 6077/5502/5886 6075/5500/5884
f 6077/5502/5886 6076/5501/5885 6078/5503/5887
f 6080/5504/5888 6081/5505/5889 6079/5506/5890
f 6080/5504/5888 6082/5507/5891 6081/5505/5889
f 6085/5508/5892 6084/5509/5893 6083/5510/5894
f 6086/5511/5895 6084/5509/5893 6085/5508/5892
usemtl Hair_Stencil
f 6097/5512/5896 6099/5513/5897 6098/5514/5898
f 6099/5513/5897 6100/5515/5899 6098/5514/5898
f 6099/5513/5897 6101/5516/5900 6100/5515/5899
f 6100/5515/5899 6101/5516/5900 6102/5517/5901
f 6103/5518/5902 6100/5515/5899 6102/5517/5901
f 6104/5519/5903 6103/5518/5902 6102/5517/5901
f 6104/5519/5903 6102/5517/5901 6105/5520/5904
f 6106/5521/5905 6104/5519/5903 6105/5520/5904
f 6108/5522/5906 6109/5523/5907 6107/5524/5908
f 6112/5525/5909 6110/5526/5910 6111/5527/5911
f 6114/5528/5912 6115/5529/5913 6113/5530/5914
f 6114/5528/5912 6116/5531/5915 6115/5529/5913
f 6116/5531/5915 6117/5532/5916 6115/5529/5913
f 6118/5533/5917 6120/5534/5918 6119/5535/5919
f 6118/5533/5917 6121/5536/5920 6120/5534/5918
f 6121/5536/5920 6128/5537/5921 6120/5534/5918
f 6128/5537/5921 6121/5536/5920 6122/5538/5922
f 6123/5539/5923 6122/5538/5922 6121/5536/5920
f 6124/5540/5924 6122/5538/5922 6123/5539/5923
f 6123/5539/5923 6125/5541/5925 6124/5540/5924
f 6126/5542/5926 6120/5534/5918 6127/5543/5927
f 6120/5534/5918 6128/5537/5921 6127/5543/5927
f 6129/5544/5928 6131/5545/5929 6130/5546/5930
f 6134/5547/5931 6132/5548/5932 6133/5549/5933
f 6134/5547/5931 6133/5549/5933 6135/5550/5934
f 6136/5551/5935 6137/5552/5936 6134/5547/5931
f 6134/5547/5931 6135/5550/5934 6136/5551/5935
f 6135/5550/5934 6138/5553/5937 6136/5551/5935
f 6141/5554/5938 6139/5555/5939 6140/5556/5940
f 6141/5554/5938 6140/5556/5940 6142/5557/5941
f 6145/5558/5942 6143/5559/5943 6144/5560/5944
f 6145/5558/5942 6144/5560/5944 6146/5561/5945
f 6147/5562/5946 6145/5558/5942 6146/5561/5945
f 6148/5563/5947 6150/5564/5948 6149/5565/5949
f 6153/5566/5950 6152/5567/5951 6151/5568/5952
f 6154/5569/5953 6152/5567/5951 6153/5566/5950
f 6155/5570/5954 6154/5569/5953 6153/5566/5950
f 6156/5571/5955 6154/5569/5953 6155/5570/5954
f 6157/5572/5956 6156/5571/5955 6155/5570/5954
f 6157/5572/5956 6158/5573/5957 6156/5571/5955
f 6156/5571/5955 6158/5573/5957 6159/5574/5958
f 6159/5574/5958 6158/5573/5957 6160/5575/5959
f 6162/5576/5960 6164/5577/5961 6161/5578/5962
f 6165/5579/5963 6164/5577/5961 6162/5576/5960
f 6163/5580/5964 6165/5579/5963 6162/5576/5960
f 6167/5581/5965 6168/5582/5966 6165/5579/5967
f 6169/5583/5968 6170/5584/5969 6168/5582/5970
f 6169/5583/5968 6171/5585/5971 6165/5579/5963
f 6165/5579/5963 6170/5584/5969 6169/5583/5968
f 6165/5579/5963 6171/5585/5971 6164/5577/5961
f 6174/5586/5972 6176/5587/5973 6175/5588/5974
f 6176/5587/5973 6177/5589/5975 6175/5588/5974
f 6178/5590/5976 6177/5589/5975 6176/5587/5973
f 6178/5590/5976 6176/5587/5973 6179/5591/5977
f 6178/5590/5976 6179/5591/5977 6180/5592/5978
f 6179/5591/5979 6183/5593/5980 6182/5594/5981
f 6183/5593/5980 6155/5570/5954 6182/5594/5981
f 6157/5572/5956 6155/5570/5954 6183/5593/5980
f 6192/5595/5982 6194/5596/5983 6193/5597/5984
f 6194/5596/5983 6195/5598/5985 6193/5597/5984
f 6194/5596/5983 6196/5599/5986 6195/5598/5985
f 6199/5600/5987 6196/5601/5988 6198/5602/5989
f 6199/5600/5987 6198/5602/5989 6200/5603/5990
f 6199/5600/5987 6200/5603/5990 6201/5604/5991
f 6202/5605/5992 6204/5606/5993 6203/5607/5994
f 6203/5607/5994 6204/5606/5993 6205/5608/5995
f 6204/5606/5993 6206/5609/5996 6205/5608/5995
f 6207/5610/5997 6205/5608/5995 6206/5609/5996
f 6209/5611/5998 6210/5612/5999 6208/5613/6000
f 6209/5611/5998 6211/5614/6001 6210/5612/5999
f 6211/5614/6001 6212/5615/6002 6210/5612/5999
f 6211/5614/6001 6213/5616/6003 6212/5615/6002
f 6211/5614/6001 6214/5617/6004 6213/5616/6003
f 6217/5618/6005 6215/5619/6006 6216/5620/6007
f 6217/5618/6005 6216/5620/6007 6218/5621/6008
f 6197/5622/6009 6217/5618/6005 6218/5621/6008
f 6197/5622/6009 6218/5621/6008 6196/5599/6010
f 6219/5623/6011 6220/5624/6012 6221/5625/6013
l 5331 5332
l 5347 5348
l 5364 5365
l 5386 5387
l 5465 5466
l 5525 5526
l 5595 5597
l 5659 5660
l 5820 5821
l 5958 5959
l 6087 6088
l 6091 6092
l 6190 6191
l 5337 5338
l 5382 5383
l 5399 5400
l 5457 5461
l 5472 5473
l 5512 5513
l 5570 5571
l 5592 5593
l 5993 5994
l 6060 6061
l 5343 5344
l 5360 5361
l 5479 5480
l 5461 5519
l 5461 5520
l 5540 5541
l 5595 5596
l 5806 5807
l 6095 6096
l 6172 6173
l 5333 5334
l 5349 5350
l 5449 5450
l 5500 5501
l 5545 5546
l 5592 5594
l 5618 5619
l 5979 5980
l 6069 6070
l 5339 5340
l 5374 5375
l 5434 5435
l 5392 5452
l 5477 5478
l 5616 5618
l 6089 6090
l 6093 6094
l 6163 6166
l 6184 6185
l 6188 6189
l 6221 6222
l 5345 5346
l 5362 5363
l 5366 5370
l 5381 5382
l 5421 5422
l 5473 5474
l 5511 5512
l 6059 6060
l 6186 6187
l 6223 6224
l 5335 5336
l 5351 5352
l 5398 5399
l 5403 5404
l 5370 5428
l 5370 5429
l 5553 5554
l 5636 5637
l 5807 5808
l 6070 6071
l 5341 5342
l 5451 5452
l 5539 5540
l 5551 5553
l 5658 5659
l 5785 5786
l 5980 5981
l 6180 6181
o HairShadow
v -0.000301 0.015787 0.000255
v -0.000156 0.015795 0.000279
v -0.000229 0.015505 0.000377
v -0.000506 0.015405 0.000377
v -0.000295 0.015302 0.000473
v -0.000460 0.015022 0.000475
v -0.000670 0.014858 0.000385
v -0.000691 0.014500 0.000252
v -0.000655 0.014579 0.000291
v -0.000683 0.014510 0.000257
v -0.000655 0.014579 0.000291
v -0.000623 0.014658 0.000329
v -0.000624 0.014655 0.000327
v -0.000543 0.014839 0.000408
v -0.000549 0.014839 0.000415
v -0.000427 0.015071 0.000467
v -0.000299 0.015310 0.000466
v -0.000248 0.015437 0.000411
v -0.000235 0.015522 0.000383
v -0.000160 0.015786 0.000270
v -0.000214 0.015628 0.000353
v 0.000585 0.014688 0.000475
v 0.000360 0.014835 0.000572
v 0.000392 0.014896 0.000575
v 0.000150 0.015150 0.000541
v 0.000289 0.015086 0.000515
v 0.000659 0.015260 0.000412
v 0.000779 0.014537 0.000235
v 0.000056 0.015801 0.000258
v 0.000401 0.015801 0.000200
v 0.000253 0.014267 0.000474
v 0.000176 0.014365 0.000512
v 0.000038 0.014427 0.000528
v 0.000268 0.014294 0.000481
v 0.000168 0.014597 0.000572
v 0.000154 0.014964 0.000599
v -0.000246 0.014795 0.000580
v -0.000029 0.014441 0.000543
v -0.000333 0.015227 0.000525
v -0.000314 0.015542 0.000377
v 0.000151 0.015571 0.000387
v -0.000246 0.015787 0.000258
v 0.000119 0.015826 0.000270
vn -0.1636 0.4176 0.8938
vn -0.1615 0.3476 0.9236
vn -0.1511 0.3597 0.9207
vn -0.2587 0.3335 0.9065
vn -0.2995 0.3872 0.8720
vn -0.4168 0.1089 0.9024
vn -0.2306 -0.2406 0.9428
vn -0.1313 -0.3023 0.9441
vn 0.2603 -0.1791 0.9488
vn 0.0489 0.0127 0.9987
vn 0.2186 -0.1425 0.9653
vn 0.2045 0.3162 0.9264
vn 0.2878 0.2278 0.9302
vn 0.2509 0.1492 0.9564
vn 0.3436 -0.1684 0.9239
vn 0.1592 0.4130 0.8967
vn 0.1329 0.4353 0.8904
vn 0.0113 -0.3141 0.9493
vn 0.0136 -0.1868 0.9823
vn -0.0955 -0.4200 0.9025
vn -0.0321 -0.1679 0.9853
vn 0.1317 -0.2248 0.9655
vn -0.0471 -0.0034 0.9989
vn -0.0263 0.1211 0.9923
vn 0.2206 0.0395 0.9746
vn -0.0245 0.2947 0.9553
vn -0.0138 0.3916 0.9200
vn -0.0570 0.4299 0.9011
vn -0.0550 0.4277 0.9022
vn -0.0776 0.4407 0.8943
vt 0.238159 0.724211
vt 0.246829 0.898965
vt 0.165578 0.880114
vt 0.104479 0.624195
vt 0.246626 0.605692
vt 0.223722 0.421064
vt 0.127201 0.286699
vt 0.157039 0.063077
vt 0.787605 0.142076
vt 0.721169 0.293904
vt 0.694153 0.267804
vt 0.644472 0.468430
vt 0.704082 0.416180
vt 0.924391 0.454413
vt 0.913231 0.034301
vt 0.711195 0.864044
vt 0.898835 0.807897
vt 0.560319 0.076339
vt 0.480263 0.120885
vt 0.599632 0.009513
vt 0.574241 0.217412
vt 0.609891 0.024538
vt 0.343049 0.360953
vt 0.547887 0.483070
vt 0.444144 0.137063
vt 0.320868 0.585945
vt 0.607570 0.815893
vt 0.336631 0.822642
vt 0.602464 0.975335
vt 0.386117 0.981656
s 1
usemtl Hair_Shadow_1
f 6227/5626/6014 6226/5627/6015 6225/5628/6016
f 6225/5628/6016 6228/5629/6017 6227/5626/6014
f 6227/5626/6014 6228/5629/6017 6229/5630/6018
f 6229/5630/6018 6228/5629/6017 6230/5631/6019
f 6228/5629/6017 6231/5632/6020 6230/5631/6019
f 6232/5633/6021 6230/5631/6019 6231/5632/6020
f 6246/5634/6022 6248/5635/6023 6247/5636/6024
f 6247/5636/6024 6248/5635/6023 6249/5637/6025
f 6248/5635/6023 6250/5638/6026 6249/5637/6025
f 6249/5637/6025 6250/5638/6026 6251/5639/6027
f 6251/5639/6027 6250/5638/6026 6252/5640/6028
f 6253/5641/6029 6249/5637/6025 6251/5639/6027
f 6254/5642/6030 6253/5641/6029 6251/5639/6027
f 6256/5643/6031 6257/5644/6032 6255/5645/6033
f 6259/5646/6034 6257/5644/6032 6256/5643/6031
f 6259/5646/6034 6256/5643/6031 6258/5647/6035
f 6259/5646/6034 6261/5648/6036 6257/5644/6032
f 6261/5648/6036 6259/5646/6034 6260/5649/6037
f 6261/5648/6036 6262/5650/6038 6257/5644/6032
f 6261/5648/6036 6260/5649/6037 6263/5651/6039
f 6260/5649/6037 6265/5652/6040 6263/5651/6039
f 6264/5653/6041 6263/5651/6039 6267/5654/6042
f 6267/5654/6042 6263/5651/6039 6265/5652/6040
f 6266/5655/6043 6264/5653/6041 6267/5654/6042
l 6233 6234
l 6235 6236
l 6237 6238
l 6239 6240
l 6241 6242
l 6242 6243
l 6244 6245
